y_true,y_pred,proba_sceptic
activist,activist,0.0023322338
sceptic,activist,0.45291966
sceptic,sceptic,0.96691406
sceptic,sceptic,0.9995141
sceptic,activist,0.13534632
activist,activist,0.0014381354
activist,activist,0.0773781
activist,activist,0.00026221233
sceptic,sceptic,0.97085404
activist,activist,0.0005517006
sceptic,sceptic,0.9484895
activist,activist,0.00027479266
sceptic,sceptic,0.9891606
sceptic,sceptic,0.99988985
activist,activist,0.00023597175
sceptic,sceptic,0.909907
activist,activist,0.001092319
activist,activist,0.17016296
activist,activist,0.0005527786
sceptic,sceptic,0.9998771
activist,activist,0.0009811718
activist,activist,0.012771868
sceptic,sceptic,0.9998827
activist,activist,0.36364692
sceptic,sceptic,0.9992778
activist,activist,0.0017173839
activist,activist,0.0002726548
activist,activist,0.0011695102
sceptic,sceptic,0.99637127
sceptic,sceptic,0.90000373
sceptic,activist,0.43949172
activist,activist,0.0012868157
activist,activist,0.0005714301
activist,activist,0.009994227
activist,activist,0.008348054
activist,activist,0.00581996
activist,activist,0.0026061658
activist,activist,0.00037409563
sceptic,sceptic,0.99988544
activist,activist,0.0006628098
sceptic,sceptic,0.80448276
sceptic,sceptic,0.75477946
activist,activist,0.13747455
sceptic,sceptic,0.9970822
activist,activist,0.01949387
sceptic,sceptic,0.99983525
sceptic,sceptic,0.99545276
sceptic,activist,0.083441176
sceptic,sceptic,0.64581823
activist,activist,0.023779985
activist,activist,0.00109019
sceptic,sceptic,0.9965301
sceptic,sceptic,0.99886864
activist,activist,0.42790464
sceptic,sceptic,0.99962735
sceptic,sceptic,0.9998623
sceptic,sceptic,0.99983907
sceptic,sceptic,0.9985506
activist,activist,0.01046884
sceptic,sceptic,0.9539232
activist,activist,0.00031750882
sceptic,sceptic,0.99985397
sceptic,sceptic,0.9998574
sceptic,sceptic,0.83433944
sceptic,sceptic,0.88778967
activist,sceptic,0.644337
sceptic,sceptic,0.9891816
sceptic,sceptic,0.9860443
activist,activist,0.00037629314
sceptic,sceptic,0.99986017
activist,activist,0.00066410477
activist,activist,0.021287354
activist,activist,0.0021827165
sceptic,sceptic,0.994089
activist,activist,0.0010362669
sceptic,sceptic,0.99219924
activist,activist,0.16165082
sceptic,sceptic,0.9999043
activist,activist,0.0003433
activist,activist,0.0005305765
sceptic,sceptic,0.95857656
activist,activist,0.0005953407
sceptic,activist,0.10118906
activist,activist,0.016882466
sceptic,sceptic,0.9990264
sceptic,sceptic,0.99568534
activist,activist,0.06554499
sceptic,sceptic,0.64349735
sceptic,sceptic,0.9988991
activist,activist,0.0013939502
activist,activist,0.00024826112
sceptic,sceptic,0.9629179
activist,activist,0.021267017
activist,activist,0.0011649561
sceptic,sceptic,0.999134
sceptic,sceptic,0.999892
sceptic,sceptic,0.99981266
sceptic,activist,0.02096424
sceptic,sceptic,0.9520419
activist,activist,0.00045741905
activist,activist,0.0123361
sceptic,sceptic,0.9913054
activist,activist,0.002238721
activist,activist,0.00818791
sceptic,sceptic,0.99988854
activist,sceptic,0.5196737
sceptic,sceptic,0.9998752
sceptic,sceptic,0.99984396
sceptic,sceptic,0.7565375
activist,activist,0.0030160663
activist,activist,0.0008744718
activist,activist,0.0006386796
sceptic,sceptic,0.9704367
sceptic,sceptic,0.9990508
sceptic,sceptic,0.9904406
activist,activist,0.0003792433
activist,activist,0.0005692035
sceptic,sceptic,0.97664696
sceptic,sceptic,0.66974485
sceptic,sceptic,0.9998809
activist,activist,0.30704623
sceptic,sceptic,0.98557997
sceptic,activist,0.005533388
activist,activist,0.00045297577
activist,activist,0.052134257
activist,activist,0.00079162966
activist,activist,0.00044335198
sceptic,sceptic,0.9921841
sceptic,sceptic,0.9998074
sceptic,sceptic,0.9997775
activist,activist,0.124213
sceptic,sceptic,0.9998287
activist,activist,0.00043139848
activist,activist,0.0021157034
sceptic,sceptic,0.9998634
sceptic,activist,0.033117235
activist,activist,0.0017007225
activist,activist,0.0058996035
activist,activist,0.00031999827
sceptic,sceptic,0.9998822
activist,activist,0.0005714301
activist,activist,0.0016009645
sceptic,sceptic,0.98922324
sceptic,sceptic,0.9988991
activist,activist,0.0006745559
sceptic,sceptic,0.96805066
activist,activist,0.33323196
activist,activist,0.0009888597
activist,activist,0.0010628869
activist,activist,0.010860332
activist,activist,0.005060332
activist,activist,0.0005162725
activist,activist,0.0015487612
activist,activist,0.0012693644
sceptic,activist,0.4343263
activist,activist,0.11961367
sceptic,sceptic,0.9995939
sceptic,sceptic,0.98672616
activist,activist,0.00073936116
sceptic,sceptic,0.9890343
activist,activist,0.10989668
activist,activist,0.0005861161
sceptic,sceptic,0.9994407
activist,activist,0.026506124
sceptic,sceptic,0.9998845
activist,activist,0.0010103129
sceptic,sceptic,0.9983125
activist,activist,0.00055711175
sceptic,sceptic,0.99941504
sceptic,sceptic,0.98835784
activist,activist,0.00031319875
sceptic,sceptic,0.9978258
activist,activist,0.00027053355
sceptic,sceptic,0.999723
sceptic,sceptic,0.9480103
activist,activist,0.004425152
sceptic,sceptic,0.99394965
sceptic,sceptic,0.8726732
sceptic,sceptic,0.9186994
sceptic,sceptic,0.9906961
activist,activist,0.00030594572
activist,activist,0.01384861
sceptic,sceptic,0.97316426
activist,activist,0.0019494022
sceptic,sceptic,0.9996259
sceptic,sceptic,0.9991928
activist,activist,0.002688672
sceptic,activist,0.42119467
sceptic,sceptic,0.9793738
activist,activist,0.033907957
activist,activist,0.0013912341
activist,activist,0.30172196
sceptic,sceptic,0.98319834
activist,activist,0.00026530237
activist,activist,0.2600135
sceptic,sceptic,0.8529355
activist,activist,0.102664
activist,activist,0.0026834398
sceptic,sceptic,0.83999664
activist,activist,0.06928941
sceptic,sceptic,0.9320215
sceptic,sceptic,0.96028674
activist,activist,0.0006487309
activist,sceptic,0.9962346
sceptic,sceptic,0.94417685
activist,activist,0.00034531672
sceptic,sceptic,0.997783
sceptic,sceptic,0.99856746
activist,activist,0.0043653254
activist,activist,0.0004076526
activist,activist,0.0006719279
activist,activist,0.0011469158
sceptic,sceptic,0.6259527
sceptic,sceptic,0.78588426
sceptic,sceptic,0.9982212
activist,activist,0.0010838277
activist,activist,0.002225671
sceptic,sceptic,0.9906961
activist,sceptic,0.9239362
sceptic,sceptic,0.9998629
activist,activist,0.0048109824
sceptic,sceptic,0.9998727
activist,activist,0.005119676
activist,activist,0.0026419468
activist,activist,0.00045474793
sceptic,activist,0.047602657
sceptic,sceptic,0.9940428
sceptic,sceptic,0.9998863
sceptic,sceptic,0.9998766
sceptic,sceptic,0.818011
sceptic,sceptic,0.9964342
sceptic,sceptic,0.7132818
activist,activist,0.07978202
activist,activist,0.0075479234
sceptic,activist,0.052521672
sceptic,sceptic,0.98662347
activist,sceptic,0.9841546
sceptic,sceptic,0.999529
activist,activist,0.0004339325
activist,activist,0.00026221233
activist,activist,0.0004100472
activist,activist,0.0033179715
activist,activist,0.0007495314
sceptic,sceptic,0.99986815
sceptic,sceptic,0.81691813
activist,activist,0.0003487043
activist,activist,0.00028351307
activist,activist,0.00030594572
activist,activist,0.00046734812
sceptic,sceptic,0.9905691
activist,sceptic,0.8344069
activist,activist,0.17688479
sceptic,activist,0.034749623
sceptic,sceptic,0.99988675
sceptic,sceptic,0.60207623
activist,activist,0.000461005
sceptic,sceptic,0.9998722
activist,activist,0.0013224405
activist,activist,0.0020150824
activist,activist,0.0007839425
activist,activist,0.00061662967
sceptic,sceptic,0.999894
sceptic,sceptic,0.99987805
sceptic,sceptic,0.9998771
sceptic,sceptic,0.99861693
activist,activist,0.00032886598
sceptic,sceptic,0.9740673
activist,activist,0.0020111583
sceptic,sceptic,0.5671277
sceptic,sceptic,0.9981578
sceptic,sceptic,0.97316426
activist,activist,0.0059340666
sceptic,sceptic,0.6622779
activist,activist,0.0009004467
sceptic,sceptic,0.9993268
activist,activist,0.0017409837
activist,activist,0.0035796429
activist,activist,0.00083935994
activist,activist,0.0022694687
sceptic,sceptic,0.9984988
activist,activist,0.00028021095
activist,activist,0.0065642493
sceptic,sceptic,0.97673583
activist,activist,0.01096574
activist,activist,0.00028685408
sceptic,sceptic,0.9959771
sceptic,sceptic,0.9896318
sceptic,sceptic,0.98803884
activist,activist,0.335623
sceptic,sceptic,0.99988985
activist,activist,0.00040685752
activist,activist,0.19368058
sceptic,sceptic,0.5654862
activist,activist,0.00026426834
activist,activist,0.0006918906
activist,activist,0.000506292
activist,activist,0.0005838325
activist,activist,0.002195515
sceptic,sceptic,0.996271
activist,activist,0.4380939
sceptic,activist,0.4796027
sceptic,sceptic,0.8507789
sceptic,sceptic,0.99986756
sceptic,sceptic,0.99490017
sceptic,activist,0.25636628
activist,activist,0.0064131636
sceptic,sceptic,0.9998596
activist,activist,0.03807084
activist,activist,0.028490044
sceptic,sceptic,0.99988365
activist,activist,0.0006411777
activist,activist,0.0036358088
activist,activist,0.010860332
sceptic,sceptic,0.8559716
activist,activist,0.001016244
activist,activist,0.00039977106
sceptic,sceptic,0.9995479
activist,activist,0.053009775
sceptic,sceptic,0.99864894
sceptic,sceptic,0.99262565
sceptic,sceptic,0.98704207
sceptic,sceptic,0.7300975
activist,sceptic,0.8418907
activist,activist,0.0005132578
activist,sceptic,0.79549927
sceptic,sceptic,0.99983203
sceptic,sceptic,0.97856975
sceptic,sceptic,0.9973218
sceptic,sceptic,0.99187535
activist,activist,0.0011925492
sceptic,sceptic,0.9653158
activist,activist,0.0021742254
activist,activist,0.011664719
sceptic,sceptic,0.9969187
sceptic,sceptic,0.99988043
activist,activist,0.000390514
sceptic,activist,0.13056232
activist,activist,0.00027053355
sceptic,sceptic,0.9994887
activist,activist,0.00072365726
activist,activist,0.0004812358
activist,activist,0.0021657674
activist,activist,0.087641895
activist,sceptic,0.5601624
sceptic,sceptic,0.98886347
sceptic,sceptic,0.9979966
activist,activist,0.002225671
sceptic,activist,0.0069982093
sceptic,activist,0.13747455
activist,activist,0.00038446192
activist,activist,0.010986943
activist,sceptic,0.8817677
sceptic,sceptic,0.99949765
sceptic,sceptic,0.99986863
activist,sceptic,0.64271283
activist,activist,0.0016581542
activist,activist,0.016434573
sceptic,sceptic,0.7302418
sceptic,sceptic,0.9998889
activist,sceptic,0.9043975
sceptic,sceptic,0.9998568
sceptic,sceptic,0.99988544
activist,activist,0.0027044294
sceptic,activist,0.10484337
activist,activist,0.00032250723
activist,activist,0.008015269
activist,activist,0.0020667946
activist,activist,0.0009773503
sceptic,sceptic,0.98617804
activist,activist,0.0057525453
activist,activist,0.0017649074
sceptic,sceptic,0.9998702
sceptic,sceptic,0.99989283
sceptic,sceptic,0.98862445
sceptic,sceptic,0.9998915
activist,activist,0.0018494504
activist,activist,0.00076281314
sceptic,sceptic,0.9998845
activist,activist,0.0017040416
activist,sceptic,0.5457245
sceptic,sceptic,0.99988496
activist,sceptic,0.52240396
sceptic,sceptic,0.98607117
sceptic,sceptic,0.9998845
activist,activist,0.0048109824
activist,activist,0.005876738
activist,activist,0.00071662973
activist,activist,0.0010103129
activist,activist,0.00032567108
sceptic,sceptic,0.98050606
sceptic,sceptic,0.9998957
activist,activist,0.00027694734
activist,activist,0.00619299
sceptic,sceptic,0.72598875
sceptic,sceptic,0.9049869
sceptic,sceptic,0.99984884
activist,activist,0.000872767
activist,activist,0.015936993
sceptic,sceptic,0.9248914
activist,activist,0.3395812
activist,activist,0.0018748618
sceptic,sceptic,0.99740905
activist,activist,0.23850584
activist,activist,0.0021447653
sceptic,sceptic,0.9998771
sceptic,sceptic,0.9549844
activist,activist,0.43021467
activist,activist,0.011375601
sceptic,sceptic,0.9923638
sceptic,sceptic,0.96395
activist,activist,0.0011763748
activist,activist,0.00039204178
activist,activist,0.0006436856
sceptic,sceptic,0.94728357
sceptic,sceptic,0.99984026
sceptic,sceptic,0.9519527
activist,activist,0.0013121625
sceptic,sceptic,0.9219218
sceptic,sceptic,0.9882902
sceptic,sceptic,0.9822196
sceptic,sceptic,0.86669767
activist,activist,0.00033404317
sceptic,sceptic,0.99988174
activist,activist,0.0010044163
activist,activist,0.0012668908
sceptic,sceptic,0.99911004
sceptic,sceptic,0.8356178
sceptic,sceptic,0.9337335
sceptic,sceptic,0.985129
activist,activist,0.10706346
activist,activist,0.00047101182
activist,activist,0.017309094
sceptic,sceptic,0.9838472
activist,sceptic,0.87370056
sceptic,sceptic,0.9706322
activist,activist,0.0009092752
sceptic,sceptic,0.77304506
sceptic,sceptic,0.9418149
activist,sceptic,0.72710437
activist,sceptic,0.8367548
sceptic,sceptic,0.9908035
activist,activist,0.24944724
sceptic,sceptic,0.93880075
activist,activist,0.00060589175
sceptic,sceptic,0.99469805
activist,sceptic,0.9582261
activist,activist,0.0020467502
sceptic,sceptic,0.98735064
sceptic,sceptic,0.9939964
activist,activist,0.0021912407
activist,activist,0.003607617
activist,activist,0.0014550629
activist,activist,0.002396731
activist,sceptic,0.9712657
activist,activist,0.0005736653
sceptic,sceptic,0.99965334
sceptic,sceptic,0.9989034
sceptic,sceptic,0.99744415
sceptic,sceptic,0.9998989
sceptic,sceptic,0.9947187
activist,activist,0.00036757955
activist,activist,0.001092319
sceptic,sceptic,0.89606965
sceptic,sceptic,0.99987113
activist,activist,0.00037263767
activist,activist,0.0005953407
sceptic,sceptic,0.5194451
activist,activist,0.17314835
activist,activist,0.46892738
sceptic,sceptic,0.99853635
activist,activist,0.054752033
activist,sceptic,0.5998368
sceptic,sceptic,0.99988174
sceptic,sceptic,0.99986553
sceptic,sceptic,0.99985456
sceptic,sceptic,0.98582757
sceptic,sceptic,0.83867973
sceptic,sceptic,0.9998907
activist,activist,0.0049725967
sceptic,sceptic,0.9992175
activist,activist,0.0034902103
sceptic,sceptic,0.8716389
sceptic,sceptic,0.97517824
activist,activist,0.0123361
sceptic,sceptic,0.9999039
sceptic,sceptic,0.9998727
activist,activist,0.1877276
sceptic,sceptic,0.9969126
activist,activist,0.0019916527
activist,activist,0.0005305765
activist,activist,0.0029984983
activist,activist,0.008728267
sceptic,sceptic,0.6954932
activist,activist,0.27649516
activist,activist,0.34427807
sceptic,sceptic,0.9944666
activist,activist,0.0022650503
activist,activist,0.0986857
activist,activist,0.21329524
sceptic,sceptic,0.7595823
activist,activist,0.00037850367
sceptic,sceptic,0.9977787
sceptic,sceptic,0.9795114
sceptic,sceptic,0.99924314
activist,activist,0.00049650425
activist,activist,0.00093263603
activist,activist,0.29844025
sceptic,sceptic,0.5331658
sceptic,sceptic,0.999894
sceptic,sceptic,0.99291986
activist,activist,0.0007279067
sceptic,sceptic,0.99903023
activist,sceptic,0.78604853
sceptic,sceptic,0.9995122
activist,activist,0.014728613
sceptic,sceptic,0.9874479
sceptic,sceptic,0.6545636
activist,activist,0.0004897656
activist,activist,0.0058426056
activist,activist,0.0005582003
sceptic,sceptic,0.9968458
activist,activist,0.11323593
activist,activist,0.0004044815
sceptic,sceptic,0.9956006
activist,activist,0.0025708678
activist,activist,0.03687337
activist,activist,0.04260254
sceptic,sceptic,0.9998872
sceptic,sceptic,0.9831822
sceptic,sceptic,0.9998198
activist,activist,0.00040290525
sceptic,sceptic,0.70084363
sceptic,sceptic,0.99986017
sceptic,sceptic,0.79952055
activist,activist,0.062103122
activist,activist,0.015543648
activist,activist,0.001827943
activist,activist,0.0004955359
sceptic,sceptic,0.9998579
sceptic,sceptic,0.9990508
sceptic,sceptic,0.9979372
sceptic,sceptic,0.99790895
sceptic,sceptic,0.9812029
sceptic,sceptic,0.9915216
sceptic,sceptic,0.9784466
sceptic,sceptic,0.5297804
activist,sceptic,0.976513
activist,activist,0.0033179715
sceptic,sceptic,0.5371628
activist,sceptic,0.9531008
sceptic,sceptic,0.99983263
sceptic,sceptic,0.8354164
activist,activist,0.0006602275
sceptic,activist,0.21942112
sceptic,sceptic,0.99987996
sceptic,sceptic,0.77424216
activist,activist,0.04681203
sceptic,activist,0.022650808
activist,activist,0.0003263076
activist,activist,0.008711384
activist,activist,0.0016549241
sceptic,activist,0.15597628
sceptic,activist,0.48718542
sceptic,sceptic,0.9998907
sceptic,sceptic,0.97796774
activist,activist,0.00041894842
activist,activist,0.044265877
activist,sceptic,0.8179383
sceptic,sceptic,0.9943031
sceptic,sceptic,0.99989283
sceptic,sceptic,0.9998293
activist,activist,0.0007839425
activist,activist,0.009376237
sceptic,sceptic,0.99987805
sceptic,sceptic,0.94433105
activist,activist,0.0012497094
sceptic,sceptic,0.9956176
activist,activist,0.004248079
sceptic,sceptic,0.9993436
activist,activist,0.0008409995
sceptic,sceptic,0.99988985
sceptic,sceptic,0.9998872
activist,activist,0.0068771075
sceptic,activist,0.077030234
sceptic,sceptic,0.99962735
sceptic,sceptic,0.9919224
activist,activist,0.0025114634
sceptic,sceptic,0.6572085
activist,activist,0.020196635
sceptic,sceptic,0.9184071
activist,activist,0.0016581542
sceptic,sceptic,0.9003109
sceptic,sceptic,0.9604354
activist,activist,0.3596171
activist,activist,0.0006263342
sceptic,sceptic,0.921499
sceptic,sceptic,0.6729768
activist,activist,0.17412922
sceptic,sceptic,0.9964204
activist,activist,0.0023413405
activist,activist,0.0026626128
activist,activist,0.018564347
sceptic,sceptic,0.9040592
activist,activist,0.0065515246
activist,activist,0.0015700475
activist,activist,0.015603535
sceptic,sceptic,0.8534859
activist,activist,0.0012231792
activist,activist,0.00029480358
activist,activist,0.0042069694
activist,activist,0.24490437
activist,activist,0.012673735
sceptic,sceptic,0.9986646
activist,activist,0.008156249
activist,activist,0.00056588
activist,activist,0.002434382
sceptic,sceptic,0.915356
activist,sceptic,0.6226601
activist,activist,0.006097562
sceptic,sceptic,0.9912209
activist,activist,0.002631674
sceptic,sceptic,0.98866826
sceptic,sceptic,0.9838472
activist,activist,0.044973567
sceptic,sceptic,0.9998574
activist,activist,0.00037409563
sceptic,sceptic,0.9747251
activist,activist,0.00027694734
sceptic,sceptic,0.9985814
activist,activist,0.00058955856
activist,sceptic,0.6599533
activist,activist,0.003436286
activist,activist,0.0007041515
sceptic,sceptic,0.9966234
sceptic,sceptic,0.9970879
sceptic,sceptic,0.99318933
activist,activist,0.00036686257
sceptic,sceptic,0.99988544
sceptic,sceptic,0.9998907
sceptic,sceptic,0.99273914
activist,sceptic,0.983343
activist,activist,0.0003089472
activist,activist,0.00036047245
sceptic,sceptic,0.9998741
sceptic,activist,0.04556445
sceptic,activist,0.0066153933
activist,activist,0.023939194
sceptic,sceptic,0.9998727
sceptic,sceptic,0.84959716
sceptic,sceptic,0.9987453
sceptic,sceptic,0.9784466
activist,activist,0.013402404
activist,activist,0.009055264
activist,activist,0.0006550929
sceptic,sceptic,0.93558234
activist,activist,0.00033015275
sceptic,sceptic,0.9364014
activist,activist,0.00027372167
activist,activist,0.00028685408
activist,activist,0.061875988
activist,activist,0.0022474632
activist,activist,0.09065495
sceptic,sceptic,0.99988675
activist,activist,0.20713452
activist,activist,0.0005305765
sceptic,sceptic,0.5389756
activist,activist,0.0010525686
activist,activist,0.00025514138
activist,activist,0.0006745559
sceptic,sceptic,0.99605453
activist,activist,0.0012399962
activist,activist,0.00032125026
activist,activist,0.0029579026
sceptic,sceptic,0.999884
sceptic,sceptic,0.99986815
sceptic,sceptic,0.99751294
sceptic,sceptic,0.99986756
activist,activist,0.00043139848
sceptic,sceptic,0.9997439
activist,activist,0.002282775
activist,activist,0.00046280847
activist,activist,0.12315456
sceptic,sceptic,0.99693656
sceptic,sceptic,0.9948803
activist,activist,0.00065254065
sceptic,sceptic,0.99851626
sceptic,sceptic,0.9990564
activist,activist,0.017292492
sceptic,sceptic,0.9956937
activist,sceptic,0.649912
sceptic,sceptic,0.6041216
sceptic,sceptic,0.97838473
activist,activist,0.0030278352
sceptic,sceptic,0.9998845
sceptic,sceptic,0.884489
sceptic,activist,0.023621807
activist,activist,0.24265401
activist,activist,0.2697582
sceptic,sceptic,0.9549844
sceptic,sceptic,0.99984646
sceptic,sceptic,0.990329
activist,activist,0.060863446
activist,activist,0.014199681
sceptic,activist,0.22746934
sceptic,sceptic,0.9841546
sceptic,sceptic,0.94781744
activist,activist,0.0014409429
sceptic,sceptic,0.97678024
sceptic,sceptic,0.9995141
sceptic,sceptic,0.9998666
activist,activist,0.008577485
sceptic,sceptic,0.99983776
sceptic,sceptic,0.99946636
sceptic,activist,0.037892424
sceptic,sceptic,0.6317079
activist,activist,0.003503823
activist,activist,0.00024536948
activist,activist,0.0062170783
activist,activist,0.010091315
sceptic,sceptic,0.9480103
activist,sceptic,0.5675097
sceptic,sceptic,0.8896248
sceptic,sceptic,0.9998568
activist,activist,0.012123755
sceptic,sceptic,0.9859093
sceptic,sceptic,0.9985335
activist,activist,0.008348054
sceptic,sceptic,0.96329963
activist,activist,0.00034599163
activist,activist,0.0002908017
sceptic,sceptic,0.9990508
activist,activist,0.007710576
activist,activist,0.002895214
activist,activist,0.008796122
activist,activist,0.068912506
sceptic,sceptic,0.9998915
activist,activist,0.3724767
activist,activist,0.023984876
sceptic,sceptic,0.96203625
activist,activist,0.003692853
sceptic,sceptic,0.99987364
sceptic,sceptic,0.99987173
activist,activist,0.012053779
sceptic,sceptic,0.89358836
activist,activist,0.002019014
activist,activist,0.00074370287
sceptic,sceptic,0.99862766
activist,activist,0.0012113065
sceptic,sceptic,0.9952448
activist,activist,0.37736857
sceptic,sceptic,0.9246196
sceptic,sceptic,0.99666256
activist,activist,0.005060332
activist,activist,0.027927876
sceptic,sceptic,0.999866
sceptic,sceptic,0.9945095
activist,activist,0.00048217614
activist,activist,0.016482
activist,sceptic,0.77814394
activist,activist,0.01533582
activist,activist,0.000543152
activist,activist,0.00038446192
activist,activist,0.0068904604
activist,activist,0.00035006859
sceptic,sceptic,0.9976859
sceptic,sceptic,0.9997565
activist,activist,0.0015247865
sceptic,sceptic,0.72749174
activist,activist,0.12517227
activist,activist,0.0007672925
activist,activist,0.023308527
sceptic,sceptic,0.62940454
activist,activist,0.01524759
activist,activist,0.000603531
sceptic,sceptic,0.9965436
activist,activist,0.00034062934
sceptic,sceptic,0.9998702
sceptic,sceptic,0.99344844
activist,activist,0.0010242065
sceptic,sceptic,0.9998822
activist,activist,0.0005305765
sceptic,sceptic,0.99988985
sceptic,sceptic,0.9205043
sceptic,sceptic,0.95400894
sceptic,sceptic,0.99988854
sceptic,sceptic,0.9899671
sceptic,sceptic,0.9998894
activist,activist,0.0014982575
sceptic,sceptic,0.9998795
sceptic,activist,0.0072749583
activist,activist,0.0005172813
activist,activist,0.0008525667
activist,activist,0.38818306
sceptic,sceptic,0.9958901
sceptic,sceptic,0.9901782
activist,activist,0.23414387
sceptic,sceptic,0.99740905
activist,activist,0.0026112476
sceptic,sceptic,0.9924374
sceptic,sceptic,0.81604016
activist,activist,0.0015457438
activist,activist,0.03708202
sceptic,sceptic,0.99988854
sceptic,activist,0.09999631
activist,sceptic,0.9003109
sceptic,sceptic,0.99988043
activist,activist,0.035244323
sceptic,sceptic,0.79716235
activist,activist,0.00045741905
activist,activist,0.0003360055
sceptic,sceptic,0.8369547
activist,activist,0.0013617034
sceptic,sceptic,0.9958418
activist,activist,0.0018858586
activist,activist,0.006205023
sceptic,sceptic,0.99988174
sceptic,sceptic,0.7734731
activist,activist,0.2719762
activist,activist,0.0027469008
sceptic,sceptic,0.9987649
activist,activist,0.0005213363
sceptic,sceptic,0.99988806
activist,activist,0.0005759093
sceptic,sceptic,0.9973374
sceptic,sceptic,0.9979007
activist,activist,0.005576545
sceptic,sceptic,0.69616497
activist,activist,0.00045563653
activist,activist,0.00064999826
activist,activist,0.0030101987
sceptic,sceptic,0.91352236
sceptic,sceptic,0.9986904
activist,activist,0.0007702932
activist,activist,0.016434573
activist,sceptic,0.8310745
activist,activist,0.0005305765
sceptic,sceptic,0.9719925
sceptic,sceptic,0.9998568
sceptic,sceptic,0.9049869
activist,activist,0.00083446025
sceptic,sceptic,0.51687175
activist,activist,0.0005132578
sceptic,sceptic,0.9959771
sceptic,sceptic,0.99988675
activist,activist,0.043772742
activist,activist,0.0043230867
activist,activist,0.0072890776
sceptic,sceptic,0.9898303
sceptic,sceptic,0.9992931
sceptic,sceptic,0.5171461
activist,activist,0.00037555918
activist,activist,0.0006436856
activist,activist,0.0005033356
activist,activist,0.00038446192
sceptic,activist,0.13863662
activist,activist,0.0031115084
sceptic,sceptic,0.8352149
activist,activist,0.004348382
sceptic,sceptic,0.99986815
activist,activist,0.0046545975
activist,activist,0.0013696945
sceptic,sceptic,0.9998771
sceptic,sceptic,0.7081621
sceptic,sceptic,0.9998517
sceptic,sceptic,0.99806195
activist,activist,0.0006023541
sceptic,sceptic,0.9447403
activist,activist,0.003937739
activist,activist,0.0009584648
sceptic,activist,0.10293422
sceptic,sceptic,0.99989367
activist,activist,0.08834723
sceptic,sceptic,0.99456257
sceptic,sceptic,0.69378424
activist,activist,0.0026112476
activist,activist,0.016434573
activist,activist,0.0004036926
activist,activist,0.0011559008
sceptic,sceptic,0.99549675
activist,activist,0.00043139848
sceptic,sceptic,0.96805066
activist,activist,0.00063992746
sceptic,sceptic,0.9374402
activist,activist,0.00033732018
sceptic,sceptic,0.98685336
activist,activist,0.0015247865
sceptic,sceptic,0.76410043
activist,activist,0.0025509126
sceptic,sceptic,0.9998889
sceptic,sceptic,0.99989843
sceptic,sceptic,0.9020933
activist,activist,0.004433765
sceptic,sceptic,0.99983966
activist,activist,0.01189205
sceptic,sceptic,0.99898773
activist,activist,0.00039821307
sceptic,sceptic,0.9993625
activist,activist,0.00042388475
activist,activist,0.0013354007
sceptic,sceptic,0.9774785
sceptic,sceptic,0.99984026
activist,activist,0.0003777654
sceptic,sceptic,0.56113964
sceptic,activist,0.44312215
activist,activist,0.0073173973
activist,activist,0.0017821962
activist,activist,0.0007279067
activist,activist,0.001261958
sceptic,sceptic,0.99987173
sceptic,sceptic,0.6171954
activist,activist,0.0010525686
activist,activist,0.01949387
activist,activist,0.028870907
sceptic,sceptic,0.99939644
activist,activist,0.00048785715
activist,activist,0.001133569
activist,activist,0.16586316
activist,activist,0.00065765524
sceptic,activist,0.012920473
sceptic,sceptic,0.999892
activist,activist,0.0003138109
activist,activist,0.09534946
activist,activist,0.00028910325
activist,activist,0.0013723688
activist,activist,0.0006602275
sceptic,sceptic,0.99980134
sceptic,sceptic,0.9942363
sceptic,sceptic,0.99917525
activist,activist,0.0012943681
sceptic,sceptic,0.90397453
activist,activist,0.022759156
sceptic,sceptic,0.9996724
activist,sceptic,0.7033712
activist,activist,0.0003733659
activist,activist,0.19698064
activist,activist,0.00033079798
activist,sceptic,0.604895
activist,activist,0.0003829636
activist,activist,0.00031750882
sceptic,sceptic,0.55858284
sceptic,sceptic,0.9978677
sceptic,activist,0.0066540097
sceptic,sceptic,0.9998785
sceptic,sceptic,0.938124
sceptic,sceptic,0.99988806
activist,activist,0.01395571
sceptic,sceptic,0.99727964
activist,activist,0.07490527
activist,activist,0.0049245106
sceptic,sceptic,0.99922514
activist,activist,0.0035936027
activist,activist,0.00042637467
sceptic,sceptic,0.9998752
sceptic,sceptic,0.9950563
activist,activist,0.031588882
activist,activist,0.0005172813
activist,activist,0.0005072812
activist,activist,0.00040055232
sceptic,sceptic,0.9998907
activist,activist,0.0012893283
activist,activist,0.00039434477
sceptic,sceptic,0.9688562
activist,activist,0.0015337331
activist,activist,0.33025518
activist,activist,0.0003912771
activist,activist,0.0007110568
activist,activist,0.0027522563
sceptic,sceptic,0.8367548
sceptic,sceptic,0.9993094
activist,activist,0.0038920413
sceptic,sceptic,0.989791
sceptic,sceptic,0.99988806
sceptic,sceptic,0.9926684
activist,activist,0.00052850915
activist,activist,0.021287354
activist,activist,0.0058539603
activist,activist,0.0024154834
activist,activist,0.015101651
activist,activist,0.11951086
activist,activist,0.0019570168
activist,activist,0.09081609
sceptic,activist,0.42463565
activist,activist,0.47456273
activist,activist,0.00093994394
activist,sceptic,0.94261247
activist,sceptic,0.99313617
activist,activist,0.0005792917
activist,activist,0.002070827
sceptic,sceptic,0.9998977
sceptic,sceptic,0.9998505
activist,activist,0.00039204178
activist,activist,0.0030634168
sceptic,sceptic,0.98899186
sceptic,sceptic,0.99985397
activist,sceptic,0.9632651
sceptic,sceptic,0.8954313
sceptic,sceptic,0.9727014
sceptic,sceptic,0.82976806
sceptic,sceptic,0.9998809
sceptic,sceptic,0.9998785
sceptic,sceptic,0.8853344
sceptic,sceptic,0.9998969
sceptic,sceptic,0.9998832
activist,activist,0.0009773503
sceptic,sceptic,0.64977306
sceptic,sceptic,0.97520185
activist,activist,0.269614
activist,activist,0.0002216781
activist,activist,0.03591449
activist,activist,0.00052954187
sceptic,sceptic,0.99987805
activist,activist,0.0018932257
sceptic,sceptic,0.99958915
activist,activist,0.010797568
sceptic,sceptic,0.99989283
activist,activist,0.00045121062
sceptic,sceptic,0.9998809
sceptic,sceptic,0.97482115
sceptic,sceptic,0.9807842
activist,activist,0.0016009645
sceptic,sceptic,0.84363765
activist,activist,0.0009850082
sceptic,sceptic,0.9958741
sceptic,sceptic,0.9927812
sceptic,sceptic,0.9720986
sceptic,sceptic,0.9998981
activist,activist,0.0007138379
activist,sceptic,0.6207078
sceptic,sceptic,0.92643696
activist,activist,0.031291503
activist,activist,0.00066151744
sceptic,sceptic,0.9998894
sceptic,sceptic,0.99988985
sceptic,sceptic,0.9998697
activist,activist,0.01802074
activist,activist,0.001044386
activist,activist,0.0005162725
sceptic,sceptic,0.9798227
sceptic,sceptic,0.9996679
sceptic,sceptic,0.999577
sceptic,sceptic,0.8677098
activist,sceptic,0.95861524
activist,activist,0.0010024584
sceptic,sceptic,0.9597998
sceptic,sceptic,0.99624926
sceptic,sceptic,0.99987566
sceptic,sceptic,0.98395544
activist,activist,0.009955652
activist,activist,0.00071943254
activist,activist,0.16728666
activist,activist,0.0011116682
activist,sceptic,0.59837085
sceptic,sceptic,0.9975751
activist,activist,0.0011879054
activist,activist,0.0007509956
sceptic,sceptic,0.9939261
activist,activist,0.0016103574
sceptic,sceptic,0.9811669
sceptic,sceptic,0.9999001
sceptic,sceptic,0.9998741
activist,activist,0.00063371257
sceptic,sceptic,0.83662134
activist,activist,0.0010525686
sceptic,sceptic,0.9052804
sceptic,sceptic,0.98801583
sceptic,sceptic,0.9865976
activist,activist,0.0015761828
sceptic,sceptic,0.99981767
activist,activist,0.00077633
activist,activist,0.0005636751
activist,activist,0.026330305
sceptic,sceptic,0.9899282
sceptic,sceptic,0.9928231
activist,activist,0.00047285447
sceptic,sceptic,0.9792947
sceptic,activist,0.4645524
sceptic,sceptic,0.9535786
activist,activist,0.015394919
activist,activist,0.0025212683
activist,activist,0.0032858336
activist,activist,0.0030933863
sceptic,sceptic,0.9998785
activist,activist,0.0029008577
sceptic,sceptic,0.9914722
sceptic,sceptic,0.99942744
activist,activist,0.0006011795
sceptic,sceptic,0.9975466
sceptic,sceptic,0.9996574
sceptic,sceptic,0.74927074
sceptic,sceptic,0.5311239
sceptic,sceptic,0.9998872
activist,activist,0.024987794
sceptic,sceptic,0.9998313
activist,activist,0.00025714198
activist,activist,0.006438102
sceptic,sceptic,0.99986184
sceptic,sceptic,0.97074324
sceptic,activist,0.41988578
sceptic,sceptic,0.8069287
activist,activist,0.025250848
sceptic,sceptic,0.9831822
activist,activist,0.00075246283
activist,activist,0.01781453
sceptic,sceptic,0.994146
activist,activist,0.0016293089
sceptic,sceptic,0.9998511
sceptic,sceptic,0.9988991
sceptic,sceptic,0.97885466
activist,activist,0.0005368274
activist,activist,0.0006745559
activist,activist,0.007011795
sceptic,sceptic,0.99989235
activist,activist,0.00045831295
activist,activist,0.004314688
activist,activist,0.4739159
activist,activist,0.011375601
activist,activist,0.00034802416
activist,activist,0.0065388246
activist,activist,0.0006771942
activist,activist,0.0009004467
sceptic,sceptic,0.9777139
sceptic,sceptic,0.6658996
activist,activist,0.008046387
activist,activist,0.0005603838
sceptic,activist,0.017342348
activist,sceptic,0.9455002
activist,activist,0.002019014
sceptic,sceptic,0.99687636
activist,sceptic,0.73800874
sceptic,sceptic,0.9971771
activist,activist,0.43366477
activist,activist,0.00052954187
activist,activist,0.00037409563
sceptic,sceptic,0.995523
sceptic,sceptic,0.75833166
activist,activist,0.0012868157
activist,activist,0.0005092657
sceptic,sceptic,0.98582757
sceptic,sceptic,0.9998634
activist,activist,0.00060589175
sceptic,sceptic,0.99628556
activist,sceptic,0.954393
activist,activist,0.0020547444
sceptic,sceptic,0.9998771
sceptic,sceptic,0.99648935
activist,activist,0.00036543285
sceptic,sceptic,0.999884
sceptic,sceptic,0.9805993
activist,activist,0.00029480358
sceptic,sceptic,0.91006696
sceptic,sceptic,0.9998822
sceptic,sceptic,0.9507321
sceptic,sceptic,0.9604726
activist,activist,0.00028075863
activist,activist,0.0011116682
activist,activist,0.0045032725
activist,activist,0.00038147118
activist,activist,0.0006719279
activist,activist,0.49598706
sceptic,activist,0.018281797
activist,activist,0.0021074724
sceptic,sceptic,0.9848547
activist,activist,0.2918379
sceptic,sceptic,0.8967949
activist,activist,0.00039899134
sceptic,sceptic,0.99917525
activist,sceptic,0.97644573
sceptic,sceptic,0.89358836
activist,sceptic,0.87557435
activist,activist,0.028220987
sceptic,sceptic,0.8954313
activist,activist,0.0058086696
sceptic,sceptic,0.99988854
sceptic,sceptic,0.9938309
sceptic,sceptic,0.99817204
activist,activist,0.0017040416
activist,activist,0.00043563012
activist,activist,0.002992665
sceptic,sceptic,0.99987113
activist,activist,0.00095659646
activist,activist,0.13666598
sceptic,sceptic,0.9128255
sceptic,sceptic,0.9552357
activist,activist,0.015573562
activist,activist,0.020586777
activist,activist,0.008916127
activist,activist,0.0014664584
sceptic,sceptic,0.9995453
activist,activist,0.036908068
sceptic,sceptic,0.99986064
sceptic,sceptic,0.99987614
sceptic,sceptic,0.99988985
sceptic,sceptic,0.9314625
sceptic,sceptic,0.99983656
sceptic,sceptic,0.99216896
activist,activist,0.10875559
sceptic,sceptic,0.99540824
sceptic,sceptic,0.94018847
sceptic,activist,0.1483554
activist,activist,0.0015247865
sceptic,sceptic,0.9992505
sceptic,sceptic,0.9032942
activist,activist,0.00033797944
activist,activist,0.012455653
sceptic,activist,0.04096065
activist,activist,0.009055264
sceptic,sceptic,0.68394744
activist,activist,0.0005213363
sceptic,sceptic,0.9755304
activist,activist,0.00029365462
activist,activist,0.0006785172
activist,activist,0.0005884088
sceptic,sceptic,0.9746045
activist,activist,0.001016244
sceptic,sceptic,0.99830914
activist,activist,0.0005162725
activist,activist,0.0040543335
sceptic,sceptic,0.9995908
activist,activist,0.3507827
sceptic,sceptic,0.9998029
activist,activist,0.0017409837
activist,activist,0.00035006859
activist,activist,0.0007672925
sceptic,sceptic,0.9998957
activist,sceptic,0.9327602
sceptic,sceptic,0.9517288
sceptic,sceptic,0.998242
sceptic,sceptic,0.9991358
activist,activist,0.0028118587
activist,activist,0.0002341358
sceptic,sceptic,0.5909267
sceptic,sceptic,0.9862709
sceptic,sceptic,0.99984586
sceptic,sceptic,0.99986064
activist,activist,0.011397587
sceptic,sceptic,0.9988028
activist,activist,0.0003399649
activist,activist,0.00039204178
sceptic,sceptic,0.99987805
activist,activist,0.00037629314
sceptic,sceptic,0.91212356
activist,activist,0.0017614698
sceptic,sceptic,0.9998915
activist,activist,0.0007839425
sceptic,sceptic,0.97662467
activist,activist,0.0012424174
activist,sceptic,0.9967524
activist,activist,0.00025714198
activist,activist,0.0005142608
sceptic,sceptic,0.89209336
activist,activist,0.045522
activist,activist,0.0007539328
activist,activist,0.085632786
sceptic,sceptic,0.9953725
activist,activist,0.0014721894
activist,activist,0.003678509
sceptic,sceptic,0.9998902
activist,activist,0.0003951154
activist,activist,0.0032858336
sceptic,activist,0.034036156
activist,activist,0.24234009
sceptic,sceptic,0.99847823
activist,activist,0.0019080463
activist,activist,0.008610767
activist,activist,0.0003777654
activist,activist,0.0003935756
activist,activist,0.00076281314
activist,sceptic,0.8242498
activist,activist,0.0020229532
activist,activist,0.08555635
activist,activist,0.0011604195
sceptic,sceptic,0.66405034
activist,activist,0.0017477858
sceptic,sceptic,0.998698
sceptic,sceptic,0.9853279
activist,activist,0.002070827
sceptic,sceptic,0.93505055
sceptic,sceptic,0.9962126
activist,activist,0.017342348
sceptic,sceptic,0.999884
sceptic,sceptic,0.99955755
activist,activist,0.007815888
sceptic,sceptic,0.99899954
sceptic,sceptic,0.9555686
sceptic,sceptic,0.9998932
sceptic,sceptic,0.9989857
activist,activist,0.00029137006
activist,activist,0.006097562
activist,activist,0.00047749258
activist,activist,0.003305079
sceptic,activist,0.4538972
activist,activist,0.0028338498
activist,activist,0.0014409429
activist,activist,0.00034938578
activist,activist,0.0008360903
activist,activist,0.0067058485
sceptic,sceptic,0.9886901
activist,sceptic,0.9716986
activist,activist,0.0005112579
sceptic,sceptic,0.9998752
sceptic,activist,0.043568812
activist,activist,0.00040211933
activist,activist,0.16277891
sceptic,sceptic,0.99225944
activist,activist,0.00035836728
sceptic,sceptic,0.9996395
activist,activist,0.0075333063
activist,activist,0.006277706
sceptic,sceptic,0.7874821
sceptic,sceptic,0.9998902
activist,activist,0.0008183336
activist,activist,0.13403744
sceptic,sceptic,0.96415305
activist,activist,0.0006932423
activist,activist,0.0037654138
activist,activist,0.0019342612
sceptic,sceptic,0.9998889
activist,activist,0.0012497094
activist,activist,0.0025409926
activist,activist,0.00026119032
sceptic,sceptic,0.99988985
activist,activist,0.052618954
sceptic,sceptic,0.99983776
sceptic,sceptic,0.9865976
sceptic,sceptic,0.9975799
activist,activist,0.0012448432
activist,activist,0.0003263076
activist,sceptic,0.522621
activist,activist,0.0016776673
activist,activist,0.232049
activist,sceptic,0.95154905
sceptic,sceptic,0.98739934
sceptic,activist,0.46072483
sceptic,sceptic,0.8552477
sceptic,sceptic,0.99980444
sceptic,sceptic,0.7296161
sceptic,sceptic,0.99895155
sceptic,sceptic,0.93721074
sceptic,sceptic,0.9995005
activist,activist,0.013045614
sceptic,sceptic,0.997917
activist,activist,0.000506292
activist,activist,0.0018494504
activist,activist,0.0019608354
sceptic,sceptic,0.9998141
sceptic,sceptic,0.99982053
activist,activist,0.0034834242
sceptic,sceptic,0.9994286
sceptic,sceptic,0.9987306
activist,activist,0.002795477
activist,sceptic,0.9158089
activist,activist,0.004166256
sceptic,sceptic,0.8200375
activist,activist,0.004314688
activist,activist,0.0006411777
sceptic,sceptic,0.95447797
sceptic,sceptic,0.9998969
sceptic,sceptic,0.9997677
sceptic,sceptic,0.9960699
sceptic,sceptic,0.98553824
sceptic,sceptic,0.99240804
sceptic,sceptic,0.99987996
activist,activist,0.0020547444
sceptic,sceptic,0.9998771
activist,activist,0.00046280847
activist,activist,0.0026939143
activist,activist,0.00025714198
sceptic,sceptic,0.97903574
activist,activist,0.0040860027
activist,activist,0.0014158707
sceptic,sceptic,0.99989104
activist,activist,0.051462766
activist,activist,0.31784958
sceptic,sceptic,0.90286684
activist,activist,0.022586042
sceptic,sceptic,0.9938548
sceptic,sceptic,0.8507789
activist,activist,0.0140771745
activist,sceptic,0.8250265
activist,activist,0.009917224
sceptic,sceptic,0.9920157
sceptic,sceptic,0.99977833
activist,activist,0.0046006194
activist,activist,0.0013172914
sceptic,sceptic,0.999879
activist,activist,0.002396731
sceptic,sceptic,0.9975561
activist,activist,0.0021157034
activist,activist,0.011755131
sceptic,sceptic,0.99987173
activist,activist,0.00025613973
sceptic,sceptic,0.9898107
sceptic,sceptic,0.9990872
activist,activist,0.00034531672
activist,activist,0.0011291546
activist,activist,0.09409339
sceptic,sceptic,0.9998977
activist,sceptic,0.8868131
activist,sceptic,0.6106566
activist,activist,0.06566473
sceptic,sceptic,0.7720154
sceptic,sceptic,0.99986756
activist,activist,0.0002341358
sceptic,sceptic,0.8778961
activist,activist,0.00028351307
sceptic,sceptic,0.9346938
sceptic,sceptic,0.9998832
activist,activist,0.0064882697
activist,activist,0.0022474632
activist,activist,0.0012231792
sceptic,sceptic,0.5744246
sceptic,sceptic,0.99444515
activist,activist,0.0051097376
sceptic,sceptic,0.9998965
activist,activist,0.0026678042
activist,sceptic,0.9561864
sceptic,sceptic,0.999879
activist,activist,0.0008442883
activist,activist,0.042802144
sceptic,sceptic,0.9833589
activist,activist,0.000872767
activist,activist,0.00035976936
sceptic,sceptic,0.99950826
sceptic,sceptic,0.9998952
activist,activist,0.0021742254
sceptic,sceptic,0.99988174
sceptic,sceptic,0.9988463
sceptic,sceptic,0.99528164
activist,activist,0.011508149
sceptic,sceptic,0.9992022
activist,activist,0.0005193048
activist,activist,0.0033439077
sceptic,sceptic,0.99969935
activist,activist,0.0012668908
sceptic,sceptic,0.9959378
sceptic,sceptic,0.9954791
activist,activist,0.000865981
sceptic,sceptic,0.9240048
activist,sceptic,0.65367985
activist,activist,0.13840355
activist,activist,0.0036358088
activist,activist,0.0009057334
sceptic,sceptic,0.997783
activist,activist,0.044224583
activist,activist,0.39498833
activist,activist,0.0004601059
activist,activist,0.0021364216
activist,activist,0.00039666123
activist,activist,0.00033732018
activist,activist,0.008299687
sceptic,sceptic,0.95783347
sceptic,sceptic,0.99324185
sceptic,sceptic,0.9720986
activist,sceptic,0.7213508
activist,activist,0.00036686257
activist,sceptic,0.7778066
activist,activist,0.0040860027
sceptic,sceptic,0.996271
activist,activist,0.21153894
sceptic,sceptic,0.9998932
activist,activist,0.02475097
activist,activist,0.08053808
sceptic,sceptic,0.9847231
activist,activist,0.0075919423
activist,activist,0.0005305765
sceptic,sceptic,0.97529614
activist,activist,0.008711384
sceptic,sceptic,0.9859228
activist,activist,0.0018639286
sceptic,sceptic,0.99268264
activist,sceptic,0.7207861
activist,activist,0.0010024584
activist,activist,0.00030415886
activist,activist,0.00033863995
activist,activist,0.0003399649
activist,activist,0.0011008767
sceptic,sceptic,0.9998902
sceptic,sceptic,0.9982893
activist,activist,0.0006851713
sceptic,sceptic,0.9997658
activist,activist,0.006438102
sceptic,sceptic,0.98445636
sceptic,sceptic,0.99368566
activist,activist,0.0014750635
sceptic,activist,0.023599295
activist,activist,0.0009678616
activist,activist,0.0010965895
activist,activist,0.0131973615
activist,activist,0.0012351678
activist,activist,0.0005132578
sceptic,sceptic,0.9851003
activist,activist,0.00045121062
sceptic,sceptic,0.9219218
sceptic,sceptic,0.9981505
activist,activist,0.0005442133
activist,activist,0.00036400868
activist,activist,0.000235052
activist,activist,0.0007687913
sceptic,sceptic,0.999884
activist,activist,0.0003576683
sceptic,sceptic,0.7674721
sceptic,sceptic,0.8025555
activist,activist,0.0006785172
activist,activist,0.37031078
sceptic,sceptic,0.9984812
activist,activist,0.005364056
activist,activist,0.0067058485
sceptic,activist,0.040883996
sceptic,sceptic,0.98715407
sceptic,sceptic,0.9995443
activist,activist,0.0027900375
activist,sceptic,0.5432419
sceptic,sceptic,0.99988985
activist,activist,0.0056969603
sceptic,sceptic,0.9998894
activist,activist,0.00048217614
activist,activist,0.21625972
sceptic,sceptic,0.99879336
activist,activist,0.0003487043
activist,activist,0.0012918457
activist,activist,0.00069731334
activist,activist,0.028140754
sceptic,sceptic,0.9975751
sceptic,sceptic,0.7893961
sceptic,sceptic,0.95418006
activist,activist,0.00025714198
sceptic,sceptic,0.99378294
sceptic,sceptic,0.9998579
sceptic,sceptic,0.9642206
sceptic,sceptic,0.99989235
activist,activist,0.0005861161
activist,activist,0.04986591
sceptic,sceptic,0.9987527
sceptic,sceptic,0.961171
sceptic,sceptic,0.9480585
sceptic,sceptic,0.98445636
activist,activist,0.09518112
sceptic,sceptic,0.9612802
activist,activist,0.0064131636
activist,activist,0.00083446025
sceptic,sceptic,0.9685006
sceptic,activist,0.49477977
activist,activist,0.0005747862
activist,activist,0.31200305
sceptic,sceptic,0.99329424
activist,activist,0.00041084853
activist,activist,0.0054059
sceptic,sceptic,0.9380673
sceptic,sceptic,0.9998907
activist,activist,0.00046190582
activist,activist,0.003787458
activist,activist,0.0010880652
activist,activist,0.0077856546
activist,activist,0.0014021305
activist,activist,0.00097354373
activist,activist,0.00048595612
activist,sceptic,0.85699195
sceptic,sceptic,0.9898499
activist,activist,0.006265534
sceptic,sceptic,0.99986863
activist,activist,0.0055012386
activist,activist,0.00038371203
activist,activist,0.040692955
sceptic,activist,0.4660861
sceptic,sceptic,0.9851576
activist,activist,0.0014493983
sceptic,sceptic,0.84273374
activist,activist,0.027014794
sceptic,sceptic,0.9621432
sceptic,sceptic,0.99961555
activist,activist,0.029090757
sceptic,sceptic,0.7937462
activist,sceptic,0.81471705
activist,activist,0.00075836
activist,activist,0.0005003964
sceptic,sceptic,0.9626381
sceptic,sceptic,0.9998845
sceptic,sceptic,0.9998267
activist,activist,0.0058996035
sceptic,sceptic,0.90252376
sceptic,sceptic,0.9459513
sceptic,sceptic,0.9853843
sceptic,sceptic,0.9991817
sceptic,sceptic,0.9998952
activist,activist,0.0018895386
sceptic,sceptic,0.78596646
activist,activist,0.0006838353
activist,activist,0.0008040859
activist,activist,0.0005082725
sceptic,sceptic,0.94776917
activist,activist,0.00705271
sceptic,sceptic,0.9488225
activist,activist,0.008030812
sceptic,sceptic,0.7168632
activist,activist,0.0057413853
activist,activist,0.0018530595
sceptic,sceptic,0.99990165
activist,activist,0.0012160417
activist,activist,0.0003250359
sceptic,sceptic,0.92709976
activist,activist,0.18765317
activist,activist,0.0005162725
activist,activist,0.00096033677
sceptic,activist,0.0028504555
activist,activist,0.001030219
activist,activist,0.016625078
activist,activist,0.045141645
sceptic,sceptic,0.5793186
activist,activist,0.0124797
activist,activist,0.0018530595
activist,activist,0.00035488585
sceptic,sceptic,0.9868913
activist,activist,0.022650808
sceptic,sceptic,0.97966766
activist,activist,0.0011513996
activist,activist,0.042802144
activist,activist,0.00049747445
sceptic,sceptic,0.967256
sceptic,sceptic,0.9998889
activist,activist,0.00040211933
sceptic,sceptic,0.9998766
activist,activist,0.06250249
activist,activist,0.0018066854
sceptic,sceptic,0.99986124
sceptic,sceptic,0.8054792
sceptic,sceptic,0.98445636
activist,activist,0.002889581
sceptic,sceptic,0.99988985
sceptic,activist,0.07606381
activist,activist,0.00079162966
sceptic,sceptic,0.99912554
activist,activist,0.00039977106
sceptic,sceptic,0.99984825
activist,activist,0.00077633
sceptic,sceptic,0.99920684
sceptic,sceptic,0.99955314
sceptic,activist,0.27052838
sceptic,sceptic,0.67055434
sceptic,sceptic,0.9998809
activist,activist,0.0005347357
activist,activist,0.005220126
sceptic,sceptic,0.9998771
activist,activist,0.1207495
activist,activist,0.06766981
activist,sceptic,0.9158089
activist,sceptic,0.6898543
sceptic,sceptic,0.9551521
sceptic,sceptic,0.9926684
activist,activist,0.0010546242
activist,activist,0.0029984983
sceptic,sceptic,0.9336126
activist,activist,0.010209056
activist,activist,0.0012089458
activist,activist,0.004451041
sceptic,sceptic,0.9723622
activist,activist,0.0009830883
activist,activist,0.00073648075
sceptic,sceptic,0.98886347
activist,sceptic,0.6363248
sceptic,sceptic,0.9436599
activist,activist,0.000712446
activist,activist,0.09816574
sceptic,sceptic,0.9913223
activist,activist,0.0054374957
sceptic,sceptic,0.9998752
activist,activist,0.0011855904
sceptic,sceptic,0.99957615
activist,activist,0.021677379
sceptic,activist,0.15469497
sceptic,sceptic,0.9855661
sceptic,sceptic,0.99390244
activist,activist,0.02950736
sceptic,activist,0.26850963
sceptic,sceptic,0.99987364
sceptic,sceptic,0.99155444
sceptic,sceptic,0.81390494
sceptic,sceptic,0.99989486
activist,activist,0.007740521
sceptic,activist,0.19938591
sceptic,sceptic,0.99987566
sceptic,sceptic,0.9862179
sceptic,sceptic,0.7379143
activist,activist,0.13078418
activist,activist,0.03305475
activist,activist,0.00036757955
sceptic,sceptic,0.9783019
sceptic,sceptic,0.99984026
activist,activist,0.009670992
sceptic,sceptic,0.99989486
activist,activist,0.0019877742
sceptic,sceptic,0.99988174
activist,activist,0.00060589175
sceptic,sceptic,0.9998771
sceptic,sceptic,0.99988365
sceptic,sceptic,0.99719906
sceptic,sceptic,0.9947595
activist,activist,0.00037702857
sceptic,sceptic,0.93312675
activist,activist,0.0015247865
sceptic,sceptic,0.999826
sceptic,activist,0.3814788
sceptic,sceptic,0.60708094
activist,sceptic,0.66671383
activist,activist,0.00094546226
sceptic,sceptic,0.8741309
activist,activist,0.0002959571
activist,activist,0.00066410477
sceptic,sceptic,0.99014014
activist,activist,0.0006178345
sceptic,sceptic,0.7888273
sceptic,sceptic,0.5049322
activist,activist,0.006837205
sceptic,sceptic,0.99979097
sceptic,sceptic,0.99600047
sceptic,sceptic,0.9998579
sceptic,sceptic,0.9990508
sceptic,activist,0.26435834
sceptic,sceptic,0.99987173
sceptic,sceptic,0.9997974
activist,activist,0.00036901768
activist,activist,0.41321075
sceptic,sceptic,0.79358625
sceptic,sceptic,0.9998809
sceptic,sceptic,0.9901972
sceptic,sceptic,0.9997775
sceptic,sceptic,0.5751183
activist,activist,0.005395409
sceptic,sceptic,0.66581815
sceptic,sceptic,0.6814619
sceptic,sceptic,0.9998287
sceptic,sceptic,0.7258916
sceptic,sceptic,0.9965301
sceptic,sceptic,0.9905509
sceptic,sceptic,0.8912444
sceptic,sceptic,0.99847525
sceptic,sceptic,0.999884
sceptic,sceptic,0.99261135
activist,activist,0.0008040859
sceptic,sceptic,0.99983716
activist,activist,0.001648483
sceptic,sceptic,0.9554855
activist,activist,0.01153039
activist,activist,0.025613915
activist,activist,0.0005305765
activist,activist,0.0005072812
activist,activist,0.00997492
sceptic,sceptic,0.99979335
sceptic,sceptic,0.99988854
activist,activist,0.00028910325
activist,activist,0.0705596
activist,activist,0.0658447
sceptic,activist,0.051177494
sceptic,sceptic,0.99988854
sceptic,activist,0.48884767
activist,activist,0.00036259
activist,sceptic,0.7246267
activist,activist,0.18929619
sceptic,sceptic,0.9993148
sceptic,sceptic,0.9723097
sceptic,sceptic,0.99989104
activist,activist,0.10706346
activist,activist,0.0020507437
activist,activist,0.003937739
sceptic,sceptic,0.9995197
activist,activist,0.00036757955
activist,activist,0.00036259
sceptic,sceptic,0.9761292
sceptic,sceptic,0.9998741
sceptic,sceptic,0.9869292
activist,activist,0.01515986
activist,activist,0.003524341
sceptic,sceptic,0.99608517
sceptic,sceptic,0.9998945
activist,sceptic,0.603187
activist,activist,0.013584394
activist,activist,0.003004343
activist,activist,0.0023096215
activist,activist,0.0005747862
activist,activist,0.40421346
sceptic,sceptic,0.9985952
activist,activist,0.00034464317
activist,activist,0.01170984
sceptic,sceptic,0.9712385
sceptic,sceptic,0.99978846
sceptic,sceptic,0.9937709
sceptic,sceptic,0.75935924
activist,activist,0.001107339
sceptic,sceptic,0.9480103
activist,activist,0.0016324889
sceptic,sceptic,0.99984396
activist,activist,0.00071802974
activist,activist,0.07913913
activist,activist,0.004820343
sceptic,sceptic,0.9998585
activist,activist,0.002074867
sceptic,sceptic,0.9961755
sceptic,sceptic,0.97369474
activist,activist,0.0018066854
sceptic,sceptic,0.99839276
sceptic,sceptic,0.9011404
sceptic,activist,0.32739943
activist,activist,0.0008509045
sceptic,sceptic,0.9992778
activist,activist,0.00198004
sceptic,sceptic,0.872293
activist,activist,0.0009830883
activist,activist,0.009340025
sceptic,sceptic,0.99988496
sceptic,sceptic,0.9998872
activist,activist,0.02688674
activist,activist,0.39088267
activist,activist,0.000782414
activist,activist,0.0004485757
sceptic,sceptic,0.99979335
activist,activist,0.0004897656
activist,activist,0.00023689508
activist,activist,0.0045561143
activist,activist,0.0009146137
sceptic,sceptic,0.9957104
activist,activist,0.00093263603
activist,activist,0.00055494095
sceptic,sceptic,0.9998771
activist,activist,0.019032659
sceptic,sceptic,0.9986303
sceptic,sceptic,0.941493
activist,activist,0.0006706176
sceptic,sceptic,0.9938788
sceptic,sceptic,0.9998623
sceptic,activist,0.21866938
activist,sceptic,0.5695384
sceptic,activist,0.00349701
sceptic,sceptic,0.8857304
sceptic,activist,0.005281334
activist,activist,0.0011116682
sceptic,sceptic,0.93569994
activist,activist,0.00035557942
sceptic,sceptic,0.9926684
activist,sceptic,0.92290026
activist,activist,0.00029308183
sceptic,sceptic,0.999824
activist,activist,0.0043823365
sceptic,sceptic,0.9993905
activist,activist,0.0027044294
activist,activist,0.17809659
sceptic,sceptic,0.9993424
sceptic,sceptic,0.9995745
sceptic,sceptic,0.98998636
activist,activist,0.0010505168
sceptic,sceptic,0.99989843
activist,activist,0.25432375
activist,activist,0.00086936745
sceptic,sceptic,0.99877197
activist,activist,0.0062412596
activist,activist,0.0006719279
activist,activist,0.0011740823
sceptic,sceptic,0.9952448
sceptic,activist,0.17953056
sceptic,sceptic,0.97788346
sceptic,sceptic,0.9998702
activist,activist,0.11511248
sceptic,sceptic,0.9998746
activist,sceptic,0.89048487
activist,activist,0.0011879054
activist,sceptic,0.7943052
sceptic,activist,0.045991037
sceptic,sceptic,0.9998752
sceptic,activist,0.015424551
activist,activist,0.0008459375
activist,activist,0.0068904604
activist,activist,0.00062146306
sceptic,sceptic,0.9963994
activist,activist,0.0065897712
sceptic,sceptic,0.9915216
activist,activist,0.00024536948
sceptic,sceptic,0.9998859
activist,activist,0.00068250194
sceptic,activist,0.3922495
sceptic,sceptic,0.99240804
sceptic,sceptic,0.999892
activist,activist,0.00077633
activist,activist,0.01042845
activist,activist,0.0005305765
activist,activist,0.0043994132
activist,activist,0.0004390453
activist,activist,0.16586316
activist,activist,0.028843539
sceptic,sceptic,0.99984705
activist,activist,0.000628784
activist,activist,0.0005815577
sceptic,sceptic,0.99988174
activist,activist,0.0023096215
sceptic,sceptic,0.99954
sceptic,sceptic,0.9884919
activist,activist,0.0002919395
sceptic,sceptic,0.9912209
activist,activist,0.005641909
sceptic,sceptic,0.9996049
sceptic,sceptic,0.99989235
sceptic,sceptic,0.99974984
sceptic,sceptic,0.9698426
activist,activist,0.033716537
activist,activist,0.00089869124
activist,activist,0.00037409563
activist,activist,0.003937739
sceptic,sceptic,0.99361163
sceptic,sceptic,0.71442884
sceptic,sceptic,0.9998969
activist,activist,0.00044945232
sceptic,sceptic,0.9399685
activist,activist,0.0031974867
sceptic,sceptic,0.9847378
sceptic,sceptic,0.9964134
activist,activist,0.0042729364
activist,activist,0.0005826939
activist,activist,0.0015792594
sceptic,sceptic,0.99984884
activist,activist,0.0007041515
sceptic,sceptic,0.8621197
activist,activist,0.000994665
sceptic,sceptic,0.9998771
sceptic,sceptic,0.99987173
sceptic,sceptic,0.9689738
sceptic,activist,0.25004193
activist,activist,0.01605998
activist,activist,0.0005582003
activist,activist,0.0014664584
activist,activist,0.00032250723
sceptic,sceptic,0.99987614
sceptic,sceptic,0.73091453
sceptic,sceptic,0.97331697
activist,activist,0.00029480358
sceptic,sceptic,0.9924374
activist,activist,0.00064999826
activist,activist,0.0005347357
sceptic,sceptic,0.9823216
activist,activist,0.008779109
activist,activist,0.013273888
sceptic,sceptic,0.7117816
activist,activist,0.00033015275
sceptic,sceptic,0.9843664
sceptic,sceptic,0.6270524
activist,activist,0.24826072
activist,activist,0.0006411777
sceptic,activist,0.4353313
sceptic,sceptic,0.99988127
sceptic,sceptic,0.99989283
activist,activist,0.00088477065
activist,activist,0.00022960827
activist,activist,0.0004869057
activist,activist,0.0018748618
sceptic,sceptic,0.9998702
activist,activist,0.0010423502
activist,activist,0.0004272079
sceptic,sceptic,0.98926485
activist,activist,0.0005003964
activist,activist,0.015483988
activist,activist,0.0004485757
sceptic,sceptic,0.99986815
activist,activist,0.39035964
sceptic,sceptic,0.99097973
activist,activist,0.0014325365
sceptic,sceptic,0.908699
sceptic,sceptic,0.9998523
activist,activist,0.0022126965
sceptic,sceptic,0.96203625
sceptic,sceptic,0.9976814
sceptic,sceptic,0.96432143
sceptic,sceptic,0.9990728
sceptic,sceptic,0.9998902
sceptic,sceptic,0.8204695
activist,activist,0.000603531
activist,activist,0.004314688
activist,activist,0.00062389387
activist,activist,0.0027255828
activist,activist,0.0024919678
activist,activist,0.0030693877
activist,activist,0.0010044163
activist,activist,0.032252762
activist,activist,0.00050137425
sceptic,sceptic,0.9990188
activist,activist,0.0015885253
activist,activist,0.00032313753
sceptic,sceptic,0.8580062
activist,activist,0.012649318
activist,activist,0.0026574312
sceptic,sceptic,0.9964619
sceptic,sceptic,0.99988544
sceptic,sceptic,0.9589625
activist,activist,0.000578162
sceptic,sceptic,0.9416005
activist,activist,0.0040543335
sceptic,sceptic,0.9993081
sceptic,sceptic,0.9981141
sceptic,activist,0.21518576
activist,activist,0.00031319875
activist,activist,0.0067058485
sceptic,sceptic,0.99304235
sceptic,sceptic,0.99983907
activist,sceptic,0.80882335
sceptic,sceptic,0.99989283
activist,activist,0.004645557
activist,activist,0.0005517006
activist,activist,0.0009869322
activist,activist,0.0012399962
sceptic,sceptic,0.9998809
sceptic,sceptic,0.99844813
activist,activist,0.10234956
sceptic,sceptic,0.9998776
activist,activist,0.0005399804
sceptic,sceptic,0.99989367
sceptic,sceptic,0.9830526
activist,activist,0.0032162166
sceptic,sceptic,0.90183425
activist,activist,0.0004897656
activist,sceptic,0.84292775
activist,activist,0.000390514
activist,sceptic,0.9302051
activist,activist,0.0006602275
activist,activist,0.0018639286
activist,activist,0.0033897832
activist,activist,0.0017040416
activist,activist,0.0007839425
sceptic,sceptic,0.9915707
activist,activist,0.00030061635
activist,activist,0.0012042383
activist,activist,0.00036686257
sceptic,sceptic,0.94224155
sceptic,sceptic,0.55545783
activist,activist,0.018869253
activist,activist,0.0010282109
activist,activist,0.01335085
activist,activist,0.1899715
sceptic,activist,0.19698064
activist,activist,0.0008199321
sceptic,sceptic,0.9519527
activist,sceptic,0.8749346
activist,activist,0.000366147
sceptic,sceptic,0.9500878
activist,sceptic,0.883236
sceptic,activist,0.15090263
sceptic,sceptic,0.94417685
sceptic,activist,0.013020489
sceptic,sceptic,0.9614977
sceptic,sceptic,0.9998634
activist,activist,0.0006719279
activist,activist,0.0137158735
activist,activist,0.0012424174
activist,activist,0.03807084
activist,activist,0.00040211933
sceptic,sceptic,0.9998872
activist,activist,0.004331502
sceptic,sceptic,0.999355
activist,activist,0.0010880652
activist,activist,0.14681971
sceptic,sceptic,0.9966949
sceptic,activist,0.07821887
sceptic,sceptic,0.99988854
sceptic,sceptic,0.8976056
sceptic,sceptic,0.82949203
activist,activist,0.00063371257
activist,activist,0.001044386
activist,sceptic,0.8557909
sceptic,sceptic,0.9984633
sceptic,activist,0.11828322
sceptic,sceptic,0.97684664
activist,sceptic,0.9118885
activist,activist,0.0017856744
sceptic,activist,0.044224583
activist,activist,0.0006487309
sceptic,sceptic,0.99988806
activist,activist,0.002889581
activist,activist,0.012870749
activist,activist,0.00025714198
activist,sceptic,0.6487446
activist,activist,0.08609268
activist,activist,0.020488555
sceptic,sceptic,0.9998889
activist,activist,0.0023231625
activist,activist,0.0004044815
activist,activist,0.017045317
sceptic,sceptic,0.92290026
sceptic,sceptic,0.78208053
activist,sceptic,0.736211
activist,activist,0.00212811
activist,activist,0.0014381354
sceptic,sceptic,0.9874236
activist,activist,0.0017173839
activist,activist,0.00060471025
activist,activist,0.18713269
sceptic,sceptic,0.9986904
activist,activist,0.0010423502
sceptic,sceptic,0.9947901
sceptic,activist,0.2109288
activist,activist,0.0027737827
sceptic,activist,0.4394015
sceptic,sceptic,0.99361163
activist,activist,0.00095659646
activist,activist,0.00025020776
activist,activist,0.0013172914
activist,activist,0.03861093
sceptic,sceptic,0.99986184
activist,activist,0.004451041
activist,activist,0.00034062934
activist,activist,0.00044682765
activist,activist,0.0012497094
activist,activist,0.05608106
activist,activist,0.00036472004
activist,activist,0.002895214
sceptic,sceptic,0.7633074
sceptic,sceptic,0.99896777
activist,activist,0.002103369
activist,sceptic,0.8449855
sceptic,sceptic,0.99987364
sceptic,sceptic,0.9998872
activist,activist,0.0017580388
sceptic,sceptic,0.994089
sceptic,sceptic,0.9998505
sceptic,sceptic,0.9260366
sceptic,sceptic,0.98378503
activist,activist,0.0007947255
activist,activist,0.0004390453
sceptic,sceptic,0.97376966
activist,activist,0.0037800956
activist,sceptic,0.58044124
sceptic,sceptic,0.99989367
sceptic,sceptic,0.99985576
sceptic,sceptic,0.9997731
sceptic,sceptic,0.98184055
sceptic,sceptic,0.99987996
sceptic,sceptic,0.9629877
activist,activist,0.0046365354
sceptic,sceptic,0.9998529
sceptic,sceptic,0.99170023
activist,sceptic,0.89043725
activist,activist,0.0007000407
sceptic,sceptic,0.9998529
activist,activist,0.054651037
sceptic,sceptic,0.9866491
activist,activist,0.40500742
sceptic,sceptic,0.99987996
sceptic,sceptic,0.81508535
sceptic,sceptic,0.9998894
sceptic,sceptic,0.99987566
sceptic,sceptic,0.9558166
sceptic,activist,0.009002838
sceptic,sceptic,0.9860443
activist,activist,0.038901985
activist,activist,0.0022213378
sceptic,sceptic,0.9968945
sceptic,sceptic,0.999866
sceptic,sceptic,0.99960643
activist,activist,0.0037654138
sceptic,sceptic,0.5140649
activist,activist,0.00037409563
activist,activist,0.029228987
sceptic,sceptic,0.99683964
sceptic,sceptic,0.9984176
sceptic,sceptic,0.998784
sceptic,sceptic,0.9570375
sceptic,sceptic,0.97280496
activist,activist,0.006302122
sceptic,sceptic,0.9988531
sceptic,sceptic,0.9998894
activist,activist,0.005945599
sceptic,sceptic,0.9739932
sceptic,sceptic,0.99300176
activist,activist,0.00028797647
sceptic,sceptic,0.98201376
activist,activist,0.00045652693
sceptic,sceptic,0.99989927
sceptic,sceptic,0.9990396
activist,activist,0.0005347357
activist,sceptic,0.648689
activist,activist,0.00047470425
sceptic,sceptic,0.9673486
sceptic,sceptic,0.9971384
activist,activist,0.00026634047
sceptic,sceptic,0.98574555
activist,activist,0.0008626078
activist,activist,0.0009850082
activist,activist,0.00046734812
activist,activist,0.020924192
activist,activist,0.0010628869
activist,activist,0.0006771942
activist,sceptic,0.7453057
sceptic,sceptic,0.9990508
sceptic,sceptic,0.9990054
sceptic,activist,0.40770185
activist,activist,0.0005399804
activist,activist,0.004820343
activist,activist,0.289673
activist,activist,0.0008247465
activist,activist,0.00029480358
sceptic,sceptic,0.9998184
activist,activist,0.051558185
sceptic,sceptic,0.88666594
sceptic,sceptic,0.9998511
sceptic,sceptic,0.99988985
activist,sceptic,0.9809491
sceptic,sceptic,0.7678639
sceptic,sceptic,0.9998915
sceptic,activist,0.007121429
activist,activist,0.0009830883
activist,activist,0.004093958
sceptic,activist,0.15393034
activist,activist,0.00054740964
sceptic,sceptic,0.7973991
sceptic,sceptic,0.99988544
activist,activist,0.006692851
activist,activist,0.00028966827
sceptic,sceptic,0.99984586
activist,activist,0.00085590064
sceptic,sceptic,0.9996711
activist,activist,0.002119831
activist,activist,0.00088477065
activist,activist,0.0027791902
activist,activist,0.47333956
sceptic,sceptic,0.99987364
sceptic,sceptic,0.9982351
activist,activist,0.075721376
sceptic,sceptic,0.8976953
sceptic,activist,0.31658053
activist,activist,0.00033797944
activist,activist,0.0005941797
sceptic,activist,0.4435402
activist,activist,0.000782414
sceptic,sceptic,0.99965405
activist,activist,0.073963374
activist,activist,0.00039977106
sceptic,sceptic,0.93312675
activist,activist,0.006837205
sceptic,sceptic,0.95494246
activist,activist,0.0003314445
sceptic,activist,0.005271083
sceptic,sceptic,0.9984841
activist,activist,0.008077626
sceptic,activist,0.13718534
sceptic,sceptic,0.9995695
activist,activist,0.006085737
sceptic,sceptic,0.9073943
activist,activist,0.0005254231
sceptic,sceptic,0.9959378
sceptic,sceptic,0.9814534
activist,activist,0.0012399962
activist,activist,0.00079162966
activist,activist,0.47056937
sceptic,activist,0.4262619
sceptic,sceptic,0.9406263
activist,activist,0.0046365354
sceptic,sceptic,0.8810532
sceptic,sceptic,0.99897975
activist,sceptic,0.91920847
activist,sceptic,0.8528742
activist,activist,0.00047936052
sceptic,sceptic,0.99482024
activist,activist,0.002828336
activist,activist,0.018959865
sceptic,sceptic,0.52305496
sceptic,sceptic,0.9998771
activist,activist,0.00030415886
activist,activist,0.00073648075
activist,activist,0.00091640017
activist,activist,0.0003269453
activist,sceptic,0.5825801
activist,activist,0.0015427325
sceptic,sceptic,0.9747971
sceptic,sceptic,0.99959236
sceptic,sceptic,0.99989104
activist,activist,0.008251599
activist,activist,0.0015218159
sceptic,sceptic,0.91505283
activist,activist,0.080574244
sceptic,sceptic,0.99550545
sceptic,sceptic,0.99988365
activist,activist,0.0005142608
sceptic,sceptic,0.9998702
sceptic,sceptic,0.97836393
sceptic,sceptic,0.9980392
sceptic,activist,0.034880888
activist,activist,0.0024774452
activist,activist,0.015875848
activist,activist,0.00048029723
sceptic,activist,0.23466964
sceptic,activist,0.35086608
sceptic,activist,0.46482566
activist,activist,0.0015517841
sceptic,sceptic,0.7919015
sceptic,sceptic,0.99986756
activist,activist,0.00042388475
sceptic,activist,0.43516627
sceptic,sceptic,0.9923044
activist,activist,0.0013432378
activist,activist,0.0074317735
activist,activist,0.0006011795
activist,activist,0.0023734944
activist,activist,0.29798043
sceptic,sceptic,0.9763557
activist,activist,0.33878773
activist,activist,0.00035697062
activist,activist,0.0009271924
sceptic,sceptic,0.6754971
sceptic,sceptic,0.9998996
activist,activist,0.0008151457
sceptic,sceptic,0.93686515
activist,activist,0.0018315101
activist,activist,0.3070982
sceptic,sceptic,0.98340684
sceptic,activist,0.039862495
sceptic,sceptic,0.99447733
sceptic,activist,0.32332668
sceptic,activist,0.024330191
activist,activist,0.1424107
activist,activist,0.00043308618
activist,activist,0.005544146
sceptic,sceptic,0.9923638
activist,activist,0.00037702857
sceptic,sceptic,0.99968565
activist,activist,0.0013723688
activist,activist,0.07606381
sceptic,sceptic,0.83914167
activist,activist,0.00042971736
activist,activist,0.00063992746
sceptic,sceptic,0.9257015
sceptic,sceptic,0.99857306
sceptic,sceptic,0.9425596
activist,activist,0.12320729
activist,activist,0.040922303
sceptic,sceptic,0.84803075
sceptic,sceptic,0.998259
sceptic,sceptic,0.9971827
sceptic,sceptic,0.756942
activist,activist,0.0063883206
activist,activist,0.006073935
activist,activist,0.0005305765
activist,activist,0.021718835
sceptic,sceptic,0.99939764
sceptic,activist,0.055005286
sceptic,sceptic,0.9999012
sceptic,sceptic,0.99989367
activist,activist,0.02207439
activist,activist,0.0053536464
activist,activist,0.36452302
activist,activist,0.0024534282
sceptic,sceptic,0.99984336
sceptic,sceptic,0.9784259
activist,activist,0.0004840624
activist,activist,0.01970026
activist,activist,0.0032730647
activist,activist,0.058078147
activist,activist,0.0039607873
activist,activist,0.00047193223
sceptic,activist,0.0146720335
sceptic,sceptic,0.99279517
sceptic,sceptic,0.97389406
sceptic,sceptic,0.9920312
sceptic,sceptic,0.94287604
activist,activist,0.0007495314
sceptic,sceptic,0.9964551
sceptic,sceptic,0.9998771
activist,activist,0.00056588
activist,activist,0.0016452717
sceptic,sceptic,0.9494823
activist,activist,0.0004812358
activist,activist,0.018176932
sceptic,sceptic,0.9186264
activist,activist,0.0016072203
activist,activist,0.014643826
sceptic,sceptic,0.9996352
activist,activist,0.0002908017
sceptic,sceptic,0.9869544
activist,activist,0.054802597
sceptic,sceptic,0.9998741
activist,activist,0.0013804223
sceptic,sceptic,0.9874479
activist,activist,0.23899394
activist,activist,0.0036146443
sceptic,sceptic,0.94757545
activist,activist,0.018546565
activist,activist,0.00035143827
sceptic,sceptic,0.9996402
sceptic,sceptic,0.82775855
activist,activist,0.0019494022
sceptic,sceptic,0.95409465
activist,activist,0.0004840624
activist,activist,0.0015978455
sceptic,sceptic,0.5467079
sceptic,sceptic,0.6885208
sceptic,sceptic,0.99664956
activist,activist,0.000720838
sceptic,sceptic,0.9976172
sceptic,sceptic,0.99968123
activist,activist,0.005685907
sceptic,sceptic,0.99967504
sceptic,sceptic,0.99341017
sceptic,sceptic,0.9911527
sceptic,sceptic,0.9719126
activist,activist,0.0003089472
sceptic,sceptic,0.9659317
sceptic,sceptic,0.9919848
sceptic,sceptic,0.999879
activist,sceptic,0.8296301
activist,activist,0.0004503306
activist,activist,0.0019723356
activist,activist,0.4625489
activist,activist,0.0004897656
sceptic,sceptic,0.950503
sceptic,activist,0.43577772
activist,activist,0.0003748267
activist,activist,0.27105868
sceptic,sceptic,0.9998902
sceptic,sceptic,0.98524296
activist,activist,0.0010122862
activist,activist,0.0024014052
activist,activist,0.37763572
activist,activist,0.0009057334
activist,activist,0.00071943254
sceptic,sceptic,0.99922824
activist,activist,0.0005918646
sceptic,sceptic,0.9998722
activist,activist,0.00042887926
sceptic,sceptic,0.52624387
sceptic,activist,0.49793246
activist,activist,0.38575062
sceptic,sceptic,0.98383164
activist,activist,0.00074370287
sceptic,sceptic,0.71849567
activist,activist,0.00091640017
sceptic,sceptic,0.9998697
activist,sceptic,0.7048209
activist,activist,0.00043990326
activist,activist,0.0006865099
activist,activist,0.0062412596
activist,activist,0.019756919
sceptic,sceptic,0.99566853
sceptic,sceptic,0.9858004
activist,activist,0.0003859661
sceptic,sceptic,0.953188
activist,activist,0.00037118545
sceptic,sceptic,0.99989367
activist,activist,0.0012521496
sceptic,sceptic,0.9943251
sceptic,sceptic,0.99982256
sceptic,sceptic,0.9706599
activist,activist,0.1444503
activist,activist,0.021185858
activist,activist,0.098555475
activist,sceptic,0.7942254
sceptic,sceptic,0.99946636
sceptic,sceptic,0.9724409
activist,activist,0.036390893
activist,activist,0.0062412596
activist,activist,0.023779985
sceptic,sceptic,0.97275317
activist,activist,0.22729777
activist,activist,0.0006589401
activist,activist,0.0041824942
activist,activist,0.0003263076
sceptic,sceptic,0.9950755
activist,activist,0.004248079
sceptic,sceptic,0.99987805
sceptic,sceptic,0.92156965
sceptic,activist,0.18832396
sceptic,sceptic,0.98815376
sceptic,activist,0.03608394
activist,activist,0.025613915
sceptic,sceptic,0.7946241
activist,activist,0.0033115193
sceptic,sceptic,0.9990619
sceptic,activist,0.0022518474
activist,activist,0.0013070537
activist,activist,0.022824407
sceptic,activist,0.29456997
sceptic,activist,0.4104904
sceptic,sceptic,0.9979849
activist,activist,0.000506292
sceptic,sceptic,0.9991721
activist,activist,0.0004222329
activist,activist,0.004876887
sceptic,sceptic,0.7999117
sceptic,activist,0.0005849732
activist,activist,0.0013912341
activist,activist,0.006984649
sceptic,sceptic,0.9384633
activist,activist,0.0060386634
activist,activist,0.11441799
activist,activist,0.00044945232
activist,activist,0.0010403185
sceptic,sceptic,0.994615
activist,activist,0.01507263
activist,activist,0.002895214
sceptic,sceptic,0.9466954
sceptic,sceptic,0.9998981
sceptic,sceptic,0.99988854
sceptic,sceptic,0.9951231
activist,activist,0.001976184
sceptic,sceptic,0.9998915
activist,activist,0.2567388
sceptic,activist,0.017425757
activist,activist,0.00036829791
sceptic,sceptic,0.8720208
activist,sceptic,0.95292586
sceptic,sceptic,0.72671664
sceptic,sceptic,0.7523766
sceptic,sceptic,0.9993436
sceptic,sceptic,0.9998809
activist,activist,0.0070938617
sceptic,sceptic,0.83927345
activist,activist,0.003524341
activist,activist,0.04867657
activist,activist,0.0009217804
sceptic,sceptic,0.999729
sceptic,sceptic,0.9998945
activist,activist,0.004190637
activist,activist,0.0005792917
sceptic,sceptic,0.98083925
activist,activist,0.0066153933
activist,activist,0.00088823045
activist,activist,0.005332886
activist,activist,0.00519988
activist,activist,0.00069731334
activist,activist,0.0671174
activist,activist,0.13701202
sceptic,sceptic,0.96411926
sceptic,sceptic,0.81815636
activist,activist,0.0008525667
activist,sceptic,0.51303947
activist,activist,0.0032858336
sceptic,sceptic,0.99988043
activist,activist,0.0014866153
sceptic,sceptic,0.9803186
sceptic,sceptic,0.9988991
sceptic,sceptic,0.9183339
activist,activist,0.017409043
activist,activist,0.005080037
activist,activist,0.016497836
sceptic,sceptic,0.97462875
sceptic,sceptic,0.9921233
activist,activist,0.00059071044
activist,activist,0.0067712096
activist,activist,0.0003275843
activist,activist,0.043528136
activist,activist,0.0013276093
activist,activist,0.0022562398
sceptic,sceptic,0.98247355
activist,activist,0.0010423502
sceptic,sceptic,0.9998535
activist,activist,0.06897519
activist,activist,0.0017477858
sceptic,sceptic,0.83548355
sceptic,sceptic,0.86573577
sceptic,sceptic,0.99948263
sceptic,sceptic,0.98549646
sceptic,sceptic,0.99978095
activist,activist,0.0056200363
activist,activist,0.00089869124
sceptic,sceptic,0.8395367
sceptic,sceptic,0.6069936
activist,activist,0.00045209235
activist,activist,0.00065254065
activist,activist,0.0055012386
activist,activist,0.0013019645
sceptic,sceptic,0.9993333
sceptic,sceptic,0.96521765
sceptic,activist,0.15778464
activist,activist,0.0007082866
activist,activist,0.0023413405
activist,sceptic,0.65698844
activist,activist,0.00090220553
activist,activist,0.0004390453
activist,sceptic,0.636805
activist,activist,0.028625505
sceptic,sceptic,0.9071478
activist,activist,0.011266297
activist,activist,0.0014721894
sceptic,sceptic,0.985129
activist,activist,0.18352045
sceptic,sceptic,0.9998945
sceptic,sceptic,0.9998746
sceptic,sceptic,0.9998876
activist,activist,0.0006865099
activist,activist,0.000578162
sceptic,sceptic,0.999892
sceptic,sceptic,0.99724233
activist,activist,0.0004984466
sceptic,sceptic,0.99983656
activist,activist,0.00032250723
sceptic,sceptic,0.9998727
activist,activist,0.0008813243
sceptic,activist,0.2554365
sceptic,sceptic,0.9701835
sceptic,sceptic,0.99988496
sceptic,sceptic,0.99988985
sceptic,sceptic,0.999879
sceptic,sceptic,0.9998596
sceptic,sceptic,0.99984765
sceptic,sceptic,0.9274948
activist,activist,0.03971326
activist,activist,0.005332886
activist,activist,0.00062146306
activist,activist,0.0004812358
sceptic,sceptic,0.67226446
activist,activist,0.005598249
activist,sceptic,0.6557219
activist,activist,0.0005193048
sceptic,sceptic,0.8003021
activist,activist,0.0005092657
activist,sceptic,0.81938803
activist,activist,0.00029023446
activist,activist,0.0024014052
sceptic,sceptic,0.55507725
activist,activist,0.039379433
sceptic,sceptic,0.9723885
sceptic,sceptic,0.9908744
activist,activist,0.31294715
activist,activist,0.06754669
activist,activist,0.020215968
activist,activist,0.00030297344
activist,activist,0.056704644
activist,sceptic,0.7217922
sceptic,sceptic,0.8499712
activist,activist,0.0029349516
sceptic,activist,0.28032076
sceptic,sceptic,0.9700419
activist,activist,0.00028629453
sceptic,sceptic,0.9998894
sceptic,activist,0.011961098
activist,activist,0.04228503
sceptic,sceptic,0.99184376
sceptic,sceptic,0.9997775
activist,activist,0.00054634205
activist,activist,0.0012018913
sceptic,sceptic,0.9998529
sceptic,sceptic,0.9743861
activist,activist,0.0077705807
activist,activist,0.0006411777
sceptic,sceptic,0.9998795
activist,activist,0.00069731334
activist,activist,0.004494525
sceptic,sceptic,0.8342044
activist,activist,0.005291605
sceptic,sceptic,0.7516026
sceptic,sceptic,0.80494314
sceptic,sceptic,0.9957353
activist,activist,0.0072890776
sceptic,sceptic,0.999894
activist,activist,0.0017308301
sceptic,sceptic,0.99922967
activist,activist,0.0031480708
sceptic,sceptic,0.9998776
activist,activist,0.0064882697
sceptic,sceptic,0.9943581
sceptic,sceptic,0.9995234
activist,activist,0.003422935
activist,activist,0.019512545
sceptic,sceptic,0.98926485
sceptic,sceptic,0.9998894
activist,activist,0.3390065
activist,activist,0.002336783
sceptic,sceptic,0.6500786
activist,activist,0.009358114
sceptic,sceptic,0.99983966
activist,sceptic,0.6314878
activist,activist,0.0003399649
sceptic,sceptic,0.999879
sceptic,sceptic,0.9979048
activist,activist,0.0118005965
activist,activist,0.0032858336
sceptic,sceptic,0.994146
sceptic,sceptic,0.9801293
activist,activist,0.00041084853
sceptic,sceptic,0.99987805
activist,activist,0.0014982575
activist,activist,0.0018785202
activist,activist,0.0008642928
sceptic,activist,0.48728454
sceptic,sceptic,0.99989605
activist,activist,0.0021405893
activist,activist,0.00066410477
sceptic,activist,0.42028725
sceptic,sceptic,0.9097468
sceptic,activist,0.13852006
sceptic,sceptic,0.9998313
activist,activist,0.03753801
sceptic,sceptic,0.9966949
sceptic,sceptic,0.999892
sceptic,sceptic,0.99988043
activist,activist,0.017917344
sceptic,sceptic,0.79518133
sceptic,sceptic,0.7152251
sceptic,sceptic,0.80995333
activist,activist,0.002673006
sceptic,sceptic,0.99589807
activist,activist,0.00039977106
sceptic,sceptic,0.99989367
sceptic,sceptic,0.9678082
activist,activist,0.0011763748
activist,activist,0.0018208296
sceptic,sceptic,0.99931216
activist,activist,0.000994665
sceptic,sceptic,0.96969944
activist,activist,0.0067449897
activist,activist,0.00034464317
sceptic,sceptic,0.90772206
activist,sceptic,0.6882851
activist,activist,0.0010670425
activist,activist,0.002019014
activist,activist,0.00034196203
activist,activist,0.00063371257
sceptic,sceptic,0.9978002
sceptic,activist,0.010052368
activist,activist,0.008762129
activist,activist,0.0011051808
activist,activist,0.0008072305
activist,activist,0.0018031665
activist,activist,0.13145173
sceptic,sceptic,0.9998746
sceptic,sceptic,0.98544043
activist,activist,0.00048311835
sceptic,activist,0.021064695
sceptic,sceptic,0.9928231
activist,activist,0.016882466
sceptic,sceptic,0.8041754
sceptic,sceptic,0.9998771
activist,activist,0.00032376905
sceptic,sceptic,0.99830914
activist,activist,0.090092994
activist,activist,0.015543648
sceptic,sceptic,0.9984841
sceptic,sceptic,0.97792566
activist,activist,0.0012042383
sceptic,sceptic,0.9744834
activist,activist,0.0005305765
sceptic,sceptic,0.99988365
sceptic,sceptic,0.9933975
activist,activist,0.011777842
sceptic,sceptic,0.99986756
activist,activist,0.003422935
activist,activist,0.0005838325
activist,activist,0.0004926423
sceptic,sceptic,0.9863105
sceptic,sceptic,0.99990237
sceptic,sceptic,0.99986815
activist,sceptic,0.6386663
sceptic,sceptic,0.9998634
sceptic,sceptic,0.9996451
sceptic,sceptic,0.9998876
sceptic,activist,0.028870907
sceptic,sceptic,0.9789353
sceptic,sceptic,0.9998771
activist,activist,0.012771868
activist,activist,0.000865981
sceptic,sceptic,0.9965503
sceptic,sceptic,0.99986553
activist,activist,0.0004916815
sceptic,sceptic,0.9785493
activist,activist,0.007149102
activist,activist,0.03468417
activist,activist,0.0003269453
activist,activist,0.0015669888
sceptic,sceptic,0.99952996
activist,activist,0.004306305
activist,sceptic,0.8421505
sceptic,sceptic,0.99986124
activist,activist,0.0003733659
activist,activist,0.00035350278
activist,activist,0.09687654
sceptic,sceptic,0.9911527
sceptic,sceptic,0.82824534
activist,activist,0.0009308179
activist,activist,0.012698199
activist,activist,0.0042729364
sceptic,sceptic,0.9998596
sceptic,sceptic,0.99752253
activist,activist,0.0017040416
activist,activist,0.0009308179
activist,activist,0.0045296163
sceptic,sceptic,0.9941233
activist,activist,0.0024726235
activist,activist,0.0011672309
activist,activist,0.0003951154
activist,activist,0.00783105
sceptic,sceptic,0.99988854
activist,activist,0.005565725
sceptic,sceptic,0.9920466
sceptic,sceptic,0.9984692
sceptic,sceptic,0.96381396
activist,activist,0.0008899655
activist,activist,0.0022430879
activist,activist,0.0008744718
sceptic,sceptic,0.9689738
sceptic,sceptic,0.99925774
activist,activist,0.0013564017
sceptic,sceptic,0.9998795
sceptic,sceptic,0.96823144
activist,activist,0.001518851
sceptic,activist,0.21883628
sceptic,sceptic,0.99988985
sceptic,sceptic,0.99989104
sceptic,sceptic,0.59809214
activist,activist,0.00036117696
activist,activist,0.001107339
activist,activist,0.0020111583
activist,activist,0.0011559008
sceptic,sceptic,0.99986553
activist,activist,0.0004373344
sceptic,sceptic,0.98926485
activist,activist,0.004848533
activist,activist,0.00025216964
activist,activist,0.0010525686
sceptic,activist,0.1336412
activist,activist,0.0055873864
activist,activist,0.007651032
sceptic,sceptic,0.99187535
sceptic,sceptic,0.9867005
sceptic,sceptic,0.9998771
activist,sceptic,0.8047131
activist,activist,0.0019006216
sceptic,sceptic,0.97093683
activist,activist,0.0008040859
activist,activist,0.00035488585
sceptic,sceptic,0.99987173
activist,activist,0.0054059
activist,activist,0.0012668908
activist,activist,0.004133968
sceptic,sceptic,0.9928786
sceptic,sceptic,0.9998889
activist,activist,0.080574244
sceptic,sceptic,0.9993773
sceptic,sceptic,0.99988496
activist,activist,0.00087617995
activist,activist,0.0009057334
sceptic,sceptic,0.9060729
sceptic,sceptic,0.99987113
activist,sceptic,0.5852641
sceptic,sceptic,0.999731
sceptic,sceptic,0.99642736
activist,activist,0.00078088854
activist,sceptic,0.9877587
sceptic,sceptic,0.90958625
sceptic,sceptic,0.994292
sceptic,sceptic,0.99988675
sceptic,sceptic,0.99988675
sceptic,sceptic,0.97543687
activist,sceptic,0.69773763
activist,activist,0.38143554
activist,activist,0.0013121625
sceptic,sceptic,0.9784671
sceptic,sceptic,0.9908744
activist,activist,0.0025016968
activist,activist,0.00090220553
activist,activist,0.025468081
activist,activist,0.0005647765
activist,activist,0.0042729364
sceptic,sceptic,0.99036634
activist,activist,0.00045121062
sceptic,sceptic,0.9683214
activist,activist,0.0020667946
sceptic,sceptic,0.9937588
sceptic,sceptic,0.92696756
activist,activist,0.0016040892
activist,sceptic,0.8710367
activist,activist,0.19528697
sceptic,activist,0.031291503
sceptic,sceptic,0.9759694
sceptic,sceptic,0.99918
sceptic,sceptic,0.99988043
activist,activist,0.0004424873
activist,sceptic,0.9203613
sceptic,sceptic,0.99988365
activist,activist,0.0006811711
activist,activist,0.0010005045
sceptic,sceptic,0.9988991
activist,activist,0.0018031665
sceptic,sceptic,0.9664738
sceptic,sceptic,0.99986863
activist,activist,0.0002994447
activist,activist,0.0008934456
sceptic,sceptic,0.9998827
activist,activist,0.025834186
sceptic,sceptic,0.99988496
sceptic,sceptic,0.991339
activist,activist,0.0008328334
activist,activist,0.00042971736
activist,activist,0.00095659646
sceptic,sceptic,0.9948704
sceptic,sceptic,0.99988127
sceptic,activist,0.007388676
activist,activist,0.08601587
sceptic,sceptic,0.99861693
activist,activist,0.0005305765
sceptic,sceptic,0.90371984
sceptic,sceptic,0.9980732
activist,activist,0.1766716
activist,activist,0.047913533
activist,activist,0.34556064
sceptic,sceptic,0.999879
activist,activist,0.00040844924
activist,activist,0.0014325365
sceptic,sceptic,0.99986756
sceptic,sceptic,0.9985221
activist,activist,0.0007643033
sceptic,sceptic,0.9189906
sceptic,sceptic,0.986904
activist,activist,0.00024062475
activist,activist,0.0049340907
sceptic,sceptic,0.99987996
activist,activist,0.0065897712
activist,sceptic,0.9912378
activist,activist,0.02439983
activist,activist,0.22194037
activist,activist,0.019014435
sceptic,sceptic,0.78604853
activist,activist,0.00055602525
activist,sceptic,0.96900314
activist,activist,0.0004812358
activist,sceptic,0.968111
sceptic,sceptic,0.98466414
activist,activist,0.341967
activist,activist,0.0013912341
activist,activist,0.019345103
sceptic,sceptic,0.99424744
sceptic,activist,0.40777552
activist,sceptic,0.8724018
activist,activist,0.00090750254
sceptic,sceptic,0.9977525
activist,activist,0.002169992
sceptic,sceptic,0.9997893
sceptic,activist,0.2900248
sceptic,sceptic,0.9827572
activist,activist,0.0013723688
sceptic,sceptic,0.93980294
activist,activist,0.010693759
sceptic,sceptic,0.8372876
activist,activist,0.0003935756
sceptic,sceptic,0.97792566
activist,activist,0.0044597047
activist,activist,0.0011902251
activist,activist,0.44398272
activist,activist,0.0005172813
activist,activist,0.02479816
sceptic,sceptic,0.99989235
sceptic,sceptic,0.9887554
activist,sceptic,0.6784335
sceptic,sceptic,0.99988365
activist,activist,0.00045831295
activist,activist,0.0028393746
activist,activist,0.0023550675
sceptic,sceptic,0.94825053
activist,activist,0.029731909
sceptic,sceptic,0.9488225
activist,activist,0.0004812358
sceptic,sceptic,0.95806944
activist,activist,0.00212811
activist,activist,0.0010382907
sceptic,sceptic,0.92529744
activist,activist,0.0005614787
activist,activist,0.00048595612
activist,activist,0.0012018913
sceptic,sceptic,0.9462997
activist,activist,0.0020348171
sceptic,sceptic,0.95460516
sceptic,sceptic,0.9911527
sceptic,sceptic,0.9942363
activist,activist,0.0005680935
activist,activist,0.00402291
sceptic,sceptic,0.999688
activist,activist,0.0016974094
activist,activist,0.00026842885
activist,activist,0.00041568946
sceptic,sceptic,0.52209365
activist,activist,0.049405243
sceptic,sceptic,0.9920312
sceptic,sceptic,0.9921537
sceptic,sceptic,0.9998585
activist,activist,0.00024536948
activist,activist,0.0026939143
activist,activist,0.00044770085
activist,activist,0.4601221
sceptic,sceptic,0.97386926
sceptic,sceptic,0.9998957
sceptic,sceptic,0.9991048
sceptic,sceptic,0.9998907
sceptic,sceptic,0.9759235
sceptic,sceptic,0.9998832
sceptic,sceptic,0.99903214
activist,activist,0.2690374
sceptic,sceptic,0.9797647
sceptic,sceptic,0.9638821
activist,activist,0.0009128307
activist,activist,0.0003974364
activist,activist,0.0005941797
sceptic,sceptic,0.9937588
activist,activist,0.009268014
sceptic,sceptic,0.8528742
sceptic,sceptic,0.9976586
activist,activist,0.021287354
sceptic,sceptic,0.77167153
sceptic,sceptic,0.99964166
activist,activist,0.0047644526
sceptic,sceptic,0.8623517
activist,activist,0.0003859661
sceptic,sceptic,0.95536083
activist,activist,0.0041743675
sceptic,sceptic,0.9985952
sceptic,activist,0.01048909
sceptic,activist,0.17902765
sceptic,sceptic,0.7995597
activist,activist,0.014785408
activist,sceptic,0.6131641
sceptic,sceptic,0.9998752
sceptic,sceptic,0.9996711
sceptic,sceptic,0.79905057
activist,activist,0.0007408056
activist,activist,0.00069054146
sceptic,sceptic,0.9078855
sceptic,sceptic,0.99036634
sceptic,sceptic,0.6777407
sceptic,sceptic,0.99986446
sceptic,activist,0.03365296
sceptic,sceptic,0.9992237
sceptic,sceptic,0.999892
sceptic,sceptic,0.9998915
sceptic,sceptic,0.9823216
activist,activist,0.00042887926
sceptic,sceptic,0.9998702
sceptic,sceptic,0.9985619
activist,sceptic,0.655529
activist,activist,0.00028573602
activist,activist,0.45890942
activist,activist,0.0039607873
sceptic,sceptic,0.9998697
sceptic,sceptic,0.99959785
activist,activist,0.000506292
activist,activist,0.0017040416
sceptic,sceptic,0.9745077
activist,activist,0.047691286
activist,activist,0.34557444
activist,activist,0.0005305765
activist,activist,0.00135905
sceptic,sceptic,0.964822
sceptic,sceptic,0.999015
sceptic,sceptic,0.9933975
sceptic,sceptic,0.99792105
sceptic,sceptic,0.85421705
activist,activist,0.006666932
activist,activist,0.016308766
activist,activist,0.0137158735
activist,activist,0.22652687
sceptic,sceptic,0.9998876
activist,activist,0.08419108
activist,activist,0.0008442883
activist,sceptic,0.7277337
sceptic,sceptic,0.6121648
sceptic,activist,0.048405956
activist,activist,0.00023689508
activist,activist,0.028734319
activist,activist,0.12967803
activist,activist,0.0009754452
activist,sceptic,0.7933462
sceptic,sceptic,0.999617
activist,activist,0.00078854576
activist,activist,0.00036829791
sceptic,sceptic,0.9995939
sceptic,activist,0.38974974
sceptic,sceptic,0.99987566
activist,activist,0.00039977106
sceptic,sceptic,0.99988806
activist,activist,0.0006082617
activist,activist,0.016340127
activist,activist,0.07821887
activist,activist,0.0011402229
activist,activist,0.11526177
sceptic,sceptic,0.9627783
sceptic,sceptic,0.9998752
activist,activist,0.0003263076
activist,activist,0.0012868157
activist,activist,0.0019154999
sceptic,sceptic,0.8354164
activist,activist,0.28412887
sceptic,sceptic,0.958187
sceptic,sceptic,0.999892
activist,activist,0.010032952
activist,activist,0.0004148787
sceptic,sceptic,0.9998771
sceptic,sceptic,0.99980897
sceptic,sceptic,0.99957615
activist,activist,0.12885365
sceptic,sceptic,0.8116014
activist,activist,0.0018748618
sceptic,activist,0.020312909
activist,activist,0.2679346
sceptic,sceptic,0.7538293
sceptic,sceptic,0.9997851
sceptic,activist,0.0018066854
sceptic,sceptic,0.99984455
activist,activist,0.00031627133
activist,sceptic,0.9043131
sceptic,sceptic,0.99988985
sceptic,sceptic,0.99986064
sceptic,sceptic,0.99984026
activist,activist,0.19004665
activist,activist,0.0024678102
sceptic,sceptic,0.9334308
activist,activist,0.010839369
sceptic,sceptic,0.9956346
sceptic,sceptic,0.99987364
activist,activist,0.0006436856
activist,activist,0.00025118678
activist,activist,0.0010712142
activist,activist,0.0003974364
activist,activist,0.0025261848
sceptic,sceptic,0.99929166
activist,activist,0.002923543
sceptic,sceptic,0.9991943
sceptic,sceptic,0.99988985
sceptic,sceptic,0.999892
sceptic,sceptic,0.92107415
activist,activist,0.00091105123
activist,sceptic,0.60626537
sceptic,sceptic,0.99988675
sceptic,sceptic,0.9998889
activist,activist,0.18899663
sceptic,sceptic,0.9998859
sceptic,sceptic,0.9998965
activist,activist,0.00039204178
sceptic,sceptic,0.99989843
activist,activist,0.0011030266
sceptic,sceptic,0.99984396
sceptic,sceptic,0.9998697
sceptic,sceptic,0.9841241
sceptic,sceptic,0.99987066
sceptic,sceptic,0.9987257
activist,activist,0.001261958
sceptic,sceptic,0.99983966
sceptic,sceptic,0.99066
sceptic,sceptic,0.92944044
activist,activist,0.007504158
sceptic,sceptic,0.982971
activist,activist,0.0004945695
sceptic,sceptic,0.930395
activist,activist,0.007999754
activist,activist,0.0010382907
activist,activist,0.0003263076
activist,activist,0.005149607
activist,activist,0.00045831295
activist,activist,0.0048297215
activist,activist,0.0019117693
sceptic,sceptic,0.945248
activist,activist,0.0017308301
activist,activist,0.0012718429
sceptic,sceptic,0.9989936
activist,activist,0.21166113
activist,activist,0.0068107313
activist,activist,0.0008009536
sceptic,sceptic,0.7947835
sceptic,sceptic,0.99765414
sceptic,activist,0.38196853
activist,activist,0.01802074
activist,activist,0.005448068
sceptic,activist,0.022435624
sceptic,sceptic,0.99240804
activist,activist,0.001133569
sceptic,sceptic,0.8595459
activist,activist,0.0005527786
activist,activist,0.0005714301
activist,activist,0.0021489493
sceptic,sceptic,0.988514
activist,activist,0.0037727477
activist,activist,0.043163687
sceptic,sceptic,0.72618294
activist,activist,0.0030278352
sceptic,sceptic,0.5777262
activist,activist,0.28145498
activist,sceptic,0.9886464
activist,activist,0.0009491592
sceptic,sceptic,0.99984705
sceptic,sceptic,0.98168314
sceptic,sceptic,0.99949765
activist,activist,0.0024822769
sceptic,sceptic,0.9990226
sceptic,sceptic,0.9998267
activist,activist,0.00705271
sceptic,sceptic,0.9938309
sceptic,sceptic,0.96688277
sceptic,sceptic,0.9915052
activist,activist,0.005544146
sceptic,sceptic,0.9907678
sceptic,sceptic,0.9747731
activist,activist,0.004070138
activist,activist,0.0006512682
sceptic,activist,0.032283258
activist,activist,0.0007422528
sceptic,sceptic,0.9953904
sceptic,sceptic,0.99820733
activist,activist,0.0019646615
activist,activist,0.0059803305
sceptic,sceptic,0.99988806
activist,activist,0.007176882
activist,activist,0.0005305765
activist,activist,0.005060332
activist,sceptic,0.7619816
activist,activist,0.017209712
activist,sceptic,0.93318766
activist,activist,0.022802636
activist,activist,0.0028173407
sceptic,sceptic,0.99986017
activist,activist,0.00063992746
activist,activist,0.008203785
sceptic,sceptic,0.9954704
activist,activist,0.0066153933
sceptic,sceptic,0.8878869
sceptic,sceptic,0.9896918
sceptic,sceptic,0.9997203
activist,activist,0.024680352
sceptic,sceptic,0.996503
sceptic,sceptic,0.9922144
sceptic,sceptic,0.999902
activist,sceptic,0.7397516
sceptic,sceptic,0.9998872
sceptic,sceptic,0.9985952
sceptic,sceptic,0.9998902
sceptic,sceptic,0.9932156
sceptic,sceptic,0.9998822
sceptic,sceptic,0.8511504
sceptic,sceptic,0.9998697
activist,activist,0.007218753
activist,activist,0.002895214
activist,activist,0.00023689508
sceptic,sceptic,0.9280836
activist,activist,0.00033797944
sceptic,sceptic,0.9997546
activist,activist,0.0012545943
activist,sceptic,0.9956006
sceptic,sceptic,0.9997775
activist,activist,0.0020829707
sceptic,sceptic,0.99922514
activist,activist,0.0017649074
activist,activist,0.0011269539
sceptic,sceptic,0.8659059
activist,activist,0.0012521496
sceptic,sceptic,0.9986749
activist,activist,0.00027479266
sceptic,sceptic,0.9772842
activist,activist,0.26246357
sceptic,sceptic,0.9137535
activist,activist,0.02025469
sceptic,sceptic,0.878627
activist,activist,0.00043478046
sceptic,sceptic,0.9811488
sceptic,sceptic,0.99989724
activist,activist,0.0008247465
sceptic,sceptic,0.91949815
sceptic,activist,0.26870146
activist,activist,0.025957355
sceptic,activist,0.36851928
sceptic,activist,0.07606381
activist,activist,0.0039530895
sceptic,sceptic,0.9951609
activist,activist,0.040313438
sceptic,sceptic,0.9993575
sceptic,activist,0.47085446
activist,activist,0.1791712
activist,activist,0.0003777654
sceptic,sceptic,0.99987996
activist,activist,0.0007509956
activist,activist,0.0041259355
sceptic,sceptic,0.9411694
sceptic,sceptic,0.70385486
activist,activist,0.0010362669
activist,activist,0.0003327413
sceptic,sceptic,0.9801673
activist,activist,0.01447569
activist,activist,0.0551069
sceptic,sceptic,0.9998766
sceptic,sceptic,0.9576754
activist,activist,0.00025714198
sceptic,sceptic,0.99846625
sceptic,sceptic,0.97223073
sceptic,sceptic,0.9924521
sceptic,sceptic,0.9987503
sceptic,sceptic,0.9998671
sceptic,sceptic,0.9998629
activist,activist,0.009055264
activist,activist,0.035611413
activist,activist,0.001976184
activist,activist,0.18557793
activist,activist,0.00078854576
activist,activist,0.00085590064
sceptic,activist,0.118998006
activist,sceptic,0.7445171
sceptic,activist,0.005448068
sceptic,activist,0.4353313
sceptic,sceptic,0.99987113
sceptic,sceptic,0.97803074
sceptic,sceptic,0.96606
activist,activist,0.00032313753
activist,activist,0.020764738
activist,activist,0.0004994205
activist,activist,0.0006011795
activist,activist,0.007218753
sceptic,activist,0.49150166
sceptic,sceptic,0.994089
sceptic,activist,0.066934206
activist,activist,0.0013617034
activist,activist,0.0005603838
activist,activist,0.11090373
sceptic,sceptic,0.95961094
sceptic,sceptic,0.92696756
sceptic,sceptic,0.7025301
activist,activist,0.0019304943
sceptic,sceptic,0.99860877
sceptic,sceptic,0.9998629
activist,sceptic,0.60246366
activist,activist,0.0015517841
sceptic,sceptic,0.94176143
sceptic,sceptic,0.9550264
activist,activist,0.00050530455
activist,activist,0.00037555918
activist,activist,0.008511303
sceptic,sceptic,0.9992312
activist,activist,0.00063001254
activist,activist,0.00057703455
sceptic,sceptic,0.9998932
activist,activist,0.013171949
activist,activist,0.004905406
activist,activist,0.008864499
activist,activist,0.00043563012
sceptic,sceptic,0.9998535
activist,activist,0.0005305765
sceptic,sceptic,0.9998969
sceptic,sceptic,0.99649614
activist,activist,0.0036713579
activist,activist,0.0012399962
activist,activist,0.005384938
activist,activist,0.00068919506
sceptic,activist,0.38214144
activist,sceptic,0.8731607
sceptic,sceptic,0.99986124
sceptic,sceptic,0.99985456
activist,activist,0.012194133
activist,activist,0.2869179
activist,activist,0.020844316
sceptic,sceptic,0.79842263
activist,activist,0.025130948
activist,activist,0.00044945232
activist,activist,0.0018315101
activist,activist,0.00042388475
activist,activist,0.0045296163
sceptic,sceptic,0.94699025
activist,sceptic,0.9762654
activist,activist,0.0010083435
sceptic,sceptic,0.9953994
sceptic,sceptic,0.9758085
activist,activist,0.0014076104
activist,sceptic,0.6446447
activist,activist,0.0005815577
activist,activist,0.00577493
activist,activist,0.0007495314
sceptic,sceptic,0.98886347
activist,activist,0.0056748753
sceptic,sceptic,0.73354733
sceptic,sceptic,0.9973425
sceptic,sceptic,0.5742194
activist,activist,0.0049149487
sceptic,sceptic,0.9998771
sceptic,sceptic,0.9998574
sceptic,sceptic,0.91181
sceptic,sceptic,0.9998915
activist,activist,0.06730107
activist,activist,0.001827943
sceptic,sceptic,0.99988544
activist,activist,0.0020348171
sceptic,activist,0.304145
activist,activist,0.010013569
activist,activist,0.0008279719
sceptic,sceptic,0.99889696
sceptic,sceptic,0.9814534
activist,activist,0.00066670234
activist,activist,0.00052747846
activist,activist,0.00040290525
sceptic,sceptic,0.99813604
sceptic,sceptic,0.9847378
activist,activist,0.00062755786
sceptic,sceptic,0.99988985
sceptic,sceptic,0.60276324
activist,activist,0.00032187812
activist,activist,0.00081355654
sceptic,sceptic,0.9998902
sceptic,sceptic,0.941007
sceptic,activist,0.06506811
activist,activist,0.00044076296
sceptic,sceptic,0.99988806
activist,sceptic,0.6595696
activist,activist,0.000532652
activist,activist,0.003209961
sceptic,sceptic,0.9326989
activist,activist,0.050144248
activist,activist,0.00045474793
sceptic,sceptic,0.9990471
sceptic,sceptic,0.9998623
activist,activist,0.0020348171
activist,activist,0.00030297344
activist,activist,0.004117918
sceptic,sceptic,0.99808073
sceptic,sceptic,0.7322091
sceptic,sceptic,0.9998872
activist,activist,0.00030534895
activist,activist,0.0007947255
activist,activist,0.06791668
sceptic,activist,0.37357584
sceptic,activist,0.4355939
sceptic,sceptic,0.9998771
activist,activist,0.00089693937
activist,activist,0.0041099153
sceptic,sceptic,0.9989556
activist,activist,0.00093263603
sceptic,sceptic,0.67217034
sceptic,sceptic,0.999826
activist,activist,0.0009436193
sceptic,sceptic,0.97958976
sceptic,sceptic,0.99988544
sceptic,activist,0.161717
sceptic,sceptic,0.9998752
sceptic,sceptic,0.99935883
activist,activist,0.14092635
activist,activist,0.011597362
activist,activist,0.000628784
activist,activist,0.00042388475
activist,sceptic,0.9937588
activist,activist,0.09782047
activist,activist,0.003831932
sceptic,sceptic,0.99827254
sceptic,activist,0.4485225
activist,activist,0.0011626856
sceptic,sceptic,0.997399
sceptic,sceptic,0.999729
sceptic,sceptic,0.91125864
sceptic,sceptic,0.9457011
sceptic,sceptic,0.56713516
sceptic,sceptic,0.9998894
sceptic,sceptic,0.99985516
activist,activist,0.00095659646
activist,activist,0.008412978
activist,activist,0.0012570443
activist,activist,0.0019380354
sceptic,activist,0.15591201
activist,activist,0.00042471313
sceptic,sceptic,0.88856554
activist,activist,0.024007747
activist,activist,0.0007138379
sceptic,sceptic,0.76611876
activist,activist,0.0011491554
sceptic,activist,0.1670148
sceptic,sceptic,0.99987805
activist,activist,0.010776726
sceptic,sceptic,0.9998894
sceptic,sceptic,0.9998535
sceptic,sceptic,0.9998771
activist,activist,0.0014214043
sceptic,sceptic,0.9997029
sceptic,sceptic,0.9914722
sceptic,sceptic,0.967225
activist,activist,0.00025714198
sceptic,activist,0.26985443
activist,activist,0.15902139
activist,activist,0.16151853
sceptic,sceptic,0.99447733
activist,activist,0.000578162
sceptic,sceptic,0.99988854
sceptic,sceptic,0.9627082
activist,activist,0.027690258
activist,activist,0.0039607873
sceptic,sceptic,0.9924959
activist,activist,0.003714474
activist,activist,0.011397587
sceptic,sceptic,0.999879
sceptic,sceptic,0.9998746
sceptic,sceptic,0.99988854
sceptic,sceptic,0.9954261
activist,activist,0.0033569518
activist,activist,0.007815888
sceptic,activist,0.015998371
activist,activist,0.009840806
activist,activist,0.00026634047
sceptic,sceptic,0.9973786
sceptic,sceptic,0.7802442
sceptic,sceptic,0.9658996
sceptic,sceptic,0.78431904
sceptic,sceptic,0.55802596
activist,sceptic,0.882022
activist,activist,0.0003314445
activist,activist,0.0005838325
sceptic,sceptic,0.6918618
activist,activist,0.0011559008
sceptic,sceptic,0.99988806
sceptic,sceptic,0.99674594
sceptic,sceptic,0.8583628
activist,activist,0.0005838325
activist,activist,0.0005747862
activist,activist,0.00094730896
activist,activist,0.0012843083
activist,activist,0.03138043
activist,activist,0.0008119704
sceptic,sceptic,0.9381806
activist,activist,0.045183755
sceptic,sceptic,0.93127525
sceptic,sceptic,0.6208946
activist,activist,0.009504082
activist,activist,0.0033244372
sceptic,sceptic,0.9998771
activist,activist,0.00090750254
activist,activist,0.00038221668
sceptic,activist,0.047602657
sceptic,sceptic,0.98123896
activist,activist,0.00033404317
activist,activist,0.0012303581
sceptic,sceptic,0.9773492
activist,activist,0.0011030266
sceptic,sceptic,0.99989367
activist,sceptic,0.5452857
sceptic,sceptic,0.9998596
sceptic,sceptic,0.9998989
sceptic,sceptic,0.9997818
activist,activist,0.0016941031
activist,activist,0.0008899655
sceptic,sceptic,0.9998752
sceptic,sceptic,0.9906238
activist,activist,0.007121429
sceptic,sceptic,0.9998952
activist,activist,0.003045574
activist,activist,0.0030994155
activist,activist,0.009055264
activist,activist,0.00057031563
activist,activist,0.0022961588
activist,activist,0.0012303581
activist,activist,0.0018602987
sceptic,activist,0.07723878
sceptic,sceptic,0.96073127
sceptic,sceptic,0.8992984
activist,activist,0.0005336929
sceptic,sceptic,0.9961755
sceptic,sceptic,0.9896718
activist,activist,0.1373588
sceptic,activist,0.020488555
activist,activist,0.033812113
sceptic,sceptic,0.9940428
activist,activist,0.323968
activist,activist,0.0004812358
sceptic,sceptic,0.9067358
activist,activist,0.0121003855
activist,activist,0.0035518843
sceptic,sceptic,0.9467446
activist,activist,0.09073549
sceptic,sceptic,0.96312666
activist,activist,0.00033015275
activist,activist,0.0012255674
sceptic,sceptic,0.9979007
activist,activist,0.0021322616
sceptic,sceptic,0.9983059
activist,activist,0.15856487
sceptic,sceptic,0.9114165
sceptic,activist,0.036769465
sceptic,sceptic,0.97986126
sceptic,sceptic,0.99989235
sceptic,sceptic,0.9933072
activist,activist,0.004015092
activist,activist,0.16919987
sceptic,sceptic,0.97259754
sceptic,sceptic,0.9773492
sceptic,activist,0.034197055
activist,activist,0.0026939143
sceptic,sceptic,0.8233284
activist,activist,0.031768616
sceptic,sceptic,0.9881765
activist,activist,0.0003250359
sceptic,sceptic,0.9998766
activist,activist,0.056704644
sceptic,sceptic,0.68883485
sceptic,sceptic,0.89629674
activist,activist,0.01892357
sceptic,sceptic,0.9998771
sceptic,sceptic,0.9998863
activist,activist,0.0063759354
sceptic,sceptic,0.9182606
sceptic,activist,0.031618766
activist,activist,0.00038747612
activist,activist,0.0005305765
activist,activist,0.003937739
sceptic,sceptic,0.99448806
sceptic,sceptic,0.9996923
sceptic,sceptic,0.84156543
sceptic,activist,0.0016974094
activist,activist,0.0009850082
activist,activist,0.010818449
sceptic,sceptic,0.9507321
sceptic,sceptic,0.9283439
activist,activist,0.0034834242
sceptic,sceptic,0.99495924
activist,activist,0.005945599
activist,activist,0.009955652
activist,activist,0.0004984466
activist,activist,0.0019229825
activist,activist,0.00068250194
activist,activist,0.0074317735
activist,activist,0.2986959
activist,activist,0.022650808
activist,activist,0.000725071
activist,activist,0.008511303
sceptic,sceptic,0.9998727
activist,activist,0.19117662
sceptic,activist,0.25275275
activist,sceptic,0.528849
activist,activist,0.0003275843
sceptic,activist,0.10079008
activist,activist,0.18817474
activist,activist,0.00036329866
activist,activist,0.0009146137
activist,activist,0.0003187511
activist,activist,0.0003618828
sceptic,sceptic,0.9941347
activist,activist,0.000712446
activist,activist,0.03601607
sceptic,sceptic,0.9995308
sceptic,sceptic,0.98926485
activist,activist,0.008711384
activist,activist,0.0005142608
activist,activist,0.0019117693
sceptic,activist,0.10590205
activist,activist,0.0011972112
activist,activist,0.00035143827
activist,activist,0.0004459562
activist,activist,0.0006487309
sceptic,sceptic,0.99783427
activist,activist,0.00030834458
activist,activist,0.44450453
activist,activist,0.0005884088
activist,activist,0.0005102608
activist,activist,0.0029178553
sceptic,sceptic,0.97204566
sceptic,sceptic,0.99866986
sceptic,sceptic,0.98403233
sceptic,sceptic,0.9998634
activist,activist,0.00044335198
sceptic,sceptic,0.99988675
activist,activist,0.00069867563
sceptic,sceptic,0.9998889
activist,activist,0.0026522595
activist,activist,0.03293013
activist,activist,0.00038221668
sceptic,sceptic,0.9999008
activist,activist,0.07992552
sceptic,sceptic,0.97671366
sceptic,sceptic,0.9780517
activist,activist,0.011664719
sceptic,sceptic,0.5639784
activist,activist,0.038683496
sceptic,sceptic,0.77670765
activist,activist,0.018869253
activist,activist,0.0005172813
activist,activist,0.001622967
sceptic,sceptic,0.74581516
sceptic,sceptic,0.995523
activist,activist,0.0009417797
sceptic,sceptic,0.5032348
sceptic,sceptic,0.9943141
activist,activist,0.0019916527
sceptic,sceptic,0.9753666
activist,sceptic,0.9279531
activist,activist,0.0017207356
activist,activist,0.45388585
activist,activist,0.009214366
activist,activist,0.0022694687
sceptic,sceptic,0.9923934
activist,activist,0.020665687
activist,activist,0.014172365
activist,activist,0.00045741905
sceptic,activist,0.2012632
sceptic,sceptic,0.9998629
sceptic,sceptic,0.995037
sceptic,sceptic,0.9998771
sceptic,sceptic,0.99666256
activist,activist,0.00025514138
sceptic,activist,0.103476524
activist,activist,0.38505667
activist,activist,0.0004485757
activist,activist,0.003976228
sceptic,sceptic,0.99752253
activist,activist,0.0013939502
activist,activist,0.09842542
activist,activist,0.0003089472
activist,activist,0.0007643033
activist,activist,0.0007854739
activist,activist,0.00043648144
activist,sceptic,0.996108
activist,activist,0.00044335198
activist,activist,0.018599967
sceptic,sceptic,0.98102194
sceptic,sceptic,0.9988373
activist,activist,0.42653057
sceptic,sceptic,0.94463825
activist,activist,0.4013505
activist,activist,0.49249324
activist,activist,0.0003065437
sceptic,sceptic,0.9976495
sceptic,sceptic,0.9998697
sceptic,activist,0.049773455
activist,activist,0.0006851713
sceptic,activist,0.48410568
activist,activist,0.0003327413
sceptic,sceptic,0.9943251
activist,activist,0.00065765524
sceptic,sceptic,0.99568534
sceptic,sceptic,0.99857855
activist,activist,0.0006487309
activist,activist,0.00044945232
activist,activist,0.00048217614
activist,activist,0.000720838
sceptic,sceptic,0.9838005
activist,activist,0.00036400868
activist,activist,0.00045121062
activist,activist,0.0015761828
sceptic,sceptic,0.99918
activist,activist,0.00043478046
sceptic,sceptic,0.9998785
sceptic,sceptic,0.99621993
sceptic,sceptic,0.99780446
activist,activist,0.0023051254
activist,activist,0.0022562398
activist,activist,0.0015427325
sceptic,activist,0.20890425
activist,activist,0.0016743994
sceptic,sceptic,0.50806355
sceptic,sceptic,0.99987113
sceptic,sceptic,0.9998671
sceptic,sceptic,0.9931629
sceptic,activist,0.4122343
activist,activist,0.0019304943
sceptic,sceptic,0.99813604
activist,activist,0.00095659646
sceptic,sceptic,0.99976224
activist,activist,0.0011604195
activist,activist,0.00036543285
activist,sceptic,0.99153805
activist,activist,0.0012255674
activist,activist,0.0002959571
activist,activist,0.00027372167
sceptic,sceptic,0.9998623
activist,activist,0.00030415886
activist,activist,0.20394525
sceptic,sceptic,0.9998827
activist,activist,0.0068107313
activist,activist,0.001867566
activist,sceptic,0.59070545
activist,activist,0.0004840624
activist,activist,0.0004907226
activist,activist,0.0006798429
sceptic,sceptic,0.9998141
sceptic,sceptic,0.9980161
sceptic,sceptic,0.9998574
sceptic,sceptic,0.9998902
sceptic,sceptic,0.99988127
sceptic,sceptic,0.9998832
sceptic,sceptic,0.96069443
activist,activist,0.00035281325
activist,activist,0.00047842565
activist,activist,0.0021784669
sceptic,sceptic,0.9992735
sceptic,sceptic,0.9901782
sceptic,sceptic,0.9854124
sceptic,activist,0.3681785
activist,activist,0.0005527786
activist,activist,0.048092045
sceptic,sceptic,0.8133867
sceptic,sceptic,0.9880965
sceptic,sceptic,0.5825504
sceptic,sceptic,0.8265718
activist,activist,0.04804736
activist,activist,0.00029137006
sceptic,sceptic,0.99889046
activist,activist,0.0051296344
activist,activist,0.0021322616
activist,activist,0.0017443813
activist,activist,0.0036856742
activist,sceptic,0.96672606
activist,activist,0.029958114
activist,activist,0.0006811711
activist,activist,0.00036400868
activist,activist,0.00089519075
sceptic,sceptic,0.99989367
activist,activist,0.0019646615
activist,activist,0.0010505168
sceptic,sceptic,0.9878762
activist,activist,0.0010691264
sceptic,sceptic,0.9998535
activist,activist,0.0013993984
sceptic,sceptic,0.98442644
activist,activist,0.0018639286
sceptic,sceptic,0.9956176
activist,activist,0.0019006216
sceptic,sceptic,0.98076576
activist,activist,0.00045741905
sceptic,sceptic,0.9708264
sceptic,sceptic,0.8893368
activist,activist,0.0012327607
sceptic,sceptic,0.8789391
sceptic,sceptic,0.9998952
activist,activist,0.014643826
sceptic,sceptic,0.99784267
activist,activist,0.0010505168
activist,activist,0.0006785172
activist,activist,0.00045474793
sceptic,sceptic,0.99916387
sceptic,sceptic,0.999892
activist,activist,0.0024919678
sceptic,sceptic,0.9925103
activist,activist,0.0025163612
activist,activist,0.0013723688
activist,sceptic,0.7069497
sceptic,sceptic,0.94957596
activist,activist,0.0011536479
activist,activist,0.00032187812
activist,activist,0.00035006859
sceptic,sceptic,0.9998118
sceptic,sceptic,0.97737074
sceptic,sceptic,0.9998752
activist,activist,0.0012042383
activist,activist,0.008412978
sceptic,sceptic,0.98922324
sceptic,sceptic,0.6460137
activist,activist,0.48270345
sceptic,sceptic,0.9977349
sceptic,sceptic,0.9848547
activist,activist,0.008711384
activist,activist,0.07578975
sceptic,sceptic,0.9888204
sceptic,sceptic,0.99883956
sceptic,sceptic,0.97984195
activist,activist,0.0022126965
activist,activist,0.00038147118
activist,activist,0.0064256205
activist,activist,0.0003799845
activist,activist,0.006363574
sceptic,sceptic,0.9993525
sceptic,sceptic,0.9998005
activist,activist,0.000543152
sceptic,sceptic,0.9998591
sceptic,sceptic,0.9998889
activist,activist,0.0527164
activist,activist,0.00066931
activist,activist,0.005544146
activist,sceptic,0.93611
activist,activist,0.010693759
sceptic,sceptic,0.9992312
sceptic,sceptic,0.98287266
sceptic,sceptic,0.968441
sceptic,sceptic,0.9926684
sceptic,sceptic,0.99986815
activist,activist,0.00036472004
activist,activist,0.0014924251
activist,activist,0.00081673806
sceptic,sceptic,0.7855554
sceptic,sceptic,0.97925514
sceptic,sceptic,0.9996711
sceptic,activist,0.27048022
activist,activist,0.00038521324
sceptic,sceptic,0.99988806
sceptic,sceptic,0.9823047
activist,activist,0.0064131636
activist,activist,0.0004148787
activist,activist,0.05577169
sceptic,sceptic,0.99989104
sceptic,sceptic,0.9976404
activist,activist,0.0036428906
activist,activist,0.012264914
activist,activist,0.00031750882
activist,activist,0.00086092605
activist,activist,0.21386933
sceptic,sceptic,0.99769044
activist,activist,0.12378871
sceptic,sceptic,0.99895155
activist,activist,0.0017511968
activist,activist,0.05754622
sceptic,sceptic,0.92310846
sceptic,sceptic,0.9970073
activist,activist,0.00078088854
activist,sceptic,0.85687214
sceptic,sceptic,0.9965166
sceptic,sceptic,0.9637117
sceptic,sceptic,0.99988854
sceptic,sceptic,0.98370695
sceptic,sceptic,0.82161736
activist,activist,0.15495056
activist,activist,0.009840806
activist,activist,0.00039204178
activist,activist,0.0012042383
sceptic,sceptic,0.9744834
sceptic,sceptic,0.9980122
activist,activist,0.0010670425
activist,activist,0.0004485757
activist,activist,0.00034599163
sceptic,sceptic,0.99990165
sceptic,activist,0.0016875096
activist,activist,0.0003250359
activist,activist,0.0046006194
sceptic,sceptic,0.9984022
activist,activist,0.0005838325
activist,activist,0.0067975316
sceptic,sceptic,0.98178816
activist,activist,0.005395409
activist,activist,0.20681395
activist,activist,0.00079939206
activist,activist,0.00046826137
sceptic,activist,0.43046904
sceptic,sceptic,0.9945095
activist,activist,0.00045474793
activist,activist,0.00048595612
sceptic,sceptic,0.9872773
activist,activist,0.00036973885
activist,activist,0.00038747612
sceptic,sceptic,0.9996178
sceptic,sceptic,0.95751673
activist,activist,0.0013045068
activist,activist,0.0024726235
activist,activist,0.0011604195
sceptic,activist,0.13139598
sceptic,sceptic,0.99306935
activist,activist,0.0024249142
sceptic,sceptic,0.999879
activist,activist,0.00054740964
sceptic,sceptic,0.9859904
activist,activist,0.0026419468
activist,activist,0.0011446805
activist,activist,0.0028173407
activist,activist,0.0006811711
sceptic,sceptic,0.9998876
sceptic,sceptic,0.9998876
sceptic,sceptic,0.99690056
sceptic,sceptic,0.9293763
sceptic,sceptic,0.99989283
activist,activist,0.0005092657
activist,sceptic,0.9835496
sceptic,sceptic,0.9998579
sceptic,sceptic,0.9966036
activist,activist,0.00032376905
activist,activist,0.0033115193
activist,activist,0.00032440183
sceptic,sceptic,0.9989718
sceptic,sceptic,0.9997631
sceptic,sceptic,0.9998989
sceptic,sceptic,0.9938548
sceptic,sceptic,0.9523088
sceptic,sceptic,0.99987066
activist,activist,0.34775856
activist,activist,0.0003138109
sceptic,activist,0.26298377
activist,activist,0.000334696
activist,sceptic,0.9186994
activist,activist,0.1895961
activist,activist,0.00028075863
activist,activist,0.018316885
activist,activist,0.0012968953
sceptic,sceptic,0.9998746
sceptic,activist,0.083890386
activist,activist,0.0003263076
sceptic,sceptic,0.99482024
sceptic,sceptic,0.9999001
activist,activist,0.0248928
sceptic,sceptic,0.99988496
sceptic,sceptic,0.9998191
activist,activist,0.00048785715
activist,activist,0.00041568946
activist,sceptic,0.98378503
activist,activist,0.00089693937
sceptic,sceptic,0.5443397
sceptic,sceptic,0.99987173
activist,activist,0.0006785172
activist,activist,0.0005336929
activist,activist,0.0025608707
activist,activist,0.00034734528
sceptic,sceptic,0.9992312
activist,activist,0.0056091323
activist,activist,0.024076488
activist,activist,0.011869121
sceptic,sceptic,0.7424217
activist,activist,0.0003366622
sceptic,sceptic,0.9761292
sceptic,sceptic,0.9998822
sceptic,sceptic,0.99989486
activist,activist,0.00028240806
sceptic,sceptic,0.983327
activist,activist,0.0011160143
sceptic,sceptic,0.9941347
activist,sceptic,0.9240733
activist,activist,0.00027640708
activist,activist,0.0014465743
sceptic,sceptic,0.92756045
activist,activist,0.0016974094
sceptic,sceptic,0.999894
activist,activist,0.05829221
sceptic,sceptic,0.9998889
activist,activist,0.011664719
activist,activist,0.2132133
activist,activist,0.0027044294
sceptic,sceptic,0.99892455
activist,sceptic,0.6550327
sceptic,sceptic,0.9988575
activist,activist,0.00022604932
sceptic,sceptic,0.9998795
activist,activist,0.0011604195
sceptic,sceptic,0.9494355
sceptic,sceptic,0.9998771
sceptic,sceptic,0.99901116
activist,activist,0.002736221
sceptic,sceptic,0.9966365
sceptic,sceptic,0.99486035
activist,sceptic,0.97414124
activist,activist,0.0005953407
activist,sceptic,0.5510507
sceptic,sceptic,0.9967775
sceptic,sceptic,0.9875683
activist,activist,0.110375226
activist,activist,0.0003077431
sceptic,sceptic,0.99567693
activist,activist,0.18359362
activist,activist,0.0017106996
sceptic,activist,0.0011469158
activist,activist,0.0008360903
activist,activist,0.00025714198
sceptic,activist,0.47543788
activist,activist,0.00032313753
activist,activist,0.006253385
sceptic,sceptic,0.86036915
activist,activist,0.0002874147
sceptic,sceptic,0.9506406
activist,activist,0.011288074
sceptic,sceptic,0.70911986
activist,activist,0.0009092752
activist,activist,0.018743115
activist,activist,0.3227394
sceptic,sceptic,0.992349
sceptic,sceptic,0.9987356
activist,activist,0.0003935756
activist,activist,0.016215032
sceptic,sceptic,0.9989034
activist,activist,0.1895961
activist,activist,0.00047563188
activist,sceptic,0.7129322
activist,activist,0.0069982093
activist,activist,0.14688087
activist,activist,0.0019192374
sceptic,sceptic,0.99932015
activist,activist,0.0005336929
sceptic,sceptic,0.9993175
sceptic,sceptic,0.99293363
activist,activist,0.0030873693
sceptic,activist,0.035611413
sceptic,sceptic,0.9689444
sceptic,sceptic,0.90523857
activist,activist,0.21011725
activist,activist,0.0006361913
sceptic,sceptic,0.9942139
activist,activist,0.0009057334
sceptic,activist,0.01584536
sceptic,sceptic,0.9998579
sceptic,sceptic,0.9997868
activist,sceptic,0.59892815
activist,activist,0.019738015
activist,activist,0.0131973615
activist,activist,0.2190868
sceptic,sceptic,0.9969957
sceptic,sceptic,0.9799382
activist,activist,0.0052099936
sceptic,activist,0.05340333
activist,activist,0.08593914
sceptic,sceptic,0.9980696
activist,activist,0.00047193223
activist,activist,0.0013858177
sceptic,sceptic,0.7331176
activist,activist,0.01170984
activist,activist,0.00024062475
activist,activist,0.0018494504
sceptic,sceptic,0.99980813
activist,activist,0.00075836
sceptic,sceptic,0.9564718
activist,activist,0.06383161
sceptic,sceptic,0.9942363
activist,activist,0.072177574
sceptic,sceptic,0.99988985
activist,activist,0.00036757955
sceptic,sceptic,0.9992312
sceptic,sceptic,0.99860877
activist,activist,0.0010403185
sceptic,sceptic,0.989791
sceptic,sceptic,0.99989927
sceptic,sceptic,0.8493474
activist,activist,0.0009640919
sceptic,sceptic,0.9698712
activist,activist,0.0008796062
sceptic,sceptic,0.99940586
sceptic,sceptic,0.99002504
activist,activist,0.017392347
activist,sceptic,0.73800874
activist,activist,0.39494455
sceptic,sceptic,0.99029154
activist,activist,0.0040543335
activist,activist,0.0003748267
sceptic,sceptic,0.9988575
sceptic,sceptic,0.66823107
activist,activist,0.0041743675
activist,sceptic,0.98041254
sceptic,sceptic,0.92976
activist,activist,0.0014493983
sceptic,sceptic,0.9913892
activist,activist,0.0048109824
sceptic,sceptic,0.9989287
sceptic,sceptic,0.9949886
sceptic,sceptic,0.9801673
activist,sceptic,0.8097278
activist,activist,0.00035836728
sceptic,sceptic,0.99988544
activist,activist,0.00095659646
activist,activist,0.004663655
sceptic,sceptic,0.9824568
activist,activist,0.0025212683
sceptic,sceptic,0.9998845
activist,activist,0.00032376905
activist,activist,0.0011203772
activist,activist,0.41697285
sceptic,sceptic,0.99986756
activist,activist,0.012217682
sceptic,activist,0.30074558
activist,activist,0.010839369
activist,activist,0.030214587
sceptic,sceptic,0.9114953
sceptic,sceptic,0.9941347
sceptic,sceptic,0.99964714
sceptic,sceptic,0.95013416
activist,activist,0.0014158707
activist,activist,0.013689477
sceptic,sceptic,0.845624
sceptic,sceptic,0.99989367
sceptic,sceptic,0.9978173
sceptic,activist,0.036185976
activist,activist,0.00093811157
sceptic,sceptic,0.9997893
sceptic,sceptic,0.9998785
activist,activist,0.122733355
sceptic,activist,0.1265691
activist,activist,0.0053536464
activist,activist,0.010839369
activist,activist,0.001563936
activist,activist,0.0002726548
sceptic,sceptic,0.9991474
activist,activist,0.00053892744
activist,activist,0.084947094
activist,activist,0.0005747862
activist,activist,0.0016842225
activist,activist,0.06441766
sceptic,sceptic,0.926237
sceptic,sceptic,0.95873135
sceptic,sceptic,0.99983525
sceptic,sceptic,0.9998574
activist,activist,0.03155902
activist,sceptic,0.94479126
sceptic,activist,0.30054024
activist,activist,0.0016875096
activist,activist,0.07606381
activist,activist,0.00067324063
sceptic,sceptic,0.99752253
activist,activist,0.44513756
sceptic,sceptic,0.9998785
activist,activist,0.08181272
activist,activist,0.0010044163
sceptic,sceptic,0.9975418
activist,activist,0.00076281314
activist,activist,0.0005003964
sceptic,sceptic,0.9891187
activist,activist,0.0005736653
sceptic,sceptic,0.99985576
activist,activist,0.15456735
activist,activist,0.00086936745
sceptic,sceptic,0.98501414
sceptic,sceptic,0.9998876
sceptic,sceptic,0.6965263
activist,activist,0.00039588756
activist,activist,0.11935681
activist,sceptic,0.99566
activist,activist,0.0026939143
sceptic,activist,0.016529558
sceptic,sceptic,0.9999076
sceptic,sceptic,0.9301416
activist,sceptic,0.9948303
activist,activist,0.005271083
activist,activist,0.00045121062
activist,activist,0.0044597047
sceptic,sceptic,0.97057647
activist,activist,0.069604956
activist,sceptic,0.99931085
sceptic,activist,0.47842795
activist,activist,0.0013172914
activist,activist,0.0006785172
sceptic,sceptic,0.66502994
activist,activist,0.09679113
activist,activist,0.0077555366
activist,activist,0.010776726
activist,activist,0.00783105
activist,activist,0.011508149
activist,activist,0.010209056
activist,activist,0.0006771942
sceptic,sceptic,0.9998907
sceptic,sceptic,0.9488225
sceptic,sceptic,0.9998671
sceptic,sceptic,0.8698805
sceptic,sceptic,0.9957188
activist,activist,0.0007422528
sceptic,sceptic,0.99983716
activist,activist,0.0004812358
activist,activist,0.0004181313
activist,activist,0.0030994155
sceptic,sceptic,0.99256825
activist,activist,0.017661398
activist,activist,0.08195955
activist,activist,0.0010670425
activist,activist,0.0003144242
sceptic,sceptic,0.99989283
activist,activist,0.00038975227
activist,activist,0.0570714
sceptic,sceptic,0.9989975
activist,activist,0.4366746
sceptic,activist,0.012771868
sceptic,sceptic,0.9470392
activist,activist,0.009161026
sceptic,sceptic,0.567208
activist,activist,0.0005203196
sceptic,sceptic,0.9986303
activist,sceptic,0.844409
sceptic,sceptic,0.99910307
activist,activist,0.004905406
activist,activist,0.00034464317
activist,activist,0.0010880652
activist,sceptic,0.6133234
activist,activist,0.0023596606
activist,activist,0.00039977106
sceptic,sceptic,0.9998876
activist,activist,0.36006704
sceptic,sceptic,0.9998332
activist,activist,0.0013045068
sceptic,sceptic,0.9783226
activist,activist,0.042762153
activist,activist,0.0004812358
activist,activist,0.0009678616
activist,activist,0.00044508645
sceptic,sceptic,0.9998771
activist,activist,0.0002994447
activist,activist,0.00036829791
sceptic,sceptic,0.9878996
sceptic,sceptic,0.8967045
sceptic,sceptic,0.98569053
sceptic,sceptic,0.8264319
sceptic,sceptic,0.9998771
activist,activist,0.0005452766
activist,activist,0.0021742254
activist,activist,0.00040606395
sceptic,activist,0.46140164
activist,activist,0.47444853
sceptic,activist,0.33633104
activist,activist,0.00033339157
sceptic,sceptic,0.992062
sceptic,sceptic,0.99940586
activist,activist,0.0017821962
activist,activist,0.0041019293
activist,activist,0.010631946
activist,activist,0.0011626856
activist,activist,0.012698199
activist,activist,0.060807653
activist,activist,0.00035836728
sceptic,sceptic,0.7391872
activist,activist,0.0019916527
activist,activist,0.00034938578
activist,activist,0.0006436856
activist,activist,0.0048674173
activist,activist,0.027927876
activist,activist,0.0027149855
sceptic,sceptic,0.999884
sceptic,sceptic,0.97023994
activist,activist,0.01750956
activist,sceptic,0.9064049
sceptic,sceptic,0.9437118
sceptic,sceptic,0.8035595
activist,activist,0.004876887
activist,activist,0.03268224
sceptic,sceptic,0.99987566
activist,activist,0.0145035805
activist,activist,0.022715755
sceptic,sceptic,0.9987031
activist,activist,0.0013617034
activist,activist,0.011732466
activist,sceptic,0.97104686
activist,activist,0.0012893283
sceptic,activist,0.15152934
activist,activist,0.0017409837
activist,activist,0.013768816
activist,activist,0.0059803305
activist,activist,0.0066153933
activist,activist,0.00029653555
sceptic,sceptic,0.9998141
sceptic,sceptic,0.88252914
activist,activist,0.0006436856
activist,activist,0.0015337331
sceptic,activist,0.0013096057
activist,activist,0.00031627133
activist,activist,0.00042804275
sceptic,sceptic,0.99988496
sceptic,sceptic,0.95861524
activist,activist,0.00037409563
sceptic,sceptic,0.9998785
sceptic,sceptic,0.9925827
activist,sceptic,0.7315863
sceptic,sceptic,0.9998965
sceptic,sceptic,0.9989837
sceptic,sceptic,0.99939525
activist,sceptic,0.77534974
activist,activist,0.0005112579
activist,activist,0.0026574312
activist,activist,0.00030061635
activist,activist,0.0005495509
activist,activist,0.024727408
sceptic,sceptic,0.990732
sceptic,sceptic,0.9835812
activist,activist,0.005001672
activist,activist,0.007800757
sceptic,activist,0.42730707
sceptic,sceptic,0.99986553
activist,activist,0.16674323
sceptic,sceptic,0.9997876
activist,activist,0.000782414
sceptic,sceptic,0.99984705
sceptic,sceptic,0.9898107
sceptic,sceptic,0.9674411
activist,activist,0.014728613
sceptic,sceptic,0.99974686
activist,activist,0.00030415886
sceptic,sceptic,0.99025387
activist,activist,0.0013858177
sceptic,sceptic,0.9967524
sceptic,sceptic,0.9964412
activist,activist,0.003750789
activist,activist,0.005220126
activist,activist,0.0005861161
activist,activist,0.0030278352
sceptic,activist,0.18220714
activist,activist,0.090092994
activist,activist,0.00060589175
activist,activist,0.00059766934
sceptic,sceptic,0.99633574
activist,activist,0.006692851
sceptic,sceptic,0.9998267
sceptic,sceptic,0.99987113
sceptic,sceptic,0.99988806
sceptic,sceptic,0.94815457
sceptic,sceptic,0.89358836
sceptic,activist,0.053700306
sceptic,activist,0.008380454
activist,activist,0.14063105
activist,activist,0.00028021095
sceptic,sceptic,0.9998845
activist,activist,0.008429287
sceptic,sceptic,0.9998876
activist,activist,0.0009869322
activist,activist,0.0006719279
sceptic,sceptic,0.99990535
activist,activist,0.0032858336
activist,activist,0.0012570443
sceptic,sceptic,0.9904221
activist,activist,0.000366147
activist,activist,0.002673006
sceptic,sceptic,0.99987066
activist,activist,0.02576056
sceptic,sceptic,0.99988544
sceptic,sceptic,0.9998876
activist,activist,0.11767349
activist,activist,0.0006745559
sceptic,activist,0.4371626
activist,activist,0.0064882697
sceptic,sceptic,0.997358
sceptic,sceptic,0.9950755
activist,activist,0.00047101182
sceptic,sceptic,0.99256825
sceptic,sceptic,0.9998036
activist,activist,0.00059071044
activist,activist,0.018369637
activist,activist,0.09409339
activist,activist,0.0003089472
sceptic,sceptic,0.9966168
sceptic,sceptic,0.99351174
sceptic,activist,0.11441799
activist,activist,0.032836955
activist,activist,0.00066410477
sceptic,sceptic,0.9828892
sceptic,sceptic,0.99989235
activist,activist,0.0011247573
activist,sceptic,0.66055566
activist,activist,0.0005336929
activist,activist,0.0014158707
sceptic,sceptic,0.9867517
activist,sceptic,0.7304341
sceptic,sceptic,0.99984527
activist,activist,0.01778039
sceptic,activist,0.33966333
sceptic,activist,0.07362964
activist,activist,0.00069867563
activist,activist,0.0060152626
activist,activist,0.00030415886
activist,activist,0.011115013
sceptic,sceptic,0.9582651
activist,sceptic,0.79645085
sceptic,sceptic,0.99861145
activist,activist,0.00050235394
activist,activist,0.00030179258
activist,activist,0.0011786721
activist,activist,0.008235631
sceptic,activist,0.009055264
sceptic,sceptic,0.99989927
sceptic,sceptic,0.9998902
sceptic,sceptic,0.99090964
sceptic,sceptic,0.96408546
activist,activist,0.0049340907
activist,activist,0.008985428
sceptic,sceptic,0.54725236
sceptic,sceptic,0.9802997
sceptic,sceptic,0.9674411
activist,activist,0.049176432
sceptic,sceptic,0.99987996
sceptic,sceptic,0.9998746
sceptic,sceptic,0.99985576
activist,activist,0.15546273
activist,activist,0.002463007
activist,activist,0.012503792
activist,activist,0.086169556
sceptic,sceptic,0.9953904
activist,activist,0.00029023446
activist,activist,0.0004373344
activist,activist,0.23846151
activist,activist,0.072243
activist,activist,0.015014747
activist,activist,0.0009146137
activist,activist,0.011938039
sceptic,sceptic,0.99411184
sceptic,sceptic,0.996357
sceptic,sceptic,0.99457306
sceptic,sceptic,0.99300176
activist,activist,0.025130948
activist,activist,0.2612367
sceptic,sceptic,0.9998795
activist,sceptic,0.5977253
activist,activist,0.0009217804
activist,activist,0.00034531672
sceptic,sceptic,0.9991959
activist,activist,0.00402291
activist,sceptic,0.89368117
activist,activist,0.0012018913
sceptic,sceptic,0.99453074
sceptic,sceptic,0.9998915
activist,activist,0.13217813
sceptic,sceptic,0.99903214
sceptic,sceptic,0.84504944
sceptic,sceptic,0.82261705
sceptic,sceptic,0.9998902
activist,activist,0.0015041127
activist,activist,0.000506292
activist,activist,0.0145035805
sceptic,sceptic,0.83775276
sceptic,sceptic,0.89100754
activist,activist,0.0075919423
activist,activist,0.0013121625
activist,activist,0.0018031665
activist,activist,0.0004907226
activist,activist,0.044973567
sceptic,sceptic,0.9968335
activist,activist,0.010944578
activist,activist,0.084947094
activist,activist,0.004117918
sceptic,activist,0.4112734
sceptic,sceptic,0.9954791
activist,activist,0.037012346
sceptic,sceptic,0.8923282
activist,activist,0.00030356555
activist,sceptic,0.90958625
sceptic,sceptic,0.9263704
sceptic,sceptic,0.96249723
sceptic,activist,0.10257408
sceptic,sceptic,0.9376119
activist,activist,0.026861202
activist,activist,0.0018821859
sceptic,sceptic,0.9532315
activist,sceptic,0.5620488
activist,activist,0.00057703455
activist,activist,0.002940673
sceptic,sceptic,0.98445636
sceptic,sceptic,0.9954791
sceptic,sceptic,0.99981767
sceptic,sceptic,0.94165415
activist,activist,0.19147882
sceptic,sceptic,0.9976769
activist,activist,0.000720838
sceptic,sceptic,0.9971439
activist,activist,0.0385747
activist,activist,0.00043563012
activist,activist,0.008283627
activist,activist,0.00069867563
sceptic,sceptic,0.9167827
sceptic,sceptic,0.9951609
activist,activist,0.00043563012
activist,activist,0.0005003964
activist,activist,0.01654544
sceptic,activist,0.21428008
sceptic,sceptic,0.9998795
sceptic,sceptic,0.9998511
activist,activist,0.0012113065
activist,activist,0.003607617
activist,sceptic,0.9985421
activist,activist,0.00043563012
sceptic,sceptic,0.9913223
activist,activist,0.0011972112
activist,sceptic,0.7581527
activist,activist,0.015394919
sceptic,sceptic,0.99988806
activist,activist,0.0012042383
activist,activist,0.00031750882
activist,activist,0.0013070537
activist,activist,0.0067188703
activist,activist,0.050940912
activist,activist,0.0005603838
activist,activist,0.0005193048
activist,activist,0.0015854306
sceptic,sceptic,0.6944581
activist,activist,0.1683778
sceptic,sceptic,0.99529994
activist,activist,0.0354775
activist,activist,0.14847884
sceptic,sceptic,0.7775534
activist,activist,0.039825134
sceptic,sceptic,0.99867237
sceptic,sceptic,0.99954
sceptic,sceptic,0.999866
activist,activist,0.0006745559
activist,activist,0.0020348171
activist,activist,0.0008710656
activist,activist,0.00072224624
activist,activist,0.0012570443
sceptic,sceptic,0.999884
sceptic,sceptic,0.954393
activist,activist,0.008898884
activist,activist,0.00079162966
sceptic,sceptic,0.9991491
activist,activist,0.22789863
sceptic,sceptic,0.9970247
activist,activist,0.0022650503
sceptic,sceptic,0.9998859
activist,activist,0.0006719279
activist,activist,0.00050137425
activist,activist,0.0010525686
sceptic,sceptic,0.7668179
activist,activist,0.0027522563
activist,activist,0.0013250223
activist,activist,0.10424911
sceptic,sceptic,0.97583157
activist,activist,0.0362883
sceptic,sceptic,0.9995345
sceptic,sceptic,0.9985018
sceptic,sceptic,0.9982827
sceptic,sceptic,0.99986494
activist,activist,0.07403029
activist,sceptic,0.839931
sceptic,sceptic,0.9991066
sceptic,sceptic,0.68095815
activist,activist,0.00061422714
activist,activist,0.0011809737
sceptic,sceptic,0.9877351
activist,activist,0.0044079763
sceptic,sceptic,0.8368881
activist,activist,0.00034062934
sceptic,sceptic,0.9965904
sceptic,sceptic,0.94544977
activist,activist,0.26006046
activist,sceptic,0.56886494
sceptic,sceptic,0.99989283
activist,activist,0.00044508645
activist,activist,0.0002758679
sceptic,sceptic,0.9589625
activist,activist,0.03875619
activist,activist,0.00030356555
activist,sceptic,0.85482407
activist,activist,0.02178117
sceptic,sceptic,0.8726732
sceptic,sceptic,0.9980882
activist,activist,0.0009092752
activist,activist,0.03452106
activist,activist,0.024516335
sceptic,activist,0.25063756
activist,activist,0.0012184161
sceptic,sceptic,0.970771
sceptic,sceptic,0.9638821
activist,activist,0.16749083
activist,activist,0.28091216
activist,activist,0.00039280797
sceptic,sceptic,0.97386926
sceptic,sceptic,0.9924374
activist,activist,0.0033634927
activist,activist,0.0011581581
sceptic,sceptic,0.9998872
sceptic,sceptic,0.9980045
sceptic,sceptic,0.99959713
activist,activist,0.001734208
activist,activist,0.0008710656
activist,activist,0.00026426834
activist,activist,0.348562
activist,sceptic,0.8987666
activist,activist,0.0029636684
activist,activist,0.0026112476
activist,activist,0.0924417
activist,activist,0.034553625
sceptic,sceptic,0.8557909
sceptic,activist,0.18780209
sceptic,sceptic,0.93379396
activist,activist,0.0012994274
activist,activist,0.00026634047
sceptic,sceptic,0.996557
activist,activist,0.21452682
activist,activist,0.0058653387
sceptic,sceptic,0.9998907
sceptic,sceptic,0.99847525
sceptic,sceptic,0.9998827
activist,activist,0.001999432
activist,activist,0.0011536479
activist,activist,0.010328153
sceptic,sceptic,0.65494996
sceptic,sceptic,0.5418066
sceptic,sceptic,0.55563116
sceptic,sceptic,0.80084777
activist,activist,0.0028173407
activist,activist,0.00109019
sceptic,sceptic,0.99632865
activist,activist,0.0012018913
sceptic,sceptic,0.86431044
activist,activist,0.015189049
sceptic,sceptic,0.9181138
activist,activist,0.0002758679
sceptic,sceptic,0.78858316
sceptic,sceptic,0.702428
sceptic,sceptic,0.999892
activist,activist,0.0007307537
activist,activist,0.00037118545
activist,sceptic,0.87831426
sceptic,sceptic,0.99989235
sceptic,sceptic,0.9981969
sceptic,sceptic,0.99540824
sceptic,sceptic,0.9998889
activist,activist,0.0005254231
activist,activist,0.0007702932
activist,activist,0.0007055272
activist,sceptic,0.6094951
activist,activist,0.47979122
activist,activist,0.10158945
sceptic,sceptic,0.99988174
activist,activist,0.0005517006
activist,activist,0.0017007225
activist,activist,0.0007947255
sceptic,sceptic,0.98054343
sceptic,sceptic,0.9888419
activist,activist,0.005831272
activist,activist,0.297572
activist,sceptic,0.9401336
activist,sceptic,0.7666869
activist,activist,0.0020870345
activist,activist,0.00050530455
sceptic,sceptic,0.9998785
activist,activist,0.0011855904
activist,activist,0.00053578056
activist,activist,0.08359068
sceptic,activist,0.15908672
sceptic,sceptic,0.96964204
activist,activist,0.0005736653
sceptic,sceptic,0.99893504
activist,activist,0.0017207356
activist,activist,0.0007279067
sceptic,sceptic,0.9907856
sceptic,sceptic,0.8806945
activist,activist,0.000559291
activist,activist,0.0005082725
sceptic,sceptic,0.9803562
activist,activist,0.0002994447
activist,activist,0.0020427648
sceptic,sceptic,0.99184376
activist,activist,0.0020911063
sceptic,sceptic,0.8873999
sceptic,sceptic,0.8793542
sceptic,sceptic,0.89358836
activist,activist,0.018299334
activist,activist,0.0023051254
sceptic,activist,0.37587827
sceptic,sceptic,0.9998771
sceptic,activist,0.057705317
sceptic,sceptic,0.9905691
sceptic,sceptic,0.51847
activist,activist,0.00040844924
activist,activist,0.00083446025
sceptic,sceptic,0.9985702
activist,activist,0.00047285447
activist,activist,0.008711384
activist,activist,0.0007110568
activist,activist,0.0029636684
sceptic,sceptic,0.9933072
activist,activist,0.00041084853
sceptic,sceptic,0.9998832
activist,activist,0.017442483
activist,activist,0.00058042357
activist,activist,0.28293857
sceptic,sceptic,0.9928924
sceptic,sceptic,0.9998932
activist,activist,0.00095659646
activist,activist,0.00096975197
sceptic,sceptic,0.9908035
activist,activist,0.0004100472
sceptic,sceptic,0.9890765
sceptic,activist,0.2449947
activist,activist,0.3484234
sceptic,sceptic,0.9852997
activist,activist,0.0004955359
activist,activist,0.000872767
activist,activist,0.0018969199
sceptic,sceptic,0.999866
activist,activist,0.26841375
activist,activist,0.00036117696
activist,activist,0.033023555
activist,activist,0.0008119704
sceptic,sceptic,0.99988544
sceptic,activist,0.17688479
sceptic,activist,0.14928316
activist,activist,0.00042887926
sceptic,sceptic,0.999213
sceptic,sceptic,0.99176437
activist,activist,0.0023596606
sceptic,sceptic,0.99718815
activist,activist,0.0025558867
sceptic,sceptic,0.96171397
activist,activist,0.00030415886
activist,activist,0.014728613
activist,activist,0.0029752331
activist,activist,0.00057703455
activist,activist,0.09842542
sceptic,sceptic,0.99987066
activist,sceptic,0.9776072
activist,activist,0.00043139848
activist,activist,0.00027694734
activist,activist,0.021885453
sceptic,sceptic,0.99766326
activist,activist,0.0009510131
sceptic,sceptic,0.99980587
sceptic,sceptic,0.9906781
activist,sceptic,0.90235174
activist,activist,0.0005495509
sceptic,sceptic,0.998844
sceptic,sceptic,0.99980813
sceptic,sceptic,0.97800976
activist,sceptic,0.9693242
sceptic,sceptic,0.9773492
activist,activist,0.00036901768
activist,activist,0.07376296
activist,activist,0.0020547444
sceptic,sceptic,0.9994116
sceptic,sceptic,0.9998907
sceptic,sceptic,0.9998634
activist,sceptic,0.97628796
activist,activist,0.0004485757
sceptic,sceptic,0.99988985
activist,activist,0.006003596
activist,activist,0.0005305765
sceptic,sceptic,0.9828892
sceptic,sceptic,0.9792947
sceptic,sceptic,0.99988127
sceptic,sceptic,0.9980161
sceptic,sceptic,0.9992735
activist,activist,0.0005826939
activist,activist,0.0010044163
activist,activist,0.002282775
sceptic,sceptic,0.9302051
sceptic,sceptic,0.8655654
activist,activist,0.0043653254
sceptic,sceptic,0.99988174
activist,activist,0.009559399
activist,activist,0.00088649895
activist,activist,0.00046280847
activist,activist,0.0029984983
activist,activist,0.0006130294
sceptic,sceptic,0.98768765
activist,activist,0.010071823
activist,activist,0.0061094104
sceptic,sceptic,0.86860406
sceptic,sceptic,0.9480585
sceptic,sceptic,0.79486305
activist,activist,0.34405765
activist,activist,0.0012918457
activist,activist,0.002822833
activist,activist,0.006679879
sceptic,sceptic,0.9889492
activist,activist,0.0021157034
activist,activist,0.0053536464
activist,activist,0.0023688741
activist,activist,0.0005368274
activist,activist,0.0005582003
activist,activist,0.0022518474
sceptic,sceptic,0.7037531
sceptic,sceptic,0.92324704
activist,activist,0.053353984
sceptic,sceptic,0.937783
activist,activist,0.0006411777
sceptic,sceptic,0.9364014
sceptic,sceptic,0.995037
activist,activist,0.003707253
activist,activist,0.0004592085
sceptic,sceptic,0.9658996
activist,activist,0.0004955359
activist,activist,0.00783105
sceptic,sceptic,0.99780875
activist,activist,0.0006411777
sceptic,sceptic,0.90821165
sceptic,sceptic,0.61912596
activist,activist,0.0004322415
activist,activist,0.28353333
activist,activist,0.033812113
activist,activist,0.0121003855
sceptic,sceptic,0.9988991
sceptic,sceptic,0.9128255
sceptic,sceptic,0.99629277
activist,activist,0.002895214
sceptic,sceptic,0.9998822
sceptic,sceptic,0.9698426
sceptic,sceptic,0.7733876
activist,activist,0.00049650425
sceptic,sceptic,0.9998822
activist,activist,0.14761661
sceptic,sceptic,0.5177119
activist,activist,0.00043818905
activist,sceptic,0.80286485
sceptic,sceptic,0.9998977
activist,activist,0.0037289574
sceptic,sceptic,0.6547568
activist,activist,0.00046461902
sceptic,sceptic,0.99333304
activist,activist,0.00080880744
activist,activist,0.014199681
sceptic,sceptic,0.9938788
activist,sceptic,0.99425864
activist,activist,0.009615036
activist,activist,0.09947021
activist,activist,0.15354918
sceptic,sceptic,0.9523088
sceptic,sceptic,0.9998579
sceptic,sceptic,0.9996977
activist,activist,0.032744043
sceptic,activist,0.4191798
sceptic,sceptic,0.7612724
activist,activist,0.0015397267
activist,activist,0.00080251833
sceptic,sceptic,0.99780875
activist,sceptic,0.56339294
activist,activist,0.004281255
activist,sceptic,0.5635506
activist,sceptic,0.9817707
sceptic,sceptic,0.9977437
sceptic,sceptic,0.937783
activist,activist,0.0027202787
activist,activist,0.0013723688
sceptic,sceptic,0.99411184
sceptic,sceptic,0.9958901
activist,activist,0.0017752607
activist,activist,0.00063001254
sceptic,activist,0.02678473
sceptic,sceptic,0.99989283
sceptic,sceptic,0.9737447
activist,activist,0.00066931
sceptic,sceptic,0.9744348
sceptic,sceptic,0.9998952
activist,activist,0.0009217804
activist,activist,0.00026947915
sceptic,sceptic,0.99988806
activist,activist,0.0013458604
sceptic,sceptic,0.9602495
activist,activist,0.00049747445
activist,activist,0.00063495064
sceptic,sceptic,0.9998889
sceptic,sceptic,0.86431044
activist,activist,0.13347168
sceptic,sceptic,0.6638869
sceptic,sceptic,0.9496227
activist,activist,0.0058539603
sceptic,sceptic,0.97344345
sceptic,sceptic,0.9984988
sceptic,activist,0.25566873
sceptic,activist,0.0014269596
activist,activist,0.0015608892
activist,activist,0.0027900375
sceptic,sceptic,0.99894124
activist,activist,0.00054634205
activist,activist,0.0006563728
activist,activist,0.0006654022
sceptic,sceptic,0.9998915
activist,activist,0.0020829707
sceptic,sceptic,0.99860877
sceptic,sceptic,0.91102153
sceptic,sceptic,0.9975177
sceptic,sceptic,0.98270744
sceptic,sceptic,0.9507321
sceptic,sceptic,0.9964204
activist,activist,0.0005305765
activist,activist,0.023893602
activist,activist,0.041930523
activist,activist,0.00064999826
sceptic,activist,0.24531093
activist,activist,0.00045121062
sceptic,sceptic,0.6668494
activist,activist,0.0021827165
activist,activist,0.0794957
activist,activist,0.0011402229
activist,activist,0.36201012
activist,activist,0.018264279
activist,activist,0.0005193048
activist,activist,0.3303902
activist,activist,0.118487075
sceptic,sceptic,0.999433
activist,activist,0.018003467
activist,activist,0.00095659646
sceptic,sceptic,0.9982658
sceptic,sceptic,0.99988854
activist,activist,0.0011051808
sceptic,sceptic,0.9845011
activist,activist,0.18491465
activist,activist,0.0036856742
sceptic,sceptic,0.9985392
activist,activist,0.0005132578
activist,activist,0.0006932423
sceptic,sceptic,0.9542227
activist,activist,0.0004916815
activist,activist,0.00034196203
activist,activist,0.15810935
activist,activist,0.010611421
activist,activist,0.009002838
activist,activist,0.0006386796
activist,activist,0.000390514
sceptic,sceptic,0.99986756
activist,activist,0.09602549
activist,activist,0.0014579034
activist,activist,0.0010044163
sceptic,sceptic,0.9965233
sceptic,sceptic,0.98892784
sceptic,sceptic,0.99988174
activist,activist,0.00048785715
activist,activist,0.032100707
sceptic,sceptic,0.99279517
activist,activist,0.002992665
sceptic,sceptic,0.83346015
activist,activist,0.0054059
activist,activist,0.010388218
activist,activist,0.0012818055
sceptic,sceptic,0.98886347
sceptic,activist,0.09973295
activist,activist,0.00035836728
activist,activist,0.0005953407
sceptic,sceptic,0.9998517
sceptic,sceptic,0.9996437
sceptic,sceptic,0.99411184
sceptic,sceptic,0.9998771
activist,sceptic,0.97719735
sceptic,activist,0.28987402
sceptic,activist,0.15134111
activist,sceptic,0.6359858
activist,activist,0.0005368274
activist,activist,0.00818791
sceptic,sceptic,0.9837225
sceptic,sceptic,0.99988496
activist,activist,0.008478402
activist,activist,0.0004984466
activist,activist,0.0034096357
sceptic,sceptic,0.50775087
sceptic,sceptic,0.9998746
activist,activist,0.002406089
activist,sceptic,0.93880075
sceptic,sceptic,0.99988806
activist,activist,0.055259645
activist,activist,0.00028021095
sceptic,sceptic,0.9468429
activist,activist,0.0004916815
activist,activist,0.0013617034
sceptic,sceptic,0.9899671
sceptic,sceptic,0.9976495
activist,activist,0.1727991
activist,activist,0.044514425
sceptic,sceptic,0.99963665
sceptic,sceptic,0.99248135
sceptic,sceptic,0.99957114
sceptic,sceptic,0.88700897
activist,activist,0.008203785
activist,activist,0.012845959
sceptic,sceptic,0.9994023
sceptic,activist,0.43168896
sceptic,sceptic,0.9891606
activist,activist,0.00032822456
activist,activist,0.0014158707
sceptic,sceptic,0.83828294
sceptic,sceptic,0.67415774
activist,activist,0.0005872614
sceptic,sceptic,0.9998907
activist,activist,0.0010754024
sceptic,sceptic,0.9720191
activist,activist,0.01781453
sceptic,sceptic,0.9998535
sceptic,sceptic,0.99830914
activist,activist,0.003292236
sceptic,sceptic,0.99989605
sceptic,sceptic,0.99921143
activist,activist,0.0008934456
sceptic,sceptic,0.9970536
sceptic,sceptic,0.9998894
activist,activist,0.023644341
activist,activist,0.011574996
sceptic,sceptic,0.9998523
activist,activist,0.0005082725
sceptic,sceptic,0.66085666
sceptic,sceptic,0.60597396
sceptic,sceptic,0.9950755
sceptic,activist,0.0013723688
activist,activist,0.0015731123
activist,activist,0.052862894
activist,activist,0.003305079
sceptic,sceptic,0.99695444
activist,activist,0.0025114634
activist,activist,0.0008442883
activist,activist,0.005050508
sceptic,sceptic,0.9998702
activist,activist,0.00075246283
sceptic,sceptic,0.99986494
sceptic,activist,0.028220987
activist,activist,0.0006550929
sceptic,sceptic,0.9664738
sceptic,sceptic,0.99974436
activist,activist,0.3681217
activist,activist,0.0036499873
sceptic,sceptic,0.936285
sceptic,sceptic,0.99528164
activist,activist,0.0017007225
activist,activist,0.005797401
sceptic,sceptic,0.984516
activist,activist,0.010110846
activist,activist,0.15285237
activist,activist,0.001044386
sceptic,sceptic,0.97134733
activist,activist,0.0026574312
sceptic,sceptic,0.9833908
activist,activist,0.0022213378
activist,activist,0.0005254231
sceptic,sceptic,0.99984527
activist,activist,0.0003433
activist,activist,0.0003935756
sceptic,sceptic,0.9998785
activist,activist,0.0011116682
sceptic,sceptic,0.7668179
activist,activist,0.0015761828
activist,activist,0.0013723688
sceptic,sceptic,0.92756045
sceptic,sceptic,0.82090056
sceptic,activist,0.03919514
activist,activist,0.00093263603
activist,activist,0.00932197
sceptic,sceptic,0.9998859
activist,sceptic,0.54131794
sceptic,sceptic,0.9854124
sceptic,sceptic,0.99939287
activist,sceptic,0.7557272
sceptic,sceptic,0.99979895
activist,activist,0.00063124346
activist,activist,0.0005442133
sceptic,sceptic,0.99261135
sceptic,sceptic,0.7917406
sceptic,sceptic,0.984516
sceptic,sceptic,0.70932126
sceptic,sceptic,0.999892
activist,activist,0.0005264497
activist,activist,0.0018969199
activist,activist,0.25487974
sceptic,sceptic,0.9998894
activist,activist,0.00029827765
activist,activist,0.0035449788
activist,activist,0.02446967
sceptic,sceptic,0.99533635
activist,activist,0.054098696
sceptic,sceptic,0.99988174
activist,activist,0.003714474
activist,activist,0.061480366
sceptic,sceptic,0.7999117
activist,activist,0.0018566754
activist,activist,0.00078088854
sceptic,sceptic,0.9619649
activist,activist,0.12517227
activist,activist,0.00041165142
sceptic,sceptic,0.99989235
sceptic,sceptic,0.87637013
sceptic,sceptic,0.9998945
sceptic,activist,0.21247704
activist,activist,0.004117918
activist,activist,0.0008899655
activist,activist,0.0006374342
sceptic,sceptic,0.99812883
sceptic,sceptic,0.99988675
sceptic,sceptic,0.9998996
activist,activist,0.00050530455
activist,activist,0.0005043191
activist,activist,0.010110846
activist,activist,0.00034599163
activist,activist,0.00079008617
activist,activist,0.16769518
activist,activist,0.09025324
activist,activist,0.0019154999
sceptic,activist,0.16512139
activist,activist,0.0036856742
sceptic,sceptic,0.99985456
activist,activist,0.003337405
activist,activist,0.38963363
sceptic,sceptic,0.999795
sceptic,sceptic,0.9974491
sceptic,sceptic,0.91715443
sceptic,sceptic,0.9719393
sceptic,sceptic,0.6831025
sceptic,sceptic,0.92007446
sceptic,sceptic,0.99900913
activist,activist,0.00029711513
activist,activist,0.0006190416
activist,activist,0.12608409
sceptic,sceptic,0.9931496
activist,activist,0.016497836
sceptic,sceptic,0.97850823
sceptic,sceptic,0.99101454
activist,activist,0.0005082725
sceptic,sceptic,0.9603984
activist,activist,0.00037555918
sceptic,sceptic,0.6734602
activist,sceptic,0.55904937
sceptic,sceptic,0.99989367
sceptic,sceptic,0.9998894
activist,sceptic,0.94407386
sceptic,sceptic,0.999071
sceptic,sceptic,0.5341588
activist,activist,0.12495857
sceptic,activist,0.07369626
sceptic,sceptic,0.9985104
activist,activist,0.03073393
activist,activist,0.0064882697
activist,activist,0.00059650384
sceptic,sceptic,0.8067004
activist,activist,0.015513789
sceptic,sceptic,0.730362
sceptic,activist,0.20339088
sceptic,activist,0.35239676
sceptic,sceptic,0.71716046
activist,sceptic,0.9498557
sceptic,sceptic,0.9998666
sceptic,sceptic,0.99979335
sceptic,activist,0.10604082
activist,activist,0.0002959571
sceptic,sceptic,0.97958976
activist,activist,0.4757005
sceptic,sceptic,0.99961627
activist,activist,0.00033339157
activist,activist,0.009840806
activist,activist,0.008610767
activist,activist,0.0019418169
sceptic,sceptic,0.8659059
activist,activist,0.0018639286
sceptic,sceptic,0.900267
sceptic,sceptic,0.999608
activist,activist,0.00033404317
activist,activist,0.001348488
sceptic,sceptic,0.91117966
activist,activist,0.0009004467
activist,activist,0.00039434477
sceptic,sceptic,0.99958676
sceptic,sceptic,0.98324674
sceptic,sceptic,0.9922294
activist,activist,0.06170614
activist,sceptic,0.91715443
sceptic,sceptic,0.9456007
sceptic,sceptic,0.7921428
sceptic,sceptic,0.9990508
sceptic,sceptic,0.9861247
activist,activist,0.0003065437
sceptic,sceptic,0.99988174
activist,activist,0.0051296344
activist,activist,0.00043990326
activist,activist,0.009020279
sceptic,sceptic,0.9630572
activist,activist,0.0005692035
activist,activist,0.04913079
activist,activist,0.00023968687
sceptic,sceptic,0.9998907
activist,activist,0.0007307537
sceptic,sceptic,0.99773055
activist,activist,0.0017375926
activist,activist,0.0003314445
sceptic,sceptic,0.996271
sceptic,sceptic,0.7889899
activist,sceptic,0.6915494
activist,activist,0.0015158918
activist,activist,0.042483203
sceptic,sceptic,0.99983656
sceptic,sceptic,0.99987066
activist,activist,0.0024249142
sceptic,sceptic,0.9700703
activist,activist,0.058399517
activist,activist,0.0023276936
sceptic,sceptic,0.9998915
activist,activist,0.0005243984
activist,activist,0.0028783479
sceptic,sceptic,0.99589807
sceptic,sceptic,0.9962782
activist,activist,0.0005495509
sceptic,sceptic,0.9998827
activist,activist,0.000522355
activist,activist,0.000994665
activist,activist,0.0003065437
sceptic,sceptic,0.9998629
activist,activist,0.0015247865
sceptic,sceptic,0.8822251
sceptic,sceptic,0.99837697
sceptic,sceptic,0.99496907
sceptic,sceptic,0.9998795
activist,activist,0.0021869743
activist,activist,0.01461567
activist,sceptic,0.7777222
activist,activist,0.00069054146
activist,activist,0.0005305765
activist,activist,0.0036287403
activist,activist,0.3354053
activist,activist,0.005230278
activist,activist,0.00022429059
sceptic,sceptic,0.9797065
sceptic,activist,0.39947483
sceptic,sceptic,0.999864
activist,sceptic,0.6277516
activist,sceptic,0.9771538
sceptic,sceptic,0.92206234
activist,activist,0.007651032
sceptic,sceptic,0.9976265
activist,activist,0.0022650503
sceptic,sceptic,0.8641959
sceptic,sceptic,0.82432055
activist,activist,0.00035488585
sceptic,sceptic,0.99967945
activist,sceptic,0.63513756
activist,activist,0.0015457438
activist,activist,0.011375601
activist,activist,0.0014021305
activist,activist,0.23014024
activist,activist,0.00031937406
activist,activist,0.0015011822
activist,activist,0.0040385914
activist,activist,0.0033569518
sceptic,activist,0.4770041
sceptic,sceptic,0.98544043
activist,activist,0.0007422528
sceptic,sceptic,0.99989235
sceptic,sceptic,0.95589906
activist,activist,0.000334696
activist,activist,0.00093263603
activist,activist,0.00047009322
activist,activist,0.022328785
activist,activist,0.00049650425
sceptic,sceptic,0.971564
sceptic,sceptic,0.99988365
activist,activist,0.0046365354
activist,activist,0.0059571536
activist,activist,0.0005305765
sceptic,sceptic,0.99603146
activist,activist,0.00032822456
activist,activist,0.09816574
sceptic,sceptic,0.9961606
sceptic,sceptic,0.9998845
sceptic,sceptic,0.90022314
sceptic,sceptic,0.99097973
activist,activist,0.0004124559
sceptic,sceptic,0.87120116
activist,activist,0.0021489493
activist,activist,0.00037629314
activist,activist,0.0029349516
activist,activist,0.000366147
activist,activist,0.1435475
activist,activist,0.0012793075
sceptic,sceptic,0.99986553
activist,activist,0.008881674
activist,activist,0.0024678102
sceptic,sceptic,0.997813
activist,activist,0.00086936745
activist,activist,0.0017683518
activist,activist,0.020804489
activist,activist,0.10818895
sceptic,activist,0.31158394
sceptic,sceptic,0.6512995
sceptic,sceptic,0.99988675
activist,activist,0.0012113065
sceptic,sceptic,0.99720997
sceptic,activist,0.13817081
activist,activist,0.0011446805
sceptic,sceptic,0.9408442
activist,activist,0.00053892744
sceptic,sceptic,0.96415305
activist,activist,0.0014048679
sceptic,sceptic,0.9872773
activist,activist,0.004645557
sceptic,sceptic,0.9983418
activist,activist,0.0021912407
activist,activist,0.1435475
sceptic,sceptic,0.98442644
activist,activist,0.007149102
sceptic,sceptic,0.99541724
sceptic,sceptic,0.9982003
sceptic,sceptic,0.9988752
activist,activist,0.0059919516
sceptic,sceptic,0.9997305
activist,activist,0.0034834242
sceptic,sceptic,0.9651191
activist,activist,0.0015578482
sceptic,sceptic,0.9369228
sceptic,sceptic,0.99988675
activist,activist,0.0027044294
activist,sceptic,0.6771539
sceptic,sceptic,0.99986756
sceptic,sceptic,0.9433998
activist,activist,0.0011695102
activist,activist,0.0040385914
sceptic,sceptic,0.99984276
sceptic,sceptic,0.7693403
sceptic,sceptic,0.88100195
activist,activist,0.0033634927
sceptic,sceptic,0.71963
activist,sceptic,0.73163426
activist,activist,0.18616901
activist,activist,0.00093994394
activist,activist,0.0060621547
sceptic,sceptic,0.999864
activist,activist,0.0006706176
activist,activist,0.0003799845
sceptic,sceptic,0.996858
activist,activist,0.0015669888
sceptic,sceptic,0.9986142
activist,activist,0.0034162786
activist,activist,0.04134599
activist,activist,0.0018785202
activist,activist,0.0013939502
activist,activist,0.0009927261
activist,activist,0.0011116682
activist,activist,0.0019117693
activist,activist,0.0005305765
activist,activist,0.0036642202
activist,activist,0.00084264233
sceptic,sceptic,0.9184071
activist,activist,0.00077784655
sceptic,sceptic,0.9872158
activist,activist,0.0030278352
activist,sceptic,0.9512782
activist,activist,0.003802225
sceptic,activist,0.12501197
sceptic,sceptic,0.9992267
sceptic,sceptic,0.943608
activist,activist,0.00086767256
sceptic,activist,0.0067188703
activist,activist,0.0003951154
sceptic,sceptic,0.9947084
activist,activist,0.0071629784
activist,activist,0.0025960316
sceptic,sceptic,0.9789353
activist,activist,0.011508149
activist,activist,0.0022562398
activist,activist,0.0072749583
sceptic,sceptic,0.80995333
activist,activist,0.0006436856
activist,activist,0.0009491592
activist,activist,0.0003314445
sceptic,sceptic,0.9717254
sceptic,sceptic,0.9993538
activist,activist,0.00025514138
activist,sceptic,0.96171397
activist,activist,0.0015427325
sceptic,sceptic,0.99686414
activist,activist,0.00034938578
sceptic,activist,0.36644801
activist,activist,0.093760945
activist,activist,0.00045209235
activist,activist,0.007846238
activist,activist,0.00077784655
activist,activist,0.10185715
activist,activist,0.05276519
sceptic,sceptic,0.99797314
activist,activist,0.016434573
sceptic,sceptic,0.99989104
activist,activist,0.00044945232
sceptic,sceptic,0.86339164
activist,sceptic,0.50866616
activist,activist,0.00046461902
sceptic,activist,0.0631349
sceptic,sceptic,0.6831025
activist,activist,0.021145398
sceptic,activist,0.497654
activist,activist,0.0073032235
sceptic,sceptic,0.99989283
activist,sceptic,0.7496374
activist,activist,0.00024251152
sceptic,sceptic,0.92905515
activist,activist,0.014728613
activist,activist,0.056704644
activist,activist,0.00039204178
sceptic,sceptic,0.9998832
activist,activist,0.0018494504
sceptic,sceptic,0.99195355
activist,activist,0.004905406
sceptic,sceptic,0.99982184
activist,activist,0.0005792917
sceptic,sceptic,0.9998907
sceptic,sceptic,0.84777886
sceptic,sceptic,0.99918646
activist,activist,0.0024296434
activist,activist,0.00063371257
activist,sceptic,0.81412673
sceptic,sceptic,0.8467045
activist,sceptic,0.97023994
sceptic,sceptic,0.9323302
activist,activist,0.0010423502
activist,activist,0.0004907226
sceptic,sceptic,0.9998845
sceptic,sceptic,0.9985335
sceptic,sceptic,0.9652504
sceptic,activist,0.43501624
sceptic,sceptic,0.9992312
activist,activist,0.00052337564
activist,activist,0.0012768145
sceptic,sceptic,0.9998752
activist,activist,0.0040385914
activist,activist,0.0004812358
activist,activist,0.058078147
sceptic,sceptic,0.999828
sceptic,sceptic,0.99989283
sceptic,sceptic,0.9998067
sceptic,sceptic,0.99944395
sceptic,sceptic,0.96741027
sceptic,activist,0.12868929
sceptic,sceptic,0.9944666
activist,activist,0.00054103555
sceptic,sceptic,0.85741025
sceptic,sceptic,0.9998771
activist,activist,0.00058042357
activist,activist,0.0021074724
activist,activist,0.00065254065
sceptic,sceptic,0.5874255
sceptic,sceptic,0.9527942
sceptic,sceptic,0.97850823
sceptic,sceptic,0.6164453
activist,activist,0.0010566838
activist,activist,0.000712446
sceptic,activist,0.45670503
activist,activist,0.00048217614
sceptic,sceptic,0.99356186
sceptic,sceptic,0.9416005
activist,activist,0.000603531
sceptic,sceptic,0.9935243
sceptic,sceptic,0.9998894
activist,activist,0.000461005
sceptic,sceptic,0.96891505
activist,activist,0.04134599
sceptic,sceptic,0.9933201
activist,activist,0.00034734528
sceptic,sceptic,0.98238933
sceptic,sceptic,0.99958915
activist,activist,0.0015129383
sceptic,activist,0.35970148
sceptic,sceptic,0.74298155
activist,activist,0.00039434477
sceptic,sceptic,0.99986124
sceptic,sceptic,0.7946241
sceptic,sceptic,0.99390244
sceptic,sceptic,0.97794676
sceptic,sceptic,0.9998385
activist,activist,0.4590818
activist,activist,0.05350215
sceptic,sceptic,0.99987614
activist,activist,0.011441684
sceptic,sceptic,0.9948902
sceptic,sceptic,0.99983716
activist,activist,0.43652448
sceptic,sceptic,0.99988854
sceptic,sceptic,0.63900423
activist,activist,0.18119074
sceptic,sceptic,0.9818926
sceptic,sceptic,0.6285784
activist,activist,0.0067975316
activist,activist,0.0014353332
sceptic,sceptic,0.99979264
sceptic,sceptic,0.999892
sceptic,sceptic,0.997813
activist,activist,0.0011138391
activist,activist,0.0005603838
activist,activist,0.0005112579
activist,activist,0.0011095015
activist,activist,0.0014158707
activist,activist,0.0027846089
sceptic,sceptic,0.9998691
sceptic,activist,0.058938842
activist,activist,0.0016842225
activist,activist,0.0021912407
activist,activist,0.0013564017
activist,activist,0.0028560124
activist,activist,0.0005132578
sceptic,sceptic,0.958187
sceptic,sceptic,0.99271095
activist,activist,0.04405976
sceptic,sceptic,0.84286314
sceptic,sceptic,0.99140584
activist,activist,0.030908957
sceptic,sceptic,0.8732689
activist,activist,0.011642225
sceptic,sceptic,0.9649544
activist,activist,0.00060471025
activist,activist,0.0010282109
sceptic,activist,0.18750434
sceptic,activist,0.0005193048
activist,activist,0.0012594985
sceptic,sceptic,0.99988985
activist,activist,0.0008917038
activist,activist,0.018281797
sceptic,sceptic,0.6008326
activist,activist,0.012241275
activist,activist,0.00038446192
activist,activist,0.24023946
activist,sceptic,0.7121821
sceptic,sceptic,0.9741166
activist,activist,0.34064963
activist,activist,0.005533388
activist,sceptic,0.74539834
activist,activist,0.045352582
activist,activist,0.0007748164
activist,activist,0.27508104
activist,activist,0.00033339157
sceptic,sceptic,0.99951494
activist,activist,0.00024062475
activist,activist,0.0016324889
sceptic,sceptic,0.98959166
sceptic,sceptic,0.9986356
sceptic,sceptic,0.9893063
sceptic,sceptic,0.97275317
activist,activist,0.15533455
sceptic,sceptic,0.8716389
activist,activist,0.0013070537
activist,activist,0.0012668908
sceptic,sceptic,0.93558234
sceptic,sceptic,0.9539661
activist,activist,0.00056588
sceptic,sceptic,0.9985952
activist,activist,0.0009640919
sceptic,sceptic,0.8118252
activist,activist,0.0011786721
sceptic,sceptic,0.9602495
sceptic,activist,0.114665605
sceptic,sceptic,0.9321451
sceptic,sceptic,0.9997974
activist,activist,0.0020911063
activist,activist,0.0008072305
sceptic,sceptic,0.80201334
activist,activist,0.00588816
sceptic,sceptic,0.99986756
activist,sceptic,0.9741658
activist,activist,0.0020348171
sceptic,sceptic,0.99977833
sceptic,sceptic,0.9995327
sceptic,sceptic,0.9998776
activist,activist,0.0009773503
sceptic,sceptic,0.8396682
activist,activist,0.00028573602
activist,activist,0.0021531414
activist,activist,0.0025114634
activist,activist,0.00029827765
activist,activist,0.029395705
sceptic,sceptic,0.9998876
sceptic,sceptic,0.9998965
activist,activist,0.00070140825
activist,activist,0.022201229
activist,activist,0.0015457438
activist,activist,0.00029711513
activist,activist,0.00036829791
activist,activist,0.00045297577
activist,activist,0.008412978
sceptic,sceptic,0.9899671
sceptic,sceptic,0.99988806
activist,activist,0.004117918
activist,activist,0.0008119704
activist,activist,0.021125194
sceptic,sceptic,0.99989283
activist,activist,0.002895214
sceptic,sceptic,0.9913892
activist,activist,0.25173965
activist,activist,0.2786492
activist,activist,0.000532652
sceptic,sceptic,0.99586606
activist,activist,0.0012743262
sceptic,sceptic,0.999892
sceptic,sceptic,0.9998771
activist,activist,0.0004592085
sceptic,sceptic,0.53151333
activist,sceptic,0.7381975
sceptic,sceptic,0.94699025
sceptic,sceptic,0.9748452
activist,activist,0.004348382
activist,activist,0.002946405
activist,activist,0.024145423
sceptic,sceptic,0.7305783
activist,activist,0.015409728
sceptic,sceptic,0.5057523
activist,activist,0.0010382907
activist,activist,0.0022562398
sceptic,sceptic,0.997537
activist,activist,0.003750789
activist,activist,0.16721867
activist,sceptic,0.5108321
activist,activist,0.00025414696
sceptic,sceptic,0.98780584
sceptic,sceptic,0.9969126
activist,activist,0.0751764
sceptic,sceptic,0.51706797
activist,activist,0.032252762
activist,sceptic,0.5521549
activist,activist,0.33111975
activist,activist,0.0012793075
activist,activist,0.00030061635
activist,activist,0.00052954187
activist,activist,0.0062291576
sceptic,sceptic,0.9901972
sceptic,sceptic,0.9606575
sceptic,sceptic,0.9851003
activist,activist,0.00079008617
sceptic,sceptic,0.97788346
activist,activist,0.00028910325
sceptic,sceptic,0.9998385
activist,activist,0.0061331755
activist,activist,0.0010525686
activist,activist,0.00087617995
activist,activist,0.023825366
sceptic,sceptic,0.994292
activist,activist,0.051605966
activist,activist,0.0046727294
sceptic,sceptic,0.99827933
activist,activist,0.00036047245
activist,activist,0.017176708
activist,sceptic,0.93913656
activist,activist,0.018887341
activist,activist,0.00619299
sceptic,sceptic,0.9992461
activist,activist,0.12554704
sceptic,sceptic,0.9955142
sceptic,sceptic,0.9989267
activist,activist,0.0005442133
sceptic,sceptic,0.9888204
activist,activist,0.00066410477
sceptic,activist,0.017242776
activist,activist,0.0002726548
activist,activist,0.0009850082
sceptic,sceptic,0.91030645
sceptic,sceptic,0.99830914
activist,activist,0.3865608
sceptic,sceptic,0.99850756
activist,activist,0.0004869057
activist,activist,0.0012399962
activist,activist,0.00043139848
sceptic,sceptic,0.9998889
sceptic,activist,0.23775285
sceptic,sceptic,0.9609151
sceptic,sceptic,0.9998596
activist,activist,0.04903963
activist,activist,0.0007293288
activist,activist,0.0067058485
sceptic,sceptic,0.9980882
sceptic,sceptic,0.9943909
sceptic,sceptic,0.9970247
activist,activist,0.0064131636
activist,activist,0.00032567108
activist,activist,0.00030955096
sceptic,sceptic,0.999892
activist,activist,0.0018137436
activist,activist,0.00050137425
activist,activist,0.00042058743
activist,activist,0.0004373344
activist,activist,0.002074867
sceptic,sceptic,0.99987996
activist,activist,0.0018350843
activist,activist,0.03861093
activist,activist,0.003503823
activist,activist,0.0027629985
sceptic,sceptic,0.99984884
sceptic,sceptic,0.9445361
activist,activist,0.04438999
activist,activist,0.0009811718
activist,activist,0.00037409563
activist,sceptic,0.84260434
activist,activist,0.0002632383
sceptic,sceptic,0.97311324
activist,activist,0.0016040892
sceptic,sceptic,0.9998894
activist,activist,0.003794834
sceptic,sceptic,0.99986446
activist,activist,0.00095659646
sceptic,sceptic,0.99398476
sceptic,sceptic,0.99736834
activist,activist,0.00022960827
sceptic,sceptic,0.93463415
activist,activist,0.002078915
sceptic,sceptic,0.99779594
activist,activist,0.0013537587
activist,activist,0.0058426056
sceptic,sceptic,0.9988991
activist,activist,0.00034196203
sceptic,sceptic,0.9810401
sceptic,sceptic,0.9998932
activist,activist,0.00039977106
activist,activist,0.0016517006
sceptic,activist,0.029986506
activist,sceptic,0.6582528
activist,sceptic,0.5352351
sceptic,sceptic,0.94417685
sceptic,sceptic,0.99894744
activist,sceptic,0.82183194
sceptic,sceptic,0.9379537
activist,activist,0.050940912
activist,activist,0.41161335
sceptic,sceptic,0.9998233
sceptic,activist,0.070880495
sceptic,sceptic,0.99719363
activist,activist,0.0003071428
activist,activist,0.00031015597
sceptic,sceptic,0.99854493
sceptic,sceptic,0.99504673
activist,activist,0.02761149
activist,activist,0.016183902
sceptic,activist,0.17092277
activist,activist,0.3678094
activist,sceptic,0.68442225
sceptic,sceptic,0.9998915
activist,activist,0.058560826
sceptic,sceptic,0.9998771
activist,activist,0.0026265525
sceptic,sceptic,0.99963737
activist,activist,0.0022916892
sceptic,sceptic,0.9732915
sceptic,sceptic,0.9997092
sceptic,activist,0.4515381
activist,activist,0.0005152657
sceptic,sceptic,0.9998996
activist,activist,0.0009146137
sceptic,sceptic,0.8327813
sceptic,sceptic,0.9998511
sceptic,sceptic,0.9673178
sceptic,sceptic,0.99271095
sceptic,sceptic,0.9998596
activist,activist,0.00073648075
activist,activist,0.00071662973
sceptic,sceptic,0.99566
activist,activist,0.0008183336
activist,activist,0.00063247676
activist,activist,0.00047285447
sceptic,sceptic,0.9998965
activist,activist,0.010776726
activist,activist,0.0043230867
sceptic,sceptic,0.9194258
sceptic,sceptic,0.999355
activist,activist,0.006944127
sceptic,activist,0.09999631
sceptic,activist,0.1735682
sceptic,sceptic,0.94853723
activist,activist,0.0022518474
activist,activist,0.30331892
activist,activist,0.0010817152
activist,activist,0.00075540564
sceptic,sceptic,0.99986553
sceptic,sceptic,0.99764496
activist,activist,0.0015761828
activist,activist,0.0013070537
activist,activist,0.0011008767
sceptic,sceptic,0.99970573
sceptic,sceptic,0.9998863
sceptic,sceptic,0.99988544
activist,activist,0.0006023541
sceptic,sceptic,0.994146
sceptic,sceptic,0.8937739
activist,activist,0.00036259
activist,activist,0.00046734812
sceptic,sceptic,0.9970879
activist,activist,0.0030634168
sceptic,sceptic,0.9887554
sceptic,sceptic,0.9990872
activist,activist,0.10239443
activist,activist,0.002673006
activist,activist,0.00029365462
sceptic,sceptic,0.9180404
sceptic,sceptic,0.6144518
sceptic,activist,0.0016452717
sceptic,sceptic,0.81442213
activist,activist,0.0007096704
sceptic,sceptic,0.99989283
activist,sceptic,0.8329173
activist,activist,0.00041731578
activist,activist,0.001563936
sceptic,sceptic,0.8756275
sceptic,sceptic,0.943086
activist,activist,0.02517884
sceptic,sceptic,0.9234544
sceptic,sceptic,0.9998822
activist,activist,0.0008442883
activist,activist,0.00066800485
activist,activist,0.15539864
activist,activist,0.00028966827
sceptic,sceptic,0.9958741
sceptic,sceptic,0.99986863
sceptic,sceptic,0.99979585
sceptic,sceptic,0.99984527
sceptic,sceptic,0.7360213
sceptic,sceptic,0.9980882
sceptic,sceptic,0.99988985
activist,sceptic,0.63338196
activist,activist,0.0005669857
sceptic,sceptic,0.713731
activist,activist,0.015218292
activist,activist,0.0028118587
activist,sceptic,0.7947038
activist,activist,0.009090384
activist,activist,0.00048311835
activist,activist,0.006073935
sceptic,activist,0.23506448
sceptic,sceptic,0.999572
activist,activist,0.00161665
sceptic,sceptic,0.9834705
sceptic,sceptic,0.99964654
sceptic,sceptic,0.9996259
activist,activist,0.0004812358
activist,activist,0.0025608707
sceptic,sceptic,0.999688
sceptic,sceptic,0.9976495
activist,activist,0.008364238
sceptic,sceptic,0.9856076
activist,activist,0.0003314445
activist,activist,0.0107351625
activist,activist,0.023825366
activist,activist,0.012503792
sceptic,sceptic,0.6777407
activist,activist,0.0004459562
activist,activist,0.000628784
activist,activist,0.0011786721
sceptic,sceptic,0.9526623
activist,activist,0.005149607
sceptic,activist,0.42544115
sceptic,sceptic,0.997537
activist,activist,0.00047656128
sceptic,sceptic,0.9858549
activist,activist,0.03778577
sceptic,sceptic,0.9982658
sceptic,sceptic,0.99988544
sceptic,sceptic,0.9958418
activist,activist,0.0029579026
activist,activist,0.015633563
sceptic,sceptic,0.8490348
sceptic,activist,0.3577919
sceptic,sceptic,0.68471223
sceptic,sceptic,0.9992446
sceptic,sceptic,0.9995728
activist,sceptic,0.8659059
activist,activist,0.0024774452
sceptic,sceptic,0.8406518
activist,activist,0.0077856546
activist,activist,0.0012231792
sceptic,sceptic,0.9978802
activist,activist,0.004792317
activist,activist,0.0032413602
activist,activist,0.0022170132
activist,activist,0.0008103873
sceptic,sceptic,0.99611557
sceptic,sceptic,0.9920466
sceptic,activist,0.4792904
sceptic,sceptic,0.7399865
sceptic,sceptic,0.9998746
activist,activist,0.0008509045
sceptic,sceptic,0.98469365
activist,activist,0.0019723356
sceptic,sceptic,0.99984455
activist,activist,0.0010005045
sceptic,sceptic,0.9775644
activist,activist,0.027506804
activist,activist,0.0019570168
sceptic,sceptic,0.77805966
activist,activist,0.39493725
sceptic,activist,0.07696084
sceptic,sceptic,0.9001793
sceptic,sceptic,0.9532751
activist,activist,0.0017649074
activist,activist,0.18862271
sceptic,sceptic,0.9996594
activist,activist,0.0037434977
sceptic,sceptic,0.96062064
sceptic,sceptic,0.99933845
sceptic,sceptic,0.9951609
activist,activist,0.0023504829
activist,activist,0.002007242
activist,activist,0.0011491554
sceptic,sceptic,0.78353333
sceptic,activist,0.12511882
activist,activist,0.0040860027
sceptic,sceptic,0.9951231
activist,activist,0.025589554
activist,activist,0.00042971736
activist,activist,0.005332886
sceptic,sceptic,0.9998859
activist,sceptic,0.83601975
activist,activist,0.004190637
sceptic,sceptic,0.5458834
activist,activist,0.0032350558
sceptic,sceptic,0.9979652
sceptic,activist,0.37481928
activist,activist,0.00022341634
sceptic,sceptic,0.9792154
sceptic,sceptic,0.9954261
activist,activist,0.027195055
activist,activist,0.0005072812
sceptic,sceptic,0.76960015
activist,activist,0.0014664584
sceptic,sceptic,0.9998702
activist,activist,0.0012207953
activist,activist,0.029284457
activist,activist,0.0005142608
activist,activist,0.08889936
activist,activist,0.2129677
sceptic,sceptic,0.9119669
sceptic,activist,0.028980628
sceptic,sceptic,0.99988985
sceptic,sceptic,0.9977393
activist,activist,0.0010525686
sceptic,sceptic,0.9998809
activist,activist,0.044514425
sceptic,sceptic,0.9969957
sceptic,sceptic,0.9998907
activist,activist,0.009994227
sceptic,sceptic,0.9020933
activist,activist,0.006917242
activist,activist,0.00036400868
sceptic,activist,0.022307476
activist,activist,0.023916388
sceptic,sceptic,0.95154905
activist,activist,0.0006811711
activist,activist,0.00044421837
sceptic,activist,0.27401128
activist,activist,0.0006361913
sceptic,sceptic,0.9949886
activist,activist,0.0019916527
sceptic,sceptic,0.9757624
activist,activist,0.004485795
activist,sceptic,0.87805307
sceptic,sceptic,0.99390244
sceptic,sceptic,0.99664956
activist,activist,0.030415535
sceptic,sceptic,0.9907678
activist,activist,0.0018137436
activist,activist,0.30079693
activist,activist,0.0005625758
activist,sceptic,0.8133867
activist,activist,0.0070938617
activist,activist,0.002463007
activist,activist,0.0007110568
activist,activist,0.0015099907
sceptic,sceptic,0.9997198
sceptic,activist,0.26345727
activist,activist,0.006917242
sceptic,activist,0.0091787735
activist,activist,0.0006411777
sceptic,sceptic,0.99521697
activist,activist,0.000423058
sceptic,sceptic,0.99987316
activist,activist,0.0008151457
activist,activist,0.0068239546
activist,sceptic,0.7831604
activist,activist,0.0002959571
sceptic,sceptic,0.999866
sceptic,sceptic,0.9756467
sceptic,sceptic,0.85213745
sceptic,sceptic,0.99984765
sceptic,sceptic,0.9875683
activist,activist,0.008156249
sceptic,activist,0.083815366
activist,activist,0.042522952
activist,activist,0.0006487309
activist,activist,0.0003433
activist,sceptic,0.9561864
sceptic,sceptic,0.9662516
activist,activist,0.18242551
sceptic,sceptic,0.9878996
sceptic,sceptic,0.9997023
activist,activist,0.019927852
activist,activist,0.005458661
sceptic,sceptic,0.9905874
sceptic,sceptic,0.9998894
sceptic,sceptic,0.99909604
activist,activist,0.039490405
sceptic,sceptic,0.99476975
sceptic,activist,0.26166096
sceptic,sceptic,0.8042522
activist,activist,0.0022916892
sceptic,sceptic,0.9953904
sceptic,sceptic,0.8038676
sceptic,sceptic,0.9998766
sceptic,sceptic,0.99916065
sceptic,sceptic,0.964822
activist,activist,0.0061331755
activist,activist,0.00087617995
activist,activist,0.00054634205
sceptic,sceptic,0.99989283
sceptic,sceptic,0.979354
activist,activist,0.0016356753
activist,activist,0.00034196203
activist,activist,0.002199798
sceptic,sceptic,0.99950445
sceptic,sceptic,0.9998795
sceptic,sceptic,0.97090924
sceptic,sceptic,0.99411184
activist,activist,0.24671479
activist,activist,0.001030219
sceptic,sceptic,0.999049
sceptic,sceptic,0.7068485
sceptic,sceptic,0.9890765
sceptic,activist,0.3181143
sceptic,sceptic,0.9998945
activist,activist,0.00065254065
activist,activist,0.3035253
activist,activist,0.007680747
activist,activist,0.018404892
activist,activist,0.0041420166
sceptic,sceptic,0.90397453
sceptic,sceptic,0.9998771
sceptic,sceptic,0.999539
activist,activist,0.0004416243
sceptic,sceptic,0.5874939
sceptic,sceptic,0.8326453
sceptic,sceptic,0.99989486
sceptic,sceptic,0.99987805
activist,activist,0.07696084
activist,activist,0.0029868432
activist,activist,0.0053536464
activist,activist,0.009232215
sceptic,sceptic,0.99984217
activist,activist,0.00046917636
sceptic,sceptic,0.9997974
activist,activist,0.003846872
sceptic,sceptic,0.9907499
sceptic,sceptic,0.99792516
activist,activist,0.0005102608
sceptic,sceptic,0.9998666
sceptic,sceptic,0.9676251
sceptic,sceptic,0.961678
activist,activist,0.0003748267
sceptic,sceptic,0.99678373
activist,activist,0.00039666123
sceptic,sceptic,0.9994307
sceptic,sceptic,0.9994715
sceptic,sceptic,0.99956435
sceptic,sceptic,0.9962782
activist,activist,0.25580817
activist,activist,0.19314738
activist,activist,0.000390514
activist,activist,0.00068250194
sceptic,activist,0.016947424
activist,activist,0.31848514
sceptic,sceptic,0.9965503
sceptic,sceptic,0.98782945
activist,activist,0.0039607873
sceptic,sceptic,0.97958976
sceptic,sceptic,0.9998702
activist,activist,0.005763727
activist,activist,0.016482
sceptic,sceptic,0.9998957
activist,activist,0.44696614
activist,sceptic,0.90320885
activist,activist,0.0012351678
activist,activist,0.016121823
activist,activist,0.005663865
activist,activist,0.05992141
activist,activist,0.0037727477
activist,activist,0.0024534282
sceptic,activist,0.004991961
activist,activist,0.3711651
activist,sceptic,0.78357476
sceptic,sceptic,0.99988174
activist,activist,0.0020911063
activist,activist,0.0018350843
activist,activist,0.00048785715
sceptic,sceptic,0.99980205
sceptic,activist,0.27129996
activist,activist,0.00075836
sceptic,activist,0.35292622
sceptic,sceptic,0.8597815
sceptic,sceptic,0.9428234
activist,activist,0.00042471313
activist,activist,0.00039204178
sceptic,sceptic,0.9235233
sceptic,sceptic,0.9987356
activist,activist,0.00041650186
sceptic,sceptic,0.8894809
activist,activist,0.010071823
sceptic,sceptic,0.90320885
sceptic,activist,0.26779097
sceptic,sceptic,0.9952356
activist,activist,0.00074370287
sceptic,sceptic,0.90252376
activist,sceptic,0.5320718
activist,activist,0.002238721
sceptic,sceptic,0.86356425
sceptic,sceptic,0.9912209
activist,activist,0.00037702857
sceptic,sceptic,0.99182796
sceptic,sceptic,0.994089
sceptic,sceptic,0.9158089
sceptic,sceptic,0.99988854
activist,activist,0.00026221233
activist,activist,0.0010880652
sceptic,sceptic,0.9998785
activist,activist,0.000493605
sceptic,sceptic,0.98549646
activist,activist,0.00055711175
sceptic,sceptic,0.9995035
activist,activist,0.006050398
sceptic,sceptic,0.99941385
activist,activist,0.0009622126
activist,activist,0.0076956474
activist,activist,0.0015277629
activist,activist,0.00035143827
activist,activist,0.0015978455
sceptic,activist,0.33147132
sceptic,sceptic,0.999765
activist,activist,0.0005003964
sceptic,sceptic,0.9998832
sceptic,sceptic,0.85989916
sceptic,sceptic,0.9998568
sceptic,sceptic,0.99978846
activist,activist,0.0061689946
sceptic,sceptic,0.9998822
activist,activist,0.00050235394
sceptic,sceptic,0.90582335
activist,activist,0.01447569
activist,activist,0.0006487309
activist,activist,0.0008409995
sceptic,sceptic,0.9998771
sceptic,sceptic,0.9633687
sceptic,sceptic,0.9998293
activist,activist,0.041037437
activist,activist,0.09764824
sceptic,sceptic,0.9668201
activist,activist,0.3627717
activist,activist,0.0032666994
sceptic,activist,0.05608106
sceptic,sceptic,0.9998965
activist,activist,0.0008072305
activist,activist,0.007121429
activist,activist,0.0016040892
activist,activist,0.009708476
activist,activist,0.00035419365
sceptic,sceptic,0.99989104
activist,activist,0.003794834
sceptic,sceptic,0.99834836
sceptic,sceptic,0.7916601
activist,activist,0.0015070488
sceptic,sceptic,0.99709344
sceptic,sceptic,0.99982125
activist,activist,0.0010122862
activist,activist,0.07716922
activist,activist,0.0061809816
activist,activist,0.00033404317
activist,activist,0.00095659646
activist,activist,0.0028338498
sceptic,sceptic,0.9990508
sceptic,sceptic,0.999892
sceptic,sceptic,0.9947187
sceptic,sceptic,0.9998981
sceptic,sceptic,0.9474297
activist,activist,0.21288587
sceptic,sceptic,0.8127931
activist,activist,0.0014895173
sceptic,sceptic,0.9935993
sceptic,sceptic,0.7940658
sceptic,sceptic,0.9998957
activist,activist,0.09903368
activist,activist,0.0006094501
sceptic,sceptic,0.9998822
sceptic,sceptic,0.9998535
activist,activist,0.0094490815
activist,activist,0.004198795
activist,activist,0.37399015
sceptic,sceptic,0.9987625
activist,activist,0.14360756
sceptic,activist,0.16458358
sceptic,sceptic,0.9972531
activist,activist,0.00044508645
activist,activist,0.24944724
sceptic,sceptic,0.999879
activist,activist,0.00029711513
activist,activist,0.00040055232
sceptic,sceptic,0.7988153
activist,activist,0.044307213
sceptic,sceptic,0.99178034
activist,activist,0.122838534
activist,activist,0.0005305765
sceptic,sceptic,0.9893885
sceptic,sceptic,0.8762642
activist,activist,0.06506811
activist,activist,0.00027694734
activist,activist,0.0013912341
activist,activist,0.0003777654
sceptic,sceptic,0.9998785
sceptic,sceptic,0.999892
sceptic,sceptic,0.89724606
sceptic,sceptic,0.9998771
activist,activist,0.0013121625
activist,sceptic,0.95379424
activist,activist,0.0009510131
sceptic,activist,0.07243961
activist,activist,0.00042887926
sceptic,sceptic,0.9998957
activist,activist,0.0017040416
activist,activist,0.0036570965
sceptic,sceptic,0.9859364
sceptic,sceptic,0.9945201
sceptic,sceptic,0.99635005
sceptic,sceptic,0.913368
sceptic,sceptic,0.9991424
sceptic,sceptic,0.9996437
activist,activist,0.0008813243
activist,activist,0.003607617
activist,activist,0.00038221668
sceptic,sceptic,0.943608
sceptic,sceptic,0.996858
sceptic,sceptic,0.99985456
activist,activist,0.011419616
activist,activist,0.008711384
activist,activist,0.0005305765
activist,activist,0.0024296434
sceptic,sceptic,0.99485034
activist,activist,0.026155619
activist,activist,0.0014325365
sceptic,sceptic,0.9908035
sceptic,sceptic,0.99936
activist,sceptic,0.63428855
sceptic,sceptic,0.9487276
activist,sceptic,0.55839473
activist,activist,0.0010944521
activist,activist,0.0020951857
activist,activist,0.00088304584
activist,sceptic,0.83121157
activist,activist,0.001999432
activist,activist,0.00037263767
activist,activist,0.0006945966
activist,activist,0.0011786721
activist,activist,0.0011626856
activist,activist,0.028194217
activist,activist,0.0032476767
activist,activist,0.000366147
sceptic,sceptic,0.9979572
activist,activist,0.06250249
activist,activist,0.018493311
activist,activist,0.00092900335
activist,activist,0.00035906766
sceptic,sceptic,0.98625773
activist,activist,0.0003507528
activist,activist,0.0027846089
activist,activist,0.0035588038
activist,activist,0.0017274586
activist,activist,0.001976184
activist,activist,0.03753801
activist,activist,0.0010712142
activist,activist,0.0034296038
sceptic,sceptic,0.9998915
activist,activist,0.09973295
activist,activist,0.0030873693
sceptic,sceptic,0.99978095
sceptic,sceptic,0.9875683
activist,activist,0.018743115
sceptic,sceptic,0.9995695
sceptic,sceptic,0.6954932
activist,activist,0.00096597493
activist,activist,0.00033797944
activist,activist,0.038938507
sceptic,sceptic,0.81501174
sceptic,sceptic,0.9708817
activist,activist,0.0045032725
activist,activist,0.0045738644
activist,activist,0.011008186
activist,activist,0.2726535
activist,activist,0.005797401
activist,activist,0.13173069
sceptic,sceptic,0.999529
sceptic,sceptic,0.9911355
sceptic,sceptic,0.9741166
sceptic,sceptic,0.9739932
activist,activist,0.0020308546
activist,activist,0.0004503306
activist,activist,0.00037629314
activist,activist,0.000994665
activist,activist,0.065784656
activist,activist,0.048767097
sceptic,sceptic,0.9998511
activist,sceptic,0.61207783
sceptic,sceptic,0.9848984
activist,activist,0.0067580864
sceptic,sceptic,0.9998889
activist,activist,0.02867986
sceptic,sceptic,0.9891816
activist,activist,0.0008009536
sceptic,sceptic,0.9026955
activist,sceptic,0.8926561
sceptic,sceptic,0.9400236
sceptic,sceptic,0.87883514
sceptic,sceptic,0.99933714
activist,activist,0.0008459375
sceptic,sceptic,0.9812029
activist,activist,0.0005203196
activist,activist,0.0017856744
sceptic,sceptic,0.9987081
activist,activist,0.0019684948
sceptic,activist,0.021125194
sceptic,sceptic,0.94966936
sceptic,sceptic,0.8958876
activist,activist,0.0013354007
activist,activist,0.0031480708
activist,activist,0.00082153385
activist,activist,0.19954185
activist,sceptic,0.9853843
sceptic,sceptic,0.9998623
sceptic,sceptic,0.99532723
sceptic,sceptic,0.99709344
activist,activist,0.00088477065
activist,activist,0.0011291546
activist,activist,0.001518851
sceptic,sceptic,0.90397453
sceptic,sceptic,0.95861524
activist,activist,0.08071905
sceptic,sceptic,0.9948303
activist,activist,0.043895528
sceptic,sceptic,0.9994642
activist,activist,0.21771151
activist,activist,0.0017649074
sceptic,sceptic,0.9995635
activist,activist,0.0002994447
sceptic,sceptic,0.9222025
activist,activist,0.0011357827
activist,activist,0.0018458483
sceptic,sceptic,0.9995987
sceptic,sceptic,0.9998752
activist,activist,0.0074606435
sceptic,activist,0.32879877
sceptic,sceptic,0.8152325
sceptic,sceptic,0.9937588
activist,sceptic,0.9045662
sceptic,sceptic,0.99804294
activist,activist,0.004190637
activist,activist,0.40830624
activist,activist,0.0212264
sceptic,sceptic,0.99987996
sceptic,sceptic,0.9998907
sceptic,sceptic,0.9998876
sceptic,sceptic,0.9998876
activist,activist,0.0003089472
activist,activist,0.0045561143
sceptic,sceptic,0.7718435
activist,activist,0.0005582003
sceptic,sceptic,0.99262565
sceptic,sceptic,0.999864
sceptic,sceptic,0.99564314
sceptic,sceptic,0.9883128
sceptic,sceptic,0.9995443
sceptic,sceptic,0.98961186
activist,activist,0.03722176
activist,activist,0.0005003964
activist,activist,0.011597362
activist,activist,0.046378206
activist,activist,0.01214717
sceptic,sceptic,0.99987805
sceptic,sceptic,0.9995883
sceptic,sceptic,0.99987173
sceptic,sceptic,0.99985623
sceptic,sceptic,0.99955755
activist,activist,0.0020348171
sceptic,sceptic,0.8153795
activist,activist,0.00069595367
activist,activist,0.00040606395
sceptic,activist,0.45246035
sceptic,sceptic,0.99242276
activist,activist,0.0023231625
sceptic,sceptic,0.98680264
sceptic,sceptic,0.99629277
activist,activist,0.006050398
sceptic,sceptic,0.9998845
activist,activist,0.0047644526
sceptic,sceptic,0.87763417
sceptic,sceptic,0.84959716
activist,activist,0.00060000725
activist,activist,0.0021742254
sceptic,sceptic,0.9972262
sceptic,sceptic,0.9623913
activist,activist,0.00030955096
activist,activist,0.00029365462
activist,activist,0.005663865
sceptic,sceptic,0.84972197
sceptic,sceptic,0.9507321
sceptic,sceptic,0.99977654
sceptic,sceptic,0.78099674
activist,activist,0.00038446192
activist,sceptic,0.9488225
activist,activist,0.0072890776
sceptic,sceptic,0.999864
sceptic,sceptic,0.999894
sceptic,activist,0.013454153
activist,activist,0.3388971
activist,activist,0.048181534
activist,activist,0.00034129503
activist,activist,0.00039588756
activist,activist,0.00037409563
activist,activist,0.0007947255
activist,activist,0.22936256
sceptic,sceptic,0.999894
activist,activist,0.0017443813
sceptic,sceptic,0.8916697
activist,activist,0.0004984466
sceptic,sceptic,0.99940586
activist,activist,0.0007643033
sceptic,activist,0.4327225
sceptic,sceptic,0.9698712
sceptic,sceptic,0.9928509
sceptic,sceptic,0.99727964
sceptic,activist,0.010839369
sceptic,sceptic,0.9662198
activist,activist,0.00062267727
sceptic,sceptic,0.99988985
sceptic,sceptic,0.96853036
sceptic,sceptic,0.9941801
activist,activist,0.004339933
activist,activist,0.00063371257
sceptic,sceptic,0.9998902
sceptic,sceptic,0.9998771
sceptic,sceptic,0.99989104
sceptic,sceptic,0.98134655
activist,activist,0.0013070537
activist,activist,0.012123755
activist,activist,0.0009622126
sceptic,sceptic,0.9998894
sceptic,sceptic,0.99984396
sceptic,sceptic,0.9817182
activist,activist,0.01447569
sceptic,sceptic,0.9956937
activist,activist,0.0003935756
sceptic,sceptic,0.9675024
sceptic,sceptic,0.87810534
sceptic,sceptic,0.99988854
activist,activist,0.004150081
activist,activist,0.0003912771
activist,activist,0.1131379
sceptic,sceptic,0.9470882
activist,activist,0.0005305765
sceptic,sceptic,0.99990237
sceptic,sceptic,0.9995461
sceptic,sceptic,0.998103
sceptic,sceptic,0.999879
activist,activist,0.0025261848
sceptic,sceptic,0.99830914
sceptic,sceptic,0.59474254
sceptic,activist,0.04111437
activist,activist,0.0631349
sceptic,sceptic,0.97396845
activist,sceptic,0.5083
sceptic,sceptic,0.9998894
activist,activist,0.0004322415
sceptic,sceptic,0.9940544
sceptic,sceptic,0.9992461
sceptic,sceptic,0.9992175
sceptic,sceptic,0.99960333
sceptic,sceptic,0.6461812
sceptic,sceptic,0.9974788
sceptic,activist,0.30136207
sceptic,sceptic,0.99987566
sceptic,sceptic,0.99959236
sceptic,sceptic,0.99968255
activist,activist,0.004198795
sceptic,sceptic,0.9909272
activist,activist,0.00034734528
sceptic,sceptic,0.99988854
sceptic,sceptic,0.99987173
sceptic,sceptic,0.9994081
sceptic,activist,0.24940154
activist,activist,0.00033863995
activist,sceptic,0.69196594
sceptic,sceptic,0.99817204
sceptic,sceptic,0.99921453
sceptic,sceptic,0.9985134
sceptic,sceptic,0.9995678
sceptic,sceptic,0.99036634
activist,activist,0.0003250359
activist,activist,0.00093994394
activist,activist,0.0016103574
sceptic,sceptic,0.95561
sceptic,sceptic,0.98324674
activist,activist,0.007922627
sceptic,sceptic,0.99849296
activist,activist,0.0050998176
sceptic,sceptic,0.937669
sceptic,sceptic,0.99273914
activist,sceptic,0.52000886
activist,activist,0.00039280797
activist,activist,0.0007293288
sceptic,sceptic,0.9846347
sceptic,activist,0.20665379
sceptic,sceptic,0.62937605
activist,activist,0.30704623
sceptic,sceptic,0.90632194
sceptic,sceptic,0.99832886
activist,activist,0.15310544
activist,activist,0.18090117
activist,activist,0.001348488
activist,activist,0.000782414
activist,activist,0.0004994205
activist,activist,0.00063371257
activist,activist,0.00044076296
activist,activist,0.012995414
activist,activist,0.00286158
sceptic,sceptic,0.98846966
activist,activist,0.0010423502
sceptic,sceptic,0.9817007
sceptic,sceptic,0.9998872
activist,activist,0.05829221
sceptic,sceptic,0.99988127
sceptic,sceptic,0.9701835
sceptic,sceptic,0.9054896
activist,activist,0.001044386
activist,activist,0.0006411777
activist,activist,0.1338109
activist,activist,0.088386565
sceptic,sceptic,0.98720354
activist,sceptic,0.90448195
activist,activist,0.35248035
activist,activist,0.0028504555
sceptic,activist,0.1969034
activist,activist,0.0012399962
activist,activist,0.002883959
activist,activist,0.00047377846
sceptic,activist,0.17349817
activist,activist,0.0012351678
activist,activist,0.00066410477
sceptic,sceptic,0.7889086
sceptic,sceptic,0.9744348
sceptic,sceptic,0.9990872
sceptic,sceptic,0.72316283
activist,sceptic,0.6288634
activist,activist,0.0013804223
sceptic,sceptic,0.9998822
sceptic,activist,0.26128381
activist,activist,0.00032886598
activist,activist,0.00047285447
activist,activist,0.00046280847
activist,activist,0.0027737827
activist,activist,0.004070138
activist,activist,0.25664562
sceptic,activist,0.4420343
sceptic,sceptic,0.95803016
sceptic,sceptic,0.99983716
activist,activist,0.06512755
activist,activist,0.026280278
activist,activist,0.19208428
activist,activist,0.00040290525
sceptic,sceptic,0.9998771
sceptic,sceptic,0.99971753
activist,activist,0.00045831295
sceptic,sceptic,0.7688633
activist,activist,0.0017961492
activist,activist,0.001518851
sceptic,sceptic,0.9542227
activist,sceptic,0.64810455
activist,activist,0.002111584
sceptic,sceptic,0.9998722
sceptic,sceptic,0.99895763
sceptic,sceptic,0.9998785
sceptic,sceptic,0.9998766
sceptic,sceptic,0.93379396
activist,activist,0.0029868432
sceptic,activist,0.18602112
activist,activist,0.0004955359
activist,sceptic,0.7678639
sceptic,sceptic,0.9998932
activist,activist,0.046335038
activist,activist,0.01515986
activist,sceptic,0.828523
activist,activist,0.001034247
activist,activist,0.0024107816
activist,activist,0.0008009536
activist,activist,0.009596455
sceptic,activist,0.12962292
activist,activist,0.000998554
activist,activist,0.00079162966
sceptic,sceptic,0.99988127
sceptic,sceptic,0.99790895
activist,activist,0.00045121062
sceptic,activist,0.05899303
sceptic,sceptic,0.9831822
sceptic,sceptic,0.7407374
activist,activist,0.0006838353
activist,activist,0.027954401
activist,activist,0.0012303581
sceptic,sceptic,0.87037706
activist,activist,0.00030415886
activist,activist,0.0035936027
sceptic,sceptic,0.98378503
sceptic,sceptic,0.97085404
sceptic,sceptic,0.9986303
activist,activist,0.0009773503
activist,activist,0.0013831175
activist,activist,0.0008917038
activist,activist,0.0009678616
sceptic,sceptic,0.99979657
activist,activist,0.2742542
sceptic,sceptic,0.9998832
activist,activist,0.000854232
activist,activist,0.009727271
activist,activist,0.0006070755
sceptic,sceptic,0.9942697
activist,activist,0.41545087
sceptic,activist,0.06884987
sceptic,sceptic,0.9257015
activist,activist,0.0007947255
sceptic,activist,0.06548521
activist,activist,0.0004955359
sceptic,sceptic,0.86339164
activist,activist,0.0049149487
activist,activist,0.025687136
activist,activist,0.0076362165
sceptic,activist,0.098512106
sceptic,sceptic,0.9658352
sceptic,sceptic,0.93564117
sceptic,sceptic,0.9952356
sceptic,sceptic,0.99941623
sceptic,sceptic,0.982117
activist,activist,0.0063759354
activist,activist,0.0031115084
activist,activist,0.0026470984
activist,activist,0.0067058485
sceptic,sceptic,0.9998915
sceptic,sceptic,0.99853635
sceptic,sceptic,0.9998591
activist,activist,0.0011536479
activist,activist,0.06791668
sceptic,sceptic,0.9988883
activist,activist,0.00031937406
sceptic,sceptic,0.99987113
sceptic,sceptic,0.999884
activist,activist,0.00035557942
sceptic,sceptic,0.98154205
activist,activist,0.0006538155
sceptic,sceptic,0.99988043
activist,activist,0.0034096357
activist,activist,0.03850233
activist,activist,0.00043478046
sceptic,sceptic,0.9985619
activist,activist,0.020196635
activist,activist,0.010052368
activist,activist,0.049359404
activist,activist,0.027091904
sceptic,sceptic,0.94664603
activist,activist,0.0023504829
sceptic,sceptic,0.99964094
sceptic,sceptic,0.9995939
activist,activist,0.03604999
sceptic,sceptic,0.9474783
sceptic,sceptic,0.9939261
activist,activist,0.0035518843
sceptic,sceptic,0.97550696
activist,activist,0.0021784669
activist,activist,0.000522355
sceptic,sceptic,0.9574771
activist,activist,0.0007854739
sceptic,sceptic,0.9984084
activist,activist,0.00083446025
sceptic,sceptic,0.8265718
activist,activist,0.00025915823
sceptic,sceptic,0.99609274
activist,activist,0.0013045068
sceptic,sceptic,0.99792516
activist,activist,0.004582765
sceptic,sceptic,0.9895716
activist,activist,0.07821887
activist,activist,0.026835686
activist,activist,0.00040844924
activist,activist,0.00039899134
activist,activist,0.0009869322
activist,activist,0.00047842565
sceptic,sceptic,0.99861956
sceptic,sceptic,0.9392481
sceptic,sceptic,0.9955142
sceptic,sceptic,0.9954261
sceptic,sceptic,0.9924666
activist,activist,0.0019877742
activist,activist,0.00042471313
sceptic,sceptic,0.8747742
sceptic,sceptic,0.9998827
sceptic,sceptic,0.8091252
activist,activist,0.015633563
sceptic,sceptic,0.8786791
activist,activist,0.0018458483
sceptic,sceptic,0.99987364
activist,activist,0.00032886598
sceptic,sceptic,0.93991333
sceptic,sceptic,0.99986553
activist,activist,0.49288988
activist,sceptic,0.88885534
activist,activist,0.009394396
activist,activist,0.048767097
sceptic,sceptic,0.99924755
activist,sceptic,0.61748385
activist,sceptic,0.9680205
activist,activist,0.06779314
activist,activist,0.0006512682
activist,activist,0.007176882
activist,activist,0.0008642928
sceptic,sceptic,0.83121157
activist,sceptic,0.91796696
activist,activist,0.001530745
sceptic,sceptic,0.59982216
sceptic,sceptic,0.9820483
activist,activist,0.4229217
activist,activist,0.21783626
activist,activist,0.001810211
activist,activist,0.00035976936
sceptic,sceptic,0.99989724
sceptic,sceptic,0.99771273
activist,activist,0.0047552
activist,activist,0.008660931
activist,activist,0.00024251152
activist,activist,0.41916865
sceptic,sceptic,0.9998671
activist,sceptic,0.74539834
activist,activist,0.0010987311
sceptic,sceptic,0.99653685
sceptic,sceptic,0.9998785
sceptic,sceptic,0.9623913
activist,activist,0.0010796069
activist,activist,0.0011513996
activist,activist,0.00030834458
sceptic,sceptic,0.99985516
sceptic,activist,0.2511423
sceptic,sceptic,0.99988806
sceptic,sceptic,0.99731654
activist,activist,0.0011855904
activist,activist,0.0007643033
activist,activist,0.002463007
activist,activist,0.00092900335
activist,activist,0.00035006859
sceptic,sceptic,0.9813643
activist,activist,0.0013537587
sceptic,sceptic,0.8584221
activist,activist,0.11797801
sceptic,sceptic,0.99656373
sceptic,sceptic,0.9911698
sceptic,sceptic,0.9953904
sceptic,sceptic,0.9974788
sceptic,sceptic,0.992725
activist,activist,0.0012868157
sceptic,activist,0.31991762
activist,activist,0.00048785715
sceptic,sceptic,0.99849594
sceptic,activist,0.004663655
activist,activist,0.00039821307
sceptic,sceptic,0.9996125
activist,activist,0.0013831175
activist,activist,0.0005305765
sceptic,sceptic,0.745954
sceptic,sceptic,0.9998827
sceptic,sceptic,0.9933072
activist,activist,0.012407694
activist,activist,0.15681377
activist,activist,0.0031115084
activist,activist,0.00161665
activist,activist,0.00037702857
activist,activist,0.007331598
activist,activist,0.00045209235
sceptic,sceptic,0.99987066
activist,activist,0.13963085
activist,activist,0.00032313753
sceptic,sceptic,0.90958625
activist,activist,0.20275871
sceptic,sceptic,0.7839885
activist,activist,0.02704047
activist,activist,0.02727267
sceptic,sceptic,0.77500933
sceptic,sceptic,0.999723
activist,activist,0.08181272
sceptic,activist,0.10557884
activist,sceptic,0.8843393
activist,sceptic,0.96858984
activist,activist,0.0054059
activist,activist,0.00035419365
sceptic,sceptic,0.7728737
activist,activist,0.0085443305
sceptic,sceptic,0.9971048
sceptic,sceptic,0.9983321
activist,activist,0.0019342612
activist,activist,0.0022343625
sceptic,activist,0.35393047
activist,activist,0.0013885231
activist,activist,0.0005305765
sceptic,sceptic,0.99985623
activist,sceptic,0.9817182
activist,activist,0.00045297577
activist,activist,0.107812636
activist,activist,0.0006602275
sceptic,sceptic,0.60159355
activist,activist,0.03861093
activist,activist,0.0004916815
sceptic,sceptic,0.98815376
activist,activist,0.0012231792
activist,activist,0.11269772
activist,activist,0.00075540564
sceptic,sceptic,0.99437994
sceptic,sceptic,0.9998876
activist,activist,0.008077626
sceptic,sceptic,0.98768765
sceptic,sceptic,0.96560895
sceptic,sceptic,0.9998691
sceptic,sceptic,0.8179383
activist,activist,0.003976228
sceptic,sceptic,0.9992986
activist,activist,0.001976184
sceptic,sceptic,0.9998832
sceptic,sceptic,0.99907815
sceptic,sceptic,0.99981266
activist,activist,0.0005692035
sceptic,sceptic,0.9998809
sceptic,sceptic,0.9988991
activist,activist,0.0010987311
activist,activist,0.040807474
activist,activist,0.15316878
sceptic,sceptic,0.9998499
sceptic,sceptic,0.99923277
activist,activist,0.09526526
activist,activist,0.0037289574
activist,activist,0.0029065125
sceptic,sceptic,0.99989605
activist,activist,0.00069054146
sceptic,sceptic,0.9329437
sceptic,activist,0.0069711166
activist,sceptic,0.7785651
sceptic,sceptic,0.8092006
activist,activist,0.00045474793
sceptic,sceptic,0.99988174
activist,activist,0.00035488585
activist,activist,0.0003951154
activist,activist,0.0007264875
sceptic,sceptic,0.99952805
activist,activist,0.0037217084
activist,activist,0.10659756
sceptic,sceptic,0.9543506
activist,activist,0.0010382907
sceptic,activist,0.065784656
activist,activist,0.0005336929
activist,activist,0.00074806996
sceptic,sceptic,0.9995859
activist,activist,0.26516628
sceptic,sceptic,0.9998952
sceptic,sceptic,0.9998872
activist,activist,0.41356596
sceptic,sceptic,0.9981067
sceptic,sceptic,0.9820999
activist,activist,0.0018208296
activist,activist,0.006944127
sceptic,sceptic,0.94479126
activist,activist,0.0010525686
activist,activist,0.0006771942
sceptic,sceptic,0.79157954
sceptic,sceptic,0.9981828
sceptic,sceptic,0.99988365
activist,activist,0.027954401
sceptic,sceptic,0.9998889
sceptic,sceptic,0.8892406
activist,activist,0.0011786721
sceptic,sceptic,0.7129322
activist,activist,0.14110379
sceptic,sceptic,0.9552774
sceptic,sceptic,0.99989104
activist,sceptic,0.8637942
activist,activist,0.42541125
activist,activist,0.013222822
sceptic,activist,0.044183318
activist,activist,0.043731883
sceptic,sceptic,0.88018054
sceptic,sceptic,0.9274948
sceptic,sceptic,0.9998776
activist,activist,0.0008247465
activist,activist,0.0014721894
activist,activist,0.12059408
sceptic,sceptic,0.99564314
sceptic,sceptic,0.997414
activist,activist,0.00029365462
sceptic,sceptic,0.9997069
activist,sceptic,0.54734313
activist,activist,0.00030534895
activist,activist,0.24184734
activist,activist,0.0005033356
activist,activist,0.006863781
activist,sceptic,0.65668577
sceptic,sceptic,0.9900828
sceptic,sceptic,0.8576489
activist,activist,0.00029137006
activist,activist,0.0011469158
sceptic,sceptic,0.9985952
activist,activist,0.0067449897
activist,activist,0.013096004
sceptic,activist,0.19276719
sceptic,sceptic,0.99989235
sceptic,sceptic,0.614394
activist,activist,0.04115289
sceptic,sceptic,0.96672606
activist,activist,0.00068919506
sceptic,sceptic,0.99988043
sceptic,sceptic,0.99766773
sceptic,sceptic,0.9670076
activist,activist,0.0054164114
sceptic,sceptic,0.99622726
activist,activist,0.00028462242
activist,activist,0.0017718029
sceptic,sceptic,0.9998795
activist,activist,0.00042887926
activist,activist,0.004876887
sceptic,sceptic,0.5664383
activist,activist,0.0006449432
sceptic,sceptic,0.99986553
sceptic,sceptic,0.9994081
sceptic,sceptic,0.77932185
activist,activist,0.02753294
activist,activist,0.00052747846
activist,activist,0.3577919
activist,activist,0.05829221
activist,activist,0.003021945
activist,activist,0.0008575725
sceptic,sceptic,0.99298817
sceptic,sceptic,0.9913892
sceptic,sceptic,0.99988675
sceptic,sceptic,0.98752034
sceptic,sceptic,0.93220687
sceptic,sceptic,0.9979572
sceptic,sceptic,0.9609883
sceptic,sceptic,0.9998872
sceptic,sceptic,0.99974483
sceptic,sceptic,0.9958741
sceptic,sceptic,0.96544635
sceptic,sceptic,0.9974541
activist,activist,0.059537493
sceptic,sceptic,0.9237301
activist,activist,0.0049725967
sceptic,activist,0.20173459
sceptic,sceptic,0.99988854
activist,activist,0.0015457438
sceptic,sceptic,0.9998822
activist,activist,0.0057302467
activist,sceptic,0.97151
sceptic,sceptic,0.9882449
activist,activist,0.009467379
activist,activist,0.010130412
sceptic,sceptic,0.9900058
activist,activist,0.009143315
sceptic,sceptic,0.7898017
activist,activist,0.0030813639
sceptic,activist,0.38523012
activist,activist,0.00037409563
activist,activist,0.00036047245
activist,activist,0.00050235394
activist,activist,0.0015337331
sceptic,sceptic,0.9863105
sceptic,sceptic,0.6695288
sceptic,sceptic,0.9998416
activist,activist,0.0018639286
activist,sceptic,0.64509195
sceptic,sceptic,0.99980515
activist,sceptic,0.5109522
sceptic,sceptic,0.9971048
activist,activist,0.0041581606
activist,activist,0.0039607873
activist,activist,0.0005193048
activist,activist,0.13217813
activist,activist,0.0011581581
sceptic,sceptic,0.99988127
sceptic,sceptic,0.9651191
activist,activist,0.00086936745
activist,activist,0.008462
sceptic,sceptic,0.99190676
activist,activist,0.002895214
activist,sceptic,0.91625965
sceptic,sceptic,0.9989034
activist,activist,0.00061422714
activist,activist,0.00072224624
activist,activist,0.00049650425
sceptic,sceptic,0.9994023
activist,activist,0.00039821307
activist,activist,0.0063512353
sceptic,sceptic,0.9998579
activist,activist,0.0008040859
sceptic,sceptic,0.9998671
activist,activist,0.0007096704
activist,activist,0.0018494504
sceptic,sceptic,0.999879
activist,activist,0.0072047687
sceptic,sceptic,0.5068793
sceptic,sceptic,0.99986863
activist,activist,0.0008247465
sceptic,sceptic,0.99989486
activist,activist,0.0020111583
sceptic,sceptic,0.9020933
activist,activist,0.0072468016
activist,activist,0.009859855
sceptic,sceptic,0.9912039
activist,sceptic,0.89010334
sceptic,sceptic,0.80240077
sceptic,sceptic,0.9998822
activist,activist,0.005968731
activist,activist,0.021084841
sceptic,sceptic,0.99987173
activist,activist,0.013663132
activist,activist,0.0009004467
activist,activist,0.0022213378
activist,activist,0.09057448
sceptic,sceptic,0.9998671
sceptic,sceptic,0.9971161
activist,activist,0.0014158707
sceptic,sceptic,0.9996911
activist,activist,0.0022783307
activist,activist,0.01046884
sceptic,sceptic,0.9985335
activist,activist,0.088504665
sceptic,sceptic,0.9998795
sceptic,sceptic,0.8041754
sceptic,activist,0.244363
activist,activist,0.05775844
activist,activist,0.0014158707
activist,activist,0.0006538155
activist,activist,0.00036400868
activist,activist,0.0006719279
activist,activist,0.0024486529
sceptic,sceptic,0.99984217
sceptic,sceptic,0.997065
activist,activist,0.00059766934
activist,activist,0.109182276
sceptic,sceptic,0.98662347
sceptic,sceptic,0.9998671
sceptic,sceptic,0.9998902
sceptic,sceptic,0.99983394
activist,activist,0.0017106996
sceptic,sceptic,0.99984336
sceptic,sceptic,0.9606575
sceptic,sceptic,0.8420206
sceptic,activist,0.16244647
sceptic,sceptic,0.99508506
activist,activist,0.00038147118
sceptic,sceptic,0.99986184
sceptic,sceptic,0.9990619
sceptic,sceptic,0.745491
activist,activist,0.0005305765
sceptic,sceptic,0.98387814
activist,activist,0.04324442
activist,activist,0.00402291
sceptic,sceptic,0.98238933
sceptic,sceptic,0.999423
activist,activist,0.0005305765
sceptic,sceptic,0.8517063
sceptic,sceptic,0.9551521
sceptic,activist,0.12940274
sceptic,activist,0.0019192374
activist,activist,0.00091105123
sceptic,sceptic,0.78357476
sceptic,sceptic,0.99987805
activist,activist,0.009764973
activist,sceptic,0.9347534
sceptic,sceptic,0.99939287
activist,activist,0.001133569
activist,activist,0.0068107313
activist,activist,0.0044079763
sceptic,sceptic,0.98846966
sceptic,sceptic,0.9829547
sceptic,sceptic,0.9998889
sceptic,sceptic,0.99989486
activist,activist,0.0066540097
sceptic,sceptic,0.6590212
activist,activist,0.00063371257
activist,activist,0.0024249142
activist,activist,0.02350945
sceptic,sceptic,0.9948704
activist,activist,0.00028351307
activist,activist,0.00027911883
activist,activist,0.15495056
sceptic,activist,0.14134066
activist,activist,0.0010423502
activist,activist,0.08122775
sceptic,sceptic,0.94600123
activist,activist,0.064830884
sceptic,sceptic,0.9969722
sceptic,sceptic,0.996858
activist,activist,0.107156865
sceptic,sceptic,0.9542227
activist,activist,0.007360082
sceptic,sceptic,0.999892
activist,activist,0.00055494095
sceptic,sceptic,0.997783
sceptic,sceptic,0.98715407
activist,sceptic,0.8783664
activist,sceptic,0.53775454
sceptic,activist,0.014813886
sceptic,sceptic,0.99911004
sceptic,sceptic,0.9228308
activist,activist,0.00041650186
activist,activist,0.00077330566
sceptic,sceptic,0.99989235
sceptic,sceptic,0.97752154
sceptic,sceptic,0.9916842
sceptic,sceptic,0.99987066
activist,activist,0.0043653254
sceptic,sceptic,0.9997775
sceptic,sceptic,0.99682117
sceptic,sceptic,0.9997478
sceptic,sceptic,0.99040353
activist,activist,0.0014607495
sceptic,sceptic,0.8362874
sceptic,sceptic,0.85512674
activist,activist,0.0002632383
activist,activist,0.0029984983
sceptic,sceptic,0.9261035
activist,activist,0.004773722
activist,activist,0.00033404317
activist,activist,0.071332
activist,activist,0.00050235394
activist,sceptic,0.6558322
sceptic,sceptic,0.9998894
activist,activist,0.4750117
sceptic,sceptic,0.9998766
sceptic,sceptic,0.99882823
sceptic,sceptic,0.99835795
activist,activist,0.054752033
activist,sceptic,0.9750835
sceptic,sceptic,0.9883465
activist,activist,0.005271083
activist,activist,0.00039204178
activist,activist,0.00065254065
sceptic,sceptic,0.9998902
sceptic,sceptic,0.99601597
activist,activist,0.0003089472
sceptic,sceptic,0.9984841
activist,activist,0.0011225654
sceptic,sceptic,0.99988985
activist,activist,0.0007568814
activist,activist,0.00034263037
sceptic,sceptic,0.92956835
activist,activist,0.00088823045
sceptic,sceptic,0.99985516
sceptic,sceptic,0.9828892
sceptic,sceptic,0.9997974
sceptic,sceptic,0.99302894
activist,activist,0.0008459375
activist,activist,0.3671568
sceptic,sceptic,0.9998863
activist,activist,0.049773455
activist,activist,0.005281334
activist,activist,0.0019043303
activist,activist,0.09799297
sceptic,sceptic,0.9960083
sceptic,sceptic,0.9998845
activist,activist,0.0027097024
activist,activist,0.0008442883
activist,activist,0.0029008577
activist,activist,0.09017308
sceptic,sceptic,0.99936634
activist,activist,0.0017173839
activist,activist,0.017627545
activist,activist,0.017900169
sceptic,sceptic,0.72130173
sceptic,sceptic,0.99984276
activist,activist,0.010032952
sceptic,sceptic,0.9988028
activist,activist,0.02763772
sceptic,sceptic,0.996357
activist,activist,0.00071662973
sceptic,sceptic,0.94934165
activist,activist,0.014254464
activist,activist,0.00062511285
activist,activist,0.0124797
activist,activist,0.0020269
activist,activist,0.024940256
activist,activist,0.00049650425
sceptic,activist,0.29808253
sceptic,sceptic,0.99988985
activist,activist,0.010881333
sceptic,sceptic,0.98715407
activist,activist,0.01170984
activist,activist,0.007121429
activist,activist,0.0012793075
sceptic,sceptic,0.98102194
sceptic,sceptic,0.99947053
activist,activist,0.0013804223
activist,activist,0.1850619
activist,activist,0.000559291
sceptic,sceptic,0.98549646
activist,activist,0.00026426834
activist,activist,0.022911694
sceptic,sceptic,0.9998822
activist,activist,0.007149102
sceptic,sceptic,0.9994684
activist,activist,0.0035449788
sceptic,sceptic,0.7175565
sceptic,sceptic,0.9803186
activist,activist,0.10167861
sceptic,sceptic,0.9985923
sceptic,sceptic,0.9883802
activist,activist,0.0024249142
activist,sceptic,0.7397516
sceptic,sceptic,0.9998691
activist,activist,0.0012868157
sceptic,sceptic,0.9994286
activist,activist,0.00062389387
sceptic,sceptic,0.9998876
sceptic,sceptic,0.99988127
activist,activist,0.002103369
sceptic,sceptic,0.9998872
sceptic,sceptic,0.99984527
sceptic,sceptic,0.9448931
sceptic,sceptic,0.99173236
activist,activist,0.0018422535
activist,sceptic,0.97223073
activist,activist,0.19140324
sceptic,activist,0.016529558
activist,activist,0.001591626
sceptic,sceptic,0.9965166
sceptic,sceptic,0.8054027
sceptic,sceptic,0.84803075
activist,activist,0.00089519075
sceptic,sceptic,0.56025076
sceptic,sceptic,0.9998596
activist,activist,0.00034397095
activist,activist,0.0030813639
activist,activist,0.00060589175
sceptic,sceptic,0.9990283
sceptic,sceptic,0.7279271
sceptic,sceptic,0.99808073
activist,activist,0.0027683857
activist,activist,0.39922592
activist,activist,0.0038844768
activist,activist,0.00037702857
sceptic,activist,0.026455777
activist,activist,0.00052954187
sceptic,sceptic,0.9998111
sceptic,sceptic,0.9829055
activist,activist,0.0003433
sceptic,sceptic,0.9998535
sceptic,sceptic,0.5344227
sceptic,sceptic,0.99780875
activist,activist,0.00024632958
activist,activist,0.44213212
activist,activist,0.00045297577
activist,activist,0.0004124559
activist,activist,0.00085590064
activist,activist,0.0013511209
sceptic,sceptic,0.995142
activist,activist,0.017110892
sceptic,sceptic,0.5518153
sceptic,sceptic,0.90982693
sceptic,sceptic,0.9649544
activist,activist,0.0010775026
activist,activist,0.00027053355
sceptic,sceptic,0.98089427
activist,activist,0.009633653
sceptic,sceptic,0.9998591
sceptic,sceptic,0.9968702
sceptic,sceptic,0.99987805
sceptic,sceptic,0.97272736
activist,activist,0.0003393018
sceptic,sceptic,0.99757034
sceptic,sceptic,0.99898773
activist,activist,0.01750956
activist,activist,0.0018969199
sceptic,sceptic,0.9966234
sceptic,sceptic,0.87987113
activist,sceptic,0.88764364
sceptic,sceptic,0.8969304
sceptic,sceptic,0.97724086
sceptic,sceptic,0.99622726
activist,activist,0.0015792594
activist,activist,0.00095659646
sceptic,sceptic,0.9990415
sceptic,sceptic,0.9993162
activist,activist,0.0013564017
sceptic,sceptic,0.9962346
sceptic,sceptic,0.9964412
sceptic,sceptic,0.9998872
activist,activist,0.004792317
activist,activist,0.0011972112
sceptic,sceptic,0.9998596
sceptic,sceptic,0.99592197
activist,activist,0.00039280797
activist,activist,0.00045209235
activist,activist,0.0014381354
activist,activist,0.00032125026
activist,sceptic,0.5142002
sceptic,sceptic,0.962356
activist,activist,0.011179602
activist,activist,0.014337031
sceptic,sceptic,0.99894947
sceptic,sceptic,0.9981969
activist,activist,0.00026221233
activist,sceptic,0.9929472
activist,activist,0.0030101987
activist,activist,0.00035006859
activist,activist,0.01447569
sceptic,sceptic,0.9859904
activist,activist,0.0010649626
activist,activist,0.0032287638
activist,activist,0.00043818905
activist,activist,0.43058124
activist,activist,0.0006094501
sceptic,sceptic,0.9998915
sceptic,sceptic,0.99865156
activist,activist,0.0005213363
activist,activist,0.004239825
activist,activist,0.003396388
sceptic,sceptic,0.91505283
sceptic,sceptic,0.9805248
activist,activist,0.00073504477
sceptic,sceptic,0.9993411
sceptic,sceptic,0.95911604
sceptic,sceptic,0.97671366
activist,activist,0.0022518474
sceptic,sceptic,0.999892
sceptic,sceptic,0.99986446
activist,activist,0.001734208
sceptic,sceptic,0.96823144
activist,activist,0.0013939502
activist,activist,0.0060386634
activist,activist,0.00027479266
sceptic,sceptic,0.9998505
sceptic,sceptic,0.9846347
activist,activist,0.15908672
activist,activist,0.0005082725
activist,activist,0.0004926423
activist,activist,0.000390514
activist,activist,0.0022083889
activist,activist,0.0005680935
sceptic,sceptic,0.82032555
sceptic,sceptic,0.9994173
sceptic,sceptic,0.99628556
sceptic,sceptic,0.9997631
activist,activist,0.00079008617
activist,activist,0.00054634205
activist,activist,0.0013858177
activist,activist,0.21166113
sceptic,sceptic,0.99988544
activist,sceptic,0.9829874
sceptic,sceptic,0.99988985
activist,activist,0.41703403
activist,activist,0.00022960827
activist,sceptic,0.52431476
activist,activist,0.03030055
activist,activist,0.000611834
activist,activist,0.1426494
activist,activist,0.0010566838
sceptic,sceptic,0.9948704
activist,activist,0.00048029723
sceptic,sceptic,0.8136089
sceptic,sceptic,0.9499023
sceptic,sceptic,0.8857304
sceptic,sceptic,0.9538373
activist,activist,0.00028797647
sceptic,sceptic,0.9998822
sceptic,sceptic,0.9774355
activist,activist,0.0012327607
sceptic,sceptic,0.99209267
activist,activist,0.0047459654
sceptic,sceptic,0.99804294
activist,activist,0.008156249
activist,activist,0.0022606407
activist,activist,0.005448068
sceptic,sceptic,0.99564314
sceptic,sceptic,0.9971551
activist,activist,0.00041731578
activist,sceptic,0.52489483
activist,activist,0.00055602525
sceptic,sceptic,0.98761624
activist,activist,0.0008199321
sceptic,sceptic,0.9998965
activist,activist,0.0003859661
activist,activist,0.08586246
activist,activist,0.002364263
sceptic,sceptic,0.99989235
activist,activist,0.005598249
sceptic,sceptic,0.9872773
sceptic,sceptic,0.9997843
sceptic,sceptic,0.99792516
sceptic,sceptic,0.99544394
activist,activist,0.00036329866
activist,activist,0.0012793075
sceptic,activist,0.26464334
activist,activist,0.024964012
activist,activist,0.028087387
sceptic,sceptic,0.999892
sceptic,sceptic,0.99986446
activist,activist,0.00084264233
sceptic,sceptic,0.9997198
activist,activist,0.00085590064
activist,activist,0.0006411777
activist,activist,0.074500255
activist,activist,0.045015533
activist,activist,0.0015854306
activist,activist,0.0008072305
sceptic,sceptic,0.9989536
activist,activist,0.0014493983
activist,activist,0.0005305765
activist,activist,0.008235631
activist,activist,0.00028797647
sceptic,sceptic,0.98722816
sceptic,sceptic,0.98651993
activist,activist,0.2649285
sceptic,sceptic,0.9939143
activist,activist,0.0011225654
sceptic,sceptic,0.97543687
activist,sceptic,0.6951829
activist,activist,0.0069711166
activist,activist,0.14897339
sceptic,sceptic,0.9998634
activist,activist,0.0006202512
activist,activist,0.0031726828
activist,activist,0.0004916815
sceptic,sceptic,0.99944395
sceptic,sceptic,0.9998894
activist,activist,0.089534186
activist,activist,0.23261507
activist,activist,0.00027053355
activist,activist,0.0006865099
sceptic,sceptic,0.9998889
sceptic,sceptic,0.99960333
activist,activist,0.010388218
sceptic,sceptic,0.9998785
activist,activist,0.002940673
sceptic,activist,0.105072714
activist,activist,0.00041650186
activist,activist,0.017143767
sceptic,sceptic,0.9991991
activist,activist,0.38332385
sceptic,sceptic,0.9954704
activist,activist,0.4647953
sceptic,sceptic,0.99988496
activist,activist,0.0005953407
sceptic,sceptic,0.9998771
activist,activist,0.0072468016
activist,activist,0.0004148787
activist,activist,0.0013966716
sceptic,activist,0.18750434
activist,activist,0.03138043
activist,activist,0.0035588038
sceptic,sceptic,0.7155731
sceptic,sceptic,0.99918
activist,activist,0.0004984466
activist,activist,0.0036428906
activist,activist,0.0020229532
sceptic,sceptic,0.9516839
sceptic,sceptic,0.9396923
activist,activist,0.0017752607
activist,activist,0.004442395
sceptic,sceptic,0.9992312
sceptic,sceptic,0.99989367
activist,activist,0.05281402
activist,activist,0.0013511209
sceptic,sceptic,0.99988985
activist,activist,0.00089869124
sceptic,sceptic,0.9998306
sceptic,sceptic,0.99987805
activist,activist,0.001044386
sceptic,sceptic,0.96669465
activist,activist,0.01200735
activist,activist,0.0058996035
activist,activist,0.0018785202
activist,activist,0.006666932
sceptic,sceptic,0.90397453
sceptic,sceptic,0.9987281
activist,activist,0.060252324
activist,activist,0.0032476767
activist,activist,0.008864499
activist,activist,0.002940673
sceptic,activist,0.014281935
activist,activist,0.4667772
sceptic,sceptic,0.9997154
activist,activist,0.010308208
activist,activist,0.16940589
activist,activist,0.009727271
activist,activist,0.0008151457
activist,activist,0.3039384
activist,activist,0.00048217614
sceptic,sceptic,0.7914184
sceptic,sceptic,0.7920624
sceptic,sceptic,0.99959785
activist,activist,0.012995414
sceptic,sceptic,0.99988127
activist,activist,0.49657062
sceptic,sceptic,0.5451571
sceptic,sceptic,0.9998574
sceptic,sceptic,0.99989104
sceptic,sceptic,0.96124375
sceptic,sceptic,0.99988544
activist,activist,0.023779985
sceptic,sceptic,0.99973315
sceptic,sceptic,0.9998666
activist,activist,0.011777842
activist,activist,0.061875988
activist,activist,0.0013432378
activist,activist,0.004030743
activist,activist,0.0051396107
activist,activist,0.0004424873
activist,activist,0.0007672925
sceptic,sceptic,0.99453074
activist,sceptic,0.9933717
sceptic,sceptic,0.9998771
activist,activist,0.054802597
sceptic,activist,0.244363
activist,activist,0.0048109824
sceptic,sceptic,0.80123687
activist,activist,0.0057302467
activist,activist,0.23100649
activist,activist,0.0007854739
activist,activist,0.16505408
activist,activist,0.0016420666
activist,activist,0.031114379
activist,activist,0.0003733659
activist,activist,0.005060332
activist,activist,0.004248079
activist,activist,0.00031750882
activist,activist,0.001092319
activist,activist,0.05103542
activist,activist,0.00039821307
sceptic,sceptic,0.95938325
activist,activist,0.0006719279
sceptic,activist,0.32257932
activist,activist,0.004442395
sceptic,sceptic,0.99863833
sceptic,activist,0.22669801
activist,activist,0.0032476767
activist,activist,0.0060152626
sceptic,sceptic,0.9034647
activist,activist,0.0006094501
sceptic,sceptic,0.63770795
activist,activist,0.07336364
sceptic,sceptic,0.99956185
activist,activist,0.00028629453
sceptic,sceptic,0.90681833
sceptic,sceptic,0.9998671
activist,activist,0.00022429059
activist,activist,0.00034062934
sceptic,sceptic,0.99988496
sceptic,sceptic,0.9887988
sceptic,sceptic,0.9982522
sceptic,sceptic,0.99665606
sceptic,sceptic,0.99839276
sceptic,activist,0.14633107
activist,activist,0.0008575725
sceptic,sceptic,0.99613816
activist,activist,0.00047842565
activist,activist,0.00034464317
sceptic,sceptic,0.921499
sceptic,sceptic,0.8838389
activist,activist,0.40628764
activist,activist,0.0003187511
activist,activist,0.06548521
activist,activist,0.0015947327
activist,activist,0.0017140384
sceptic,sceptic,0.88842046
sceptic,sceptic,0.9989556
sceptic,sceptic,0.98932695
activist,activist,0.00037850367
activist,activist,0.07716922
activist,activist,0.0007672925
activist,activist,0.0031175727
sceptic,sceptic,0.99822825
sceptic,sceptic,0.8932163
sceptic,sceptic,0.9998889
sceptic,sceptic,0.99732697
sceptic,sceptic,0.99630713
sceptic,sceptic,0.88453895
sceptic,activist,0.39048126
activist,activist,0.0010282109
sceptic,sceptic,0.9997775
activist,activist,0.017610641
activist,activist,0.0018315101
activist,activist,0.08670937
activist,activist,0.0015011822
activist,activist,0.0030693877
activist,activist,0.0047552
sceptic,sceptic,0.98662347
sceptic,sceptic,0.9998702
activist,activist,0.005291605
sceptic,activist,0.02470387
activist,activist,0.08144666
sceptic,sceptic,0.99982053
activist,activist,0.0013198635
sceptic,sceptic,0.9948803
sceptic,sceptic,0.99966526
activist,activist,0.0004916815
sceptic,sceptic,0.99826247
activist,activist,0.0005918646
activist,activist,0.00066151744
sceptic,sceptic,0.9899087
sceptic,sceptic,0.9480585
activist,sceptic,0.7958962
sceptic,sceptic,0.9470882
activist,activist,0.00052747846
activist,activist,0.05623634
activist,activist,0.16438228
activist,activist,0.23784138
activist,activist,0.010570489
activist,activist,0.009485713
activist,activist,0.00035488585
sceptic,sceptic,0.99987113
activist,activist,0.00084264233
activist,activist,0.051510453
activist,activist,0.0039454065
sceptic,sceptic,0.9984692
activist,activist,0.0035936027
activist,activist,0.0003487043
sceptic,activist,0.0012207953
sceptic,sceptic,0.9998191
activist,activist,0.0010122862
sceptic,activist,0.063714996
activist,activist,0.0006706176
sceptic,sceptic,0.99984527
sceptic,sceptic,0.97624266
sceptic,activist,0.15974104
activist,activist,0.006944127
sceptic,sceptic,0.99989605
activist,activist,0.33458945
activist,activist,0.0011225654
sceptic,sceptic,0.7919015
sceptic,sceptic,0.99736315
activist,activist,0.00038371203
activist,activist,0.0027522563
sceptic,sceptic,0.8005361
activist,activist,0.001133569
activist,activist,0.0019342612
activist,activist,0.0011740823
sceptic,sceptic,0.99187535
activist,activist,0.08487122
sceptic,sceptic,0.99988675
activist,activist,0.0010775026
activist,activist,0.009559399
activist,activist,0.0017173839
sceptic,sceptic,0.86431044
activist,activist,0.0016009645
sceptic,sceptic,0.99958104
sceptic,sceptic,0.99986184
sceptic,sceptic,0.8866169
sceptic,sceptic,0.8913863
activist,activist,0.0039685
activist,activist,0.0015337331
activist,activist,0.085479975
sceptic,sceptic,0.6772606
activist,activist,0.00063495064
activist,activist,0.0010712142
sceptic,sceptic,0.5411455
activist,activist,0.41756833
activist,activist,0.00042804275
sceptic,sceptic,0.9161096
sceptic,sceptic,0.9907678
sceptic,sceptic,0.9995497
sceptic,activist,0.019271135
sceptic,sceptic,0.99988806
activist,activist,0.00066410477
sceptic,sceptic,0.99952066
activist,activist,0.0014579034
activist,activist,0.00060471025
sceptic,sceptic,0.97204566
activist,activist,0.0025016968
sceptic,sceptic,0.96888566
activist,activist,0.00081355654
sceptic,sceptic,0.9998915
activist,activist,0.00050530455
activist,activist,0.006679879
sceptic,sceptic,0.9912039
sceptic,sceptic,0.7934263
activist,activist,0.0020829707
sceptic,sceptic,0.9998568
activist,activist,0.0005495509
activist,sceptic,0.6178009
sceptic,sceptic,0.9896318
activist,activist,0.0030873693
sceptic,sceptic,0.9382373
activist,activist,0.0003487043
activist,activist,0.0004036926
sceptic,sceptic,0.9054896
sceptic,sceptic,0.9998907
activist,activist,0.012288597
sceptic,sceptic,0.99368566
activist,activist,0.0066153933
sceptic,sceptic,0.81530607
sceptic,activist,0.31426096
sceptic,activist,0.3531493
activist,activist,0.00053578056
sceptic,activist,0.00381705
activist,activist,0.018422542
activist,activist,0.006576998
activist,sceptic,0.881513
activist,activist,0.0894546
activist,activist,0.0021912407
activist,sceptic,0.9809856
activist,activist,0.00068250194
activist,activist,0.0003187511
sceptic,sceptic,0.91693145
activist,activist,0.0038543637
activist,activist,0.00030179258
activist,activist,0.00096975197
activist,sceptic,0.5219376
sceptic,sceptic,0.9997527
activist,activist,0.106226124
activist,activist,0.0008409995
sceptic,sceptic,0.9258357
sceptic,sceptic,0.98215127
activist,activist,0.023939194
activist,activist,0.0009436193
activist,activist,0.004663655
activist,sceptic,0.97023994
activist,activist,0.0014103585
activist,activist,0.0006011795
sceptic,sceptic,0.9998894
activist,activist,0.001044386
activist,activist,0.0027202787
sceptic,activist,0.43525627
sceptic,sceptic,0.97903574
activist,activist,0.0005815577
sceptic,sceptic,0.9900058
activist,activist,0.0024107816
sceptic,sceptic,0.70846474
activist,sceptic,0.98080254
activist,activist,0.0005213363
sceptic,sceptic,0.99988127
activist,activist,0.17497346
sceptic,sceptic,0.6206791
sceptic,sceptic,0.9998771
activist,sceptic,0.95270634
activist,activist,0.00039588756
sceptic,sceptic,0.9998894
activist,activist,0.0068771075
activist,activist,0.0026163394
sceptic,sceptic,0.9990245
activist,activist,0.012527932
activist,activist,0.00086936745
sceptic,sceptic,0.99014014
sceptic,sceptic,0.99097973
activist,activist,0.0005527786
activist,activist,0.00034734528
sceptic,sceptic,0.99987173
activist,activist,0.0004222329
sceptic,sceptic,0.99983454
activist,activist,0.0028338498
activist,activist,0.0004840624
sceptic,sceptic,0.9992606
activist,activist,0.3408142
sceptic,sceptic,0.9994116
activist,activist,0.018582148
activist,activist,0.0033309148
activist,activist,0.0033439077
activist,activist,0.0014721894
sceptic,sceptic,0.97118384
activist,sceptic,0.98096734
sceptic,sceptic,0.99508506
activist,activist,0.0009528706
activist,activist,0.00041326194
sceptic,sceptic,0.9900058
sceptic,sceptic,0.99857855
activist,activist,0.00028685408
sceptic,sceptic,0.99989283
sceptic,sceptic,0.9998795
sceptic,sceptic,0.99988043
activist,activist,0.06979493
sceptic,sceptic,0.9998795
sceptic,sceptic,0.99540824
activist,activist,0.00088649895
activist,activist,0.05587464
activist,activist,0.0033244372
activist,activist,0.33448073
activist,activist,0.005797401
sceptic,sceptic,0.9753196
activist,activist,0.019681409
activist,activist,0.00048500832
activist,activist,0.0085278
activist,activist,0.0035657366
activist,activist,0.027585285
activist,activist,0.0004485757
sceptic,sceptic,0.99361163
activist,activist,0.0023504829
activist,activist,0.00023140869
activist,activist,0.07165614
sceptic,sceptic,0.8568123
sceptic,sceptic,0.99981266
activist,activist,0.0076956474
activist,activist,0.0004812358
activist,activist,0.062445294
sceptic,sceptic,0.99932015
sceptic,sceptic,0.91046584
activist,activist,0.17888415
activist,activist,0.19200853
activist,activist,0.019308086
sceptic,sceptic,0.947186
activist,sceptic,0.93891287
activist,activist,0.052667655
activist,activist,0.0006932423
sceptic,sceptic,0.70801073
activist,activist,0.0029521482
sceptic,sceptic,0.9998752
activist,activist,0.02017732
sceptic,sceptic,0.9998416
sceptic,sceptic,0.99830914
activist,activist,0.0014465743
activist,activist,0.30637136
sceptic,sceptic,0.97074324
sceptic,sceptic,0.9998766
sceptic,sceptic,0.9998746
activist,activist,0.0005826939
sceptic,sceptic,0.8827315
sceptic,sceptic,0.99386686
activist,activist,0.009746104
activist,sceptic,0.6081287
activist,activist,0.0005647765
activist,activist,0.001734208
activist,activist,0.00053892744
sceptic,sceptic,0.9698426
activist,activist,0.0003263076
activist,activist,0.23695737
activist,activist,0.00064999826
sceptic,sceptic,0.9923044
activist,activist,0.0034096357
sceptic,activist,0.0354775
activist,activist,0.00041165142
activist,activist,0.00029711513
activist,activist,0.0003275843
activist,activist,0.00042471313
activist,activist,0.4282334
sceptic,activist,0.002969445
sceptic,sceptic,0.9955835
activist,activist,0.00096597493
activist,activist,0.00055062474
activist,activist,0.06250249
activist,activist,0.0026163394
activist,activist,0.008881674
activist,activist,0.0006512682
sceptic,activist,0.05291181
activist,activist,0.004166256
sceptic,sceptic,0.99988544
activist,activist,0.391784
activist,activist,0.0005849732
activist,activist,0.00048311835
activist,activist,0.0016613906
activist,activist,0.05754622
sceptic,sceptic,0.8350132
activist,activist,0.00088649895
activist,activist,0.0013045068
activist,activist,0.011179602
activist,activist,0.00034397095
sceptic,sceptic,0.999828
activist,sceptic,0.76100606
sceptic,sceptic,0.99351174
sceptic,sceptic,0.99984705
activist,activist,0.0003829636
sceptic,sceptic,0.9305845
sceptic,sceptic,0.9998727
sceptic,sceptic,0.99988365
activist,activist,0.0007870084
sceptic,sceptic,0.99830914
sceptic,sceptic,0.99988985
activist,activist,0.060751904
sceptic,sceptic,0.9998872
sceptic,sceptic,0.98977125
activist,activist,0.0066153933
activist,activist,0.0027469008
activist,activist,0.0010024584
activist,activist,0.3398276
sceptic,sceptic,0.9998894
activist,sceptic,0.6249232
sceptic,sceptic,0.9659317
sceptic,sceptic,0.84428066
activist,activist,0.012624948
activist,activist,0.00028910325
activist,activist,0.0017683518
sceptic,sceptic,0.9998591
sceptic,sceptic,0.96903247
activist,activist,0.00030534895
sceptic,sceptic,0.99014014
activist,activist,0.0032476767
activist,activist,0.00093263603
activist,activist,0.0010754024
activist,activist,0.001264422
sceptic,sceptic,0.99988854
activist,activist,0.0015792594
activist,activist,0.0032603461
sceptic,sceptic,0.9998752
sceptic,sceptic,0.9998822
activist,activist,0.00062511285
activist,activist,0.00029827765
activist,activist,0.00029827765
sceptic,sceptic,0.5030975
activist,activist,0.0008056567
activist,activist,0.0004424873
sceptic,sceptic,0.9550264
sceptic,sceptic,0.9998889
activist,activist,0.20513691
activist,activist,0.07204688
activist,activist,0.00072365726
sceptic,sceptic,0.9997775
sceptic,sceptic,0.991339
activist,activist,0.03608394
sceptic,sceptic,0.9936487
activist,activist,0.0065008723
activist,activist,0.0071076322
activist,activist,0.000461005
activist,activist,0.02449299
activist,activist,0.023442289
sceptic,sceptic,0.99974877
activist,activist,0.018334452
sceptic,sceptic,0.9994081
activist,activist,0.00053787645
activist,activist,0.10017222
activist,activist,0.09670579
activist,activist,0.0008279719
activist,activist,0.00049650425
activist,activist,0.0033309148
sceptic,sceptic,0.994146
sceptic,sceptic,0.9639839
sceptic,sceptic,0.90894175
sceptic,sceptic,0.9998832
activist,activist,0.006050398
sceptic,sceptic,0.99682117
activist,activist,0.00198004
sceptic,sceptic,0.98166555
activist,activist,0.003057458
activist,activist,0.0032858336
activist,activist,0.09384396
sceptic,sceptic,0.99898773
activist,activist,0.0006011795
activist,activist,0.00031750882
activist,activist,0.0016743994
sceptic,sceptic,0.99604684
activist,activist,0.00031627133
activist,activist,0.47018158
sceptic,sceptic,0.9957437
activist,activist,0.3759069
sceptic,activist,0.06632688
activist,activist,0.009727271
activist,activist,0.099820666
sceptic,sceptic,0.9046505
activist,activist,0.00231864
sceptic,sceptic,0.9896718
sceptic,sceptic,0.99140584
activist,activist,0.0010262068
activist,activist,0.0004907226
activist,sceptic,0.61523235
sceptic,sceptic,0.9886901
activist,activist,0.0007408056
sceptic,sceptic,0.97023994
activist,activist,0.015693791
activist,activist,0.0011402229
sceptic,sceptic,0.9928509
sceptic,activist,0.45184043
activist,activist,0.0672398
sceptic,sceptic,0.99989367
sceptic,sceptic,0.99193794
activist,sceptic,0.9984238
sceptic,sceptic,0.9953454
activist,activist,0.0004592085
activist,activist,0.000532652
activist,sceptic,0.53353035
sceptic,sceptic,0.9506406
activist,activist,0.0005305765
activist,activist,0.00039821307
activist,activist,0.008779109
sceptic,sceptic,0.99986863
activist,activist,0.0074317735
activist,activist,0.0015158918
activist,activist,0.00027159214
activist,sceptic,0.59241605
sceptic,sceptic,0.93593454
activist,sceptic,0.9771538
activist,activist,0.00044076296
sceptic,sceptic,0.9998746
activist,activist,0.00036901768
activist,activist,0.0012793075
sceptic,sceptic,0.99594563
activist,activist,0.005786155
activist,sceptic,0.5722522
sceptic,sceptic,0.98680264
activist,activist,0.0016103574
activist,activist,0.015633563
sceptic,sceptic,0.6552533
sceptic,sceptic,0.99955755
activist,activist,0.09947021
activist,activist,0.004223366
activist,activist,0.00035419365
activist,activist,0.0051296344
sceptic,sceptic,0.965152
activist,activist,0.00028021095
activist,activist,0.00046917636
activist,activist,0.000720838
activist,activist,0.0021657674
activist,activist,0.0010484692
sceptic,sceptic,0.9944126
activist,activist,0.00039821307
activist,activist,0.0046185427
sceptic,activist,0.45684895
sceptic,sceptic,0.98439646
sceptic,sceptic,0.99988365
sceptic,sceptic,0.99987113
sceptic,sceptic,0.99210805
sceptic,sceptic,0.56797403
sceptic,sceptic,0.98735064
activist,activist,0.004248079
sceptic,sceptic,0.9998771
activist,sceptic,0.7947835
sceptic,activist,0.3586759
sceptic,activist,0.43242288
activist,activist,0.0007509956
activist,activist,0.030763034
sceptic,activist,0.062617026
sceptic,sceptic,0.9786719
activist,activist,0.3488669
sceptic,sceptic,0.9998945
sceptic,sceptic,0.9998596
sceptic,activist,0.1668111
activist,activist,0.0009792591
sceptic,sceptic,0.99025387
sceptic,sceptic,0.74298155
activist,sceptic,0.9961681
sceptic,sceptic,0.96312666
activist,activist,0.0010262068
sceptic,sceptic,0.9907499
sceptic,sceptic,0.9043975
sceptic,sceptic,0.99958104
activist,sceptic,0.938576
activist,activist,0.0039685
activist,activist,0.14027736
sceptic,sceptic,0.908699
activist,activist,0.039490405
activist,activist,0.0072749583
sceptic,activist,0.40101323
sceptic,sceptic,0.890151
activist,activist,0.0005305765
sceptic,sceptic,0.9993905
sceptic,sceptic,0.78825736
sceptic,sceptic,0.9868281
sceptic,sceptic,0.9975986
sceptic,sceptic,0.9998977
sceptic,sceptic,0.89982784
activist,activist,0.022011233
activist,activist,0.0015978455
activist,activist,0.0006798429
sceptic,sceptic,0.9909622
sceptic,sceptic,0.99731654
activist,sceptic,0.9854124
sceptic,sceptic,0.9998795
sceptic,sceptic,0.99918646
sceptic,sceptic,0.99549675
activist,activist,0.00053787645
activist,activist,0.0026163394
activist,activist,0.00047842565
activist,activist,0.00089693937
sceptic,sceptic,0.9584989
activist,activist,0.005652876
sceptic,sceptic,0.99988854
activist,activist,0.00032950874
sceptic,sceptic,0.99219924
sceptic,sceptic,0.99988496
sceptic,sceptic,0.9939143
activist,activist,0.015424551
activist,activist,0.000506292
sceptic,sceptic,0.99987614
activist,activist,0.15115306
activist,activist,0.0010525686
activist,activist,0.18322797
sceptic,activist,0.25725162
activist,activist,0.09501305
sceptic,sceptic,0.99843913
sceptic,sceptic,0.9995141
activist,activist,0.0016646334
sceptic,sceptic,0.99988854
activist,activist,0.011664719
sceptic,sceptic,0.98466414
sceptic,sceptic,0.9998691
sceptic,sceptic,0.99984944
sceptic,activist,0.054802597
sceptic,sceptic,0.9691495
sceptic,sceptic,0.9933717
activist,sceptic,0.7025811
activist,activist,0.0005849732
activist,activist,0.026180506
activist,activist,0.025492331
activist,sceptic,0.7128323
activist,activist,0.024053553
sceptic,sceptic,0.99987113
activist,activist,0.0012351678
activist,activist,0.00033404317
sceptic,sceptic,0.98625773
activist,activist,0.00036901768
activist,activist,0.00053161324
activist,activist,0.00069054146
activist,activist,0.0018969199
activist,activist,0.0038244836
activist,activist,0.010448625
sceptic,sceptic,0.99400806
sceptic,sceptic,0.8441522
sceptic,sceptic,0.99989486
activist,activist,0.0010083435
activist,activist,0.0016842225
sceptic,activist,0.26166096
activist,activist,0.0005264497
activist,activist,0.00055711175
sceptic,sceptic,0.90286684
activist,activist,0.00032250723
sceptic,activist,0.1565557
activist,activist,0.0009830883
activist,activist,0.0030693877
activist,activist,0.00045652693
sceptic,sceptic,0.99454135
activist,activist,0.0008183336
sceptic,sceptic,0.9935243
activist,activist,0.0029636684
sceptic,sceptic,0.99986863
activist,sceptic,0.7782283
sceptic,sceptic,0.99642736
activist,activist,0.002074867
sceptic,sceptic,0.9877587
sceptic,sceptic,0.9998822
activist,activist,0.0013564017
sceptic,sceptic,0.9973008
activist,activist,0.044847906
sceptic,sceptic,0.9593071
sceptic,sceptic,0.9920466
sceptic,sceptic,0.98481095
activist,activist,0.0006538155
sceptic,sceptic,0.9998907
sceptic,sceptic,0.99378294
activist,activist,0.001622967
activist,activist,0.00042388475
activist,activist,0.08578584
sceptic,sceptic,0.9998776
activist,sceptic,0.9967078
sceptic,sceptic,0.99759394
sceptic,sceptic,0.9756001
sceptic,activist,0.19806418
sceptic,activist,0.40577248
sceptic,sceptic,0.8093514
activist,sceptic,0.95379424
sceptic,activist,0.41131777
activist,activist,0.0005122569
sceptic,sceptic,0.97881407
activist,activist,0.29380956
activist,activist,0.18111831
activist,activist,0.017342348
activist,activist,0.0008934456
sceptic,sceptic,0.9510514
sceptic,sceptic,0.99097973
sceptic,sceptic,0.92956835
sceptic,sceptic,0.99922967
activist,activist,0.05340333
sceptic,sceptic,0.692226
activist,activist,0.03615194
activist,activist,0.001194878
activist,activist,0.060919292
activist,activist,0.0007657964
activist,activist,0.0005305765
sceptic,sceptic,0.98361266
sceptic,sceptic,0.9969663
activist,activist,0.0058086696
activist,activist,0.0037580945
sceptic,sceptic,0.9998889
sceptic,sceptic,0.9996594
sceptic,sceptic,0.94539934
activist,activist,0.00040055232
activist,activist,0.0019342612
sceptic,sceptic,0.99979657
activist,activist,0.0005442133
sceptic,sceptic,0.93171144
sceptic,sceptic,0.9505947
sceptic,sceptic,0.95998776
sceptic,sceptic,0.999866
activist,activist,0.0032603461
activist,activist,0.0010005045
activist,activist,0.0020111583
activist,activist,0.0024154834
sceptic,sceptic,0.9759923
activist,activist,0.00028351307
sceptic,sceptic,0.86281466
sceptic,sceptic,0.9998889
sceptic,activist,0.12226098
sceptic,sceptic,0.99987364
activist,activist,0.0014579034
activist,activist,0.07409725
activist,activist,0.0017375926
sceptic,sceptic,0.9250271
activist,activist,0.031588882
sceptic,sceptic,0.999866
sceptic,sceptic,0.99968004
sceptic,sceptic,0.9998859
sceptic,sceptic,0.9982893
sceptic,sceptic,0.99474937
sceptic,sceptic,0.9678993
activist,activist,0.00055385876
sceptic,sceptic,0.9670699
sceptic,sceptic,0.96050966
activist,activist,0.00083772355
activist,activist,0.000603531
sceptic,sceptic,0.89460546
sceptic,sceptic,0.9972154
sceptic,sceptic,0.99456257
activist,activist,0.19961986
sceptic,sceptic,0.99984455
sceptic,sceptic,0.93127525
activist,sceptic,0.75014114
sceptic,sceptic,0.9274291
activist,activist,0.0004124559
activist,activist,0.00039280797
sceptic,sceptic,0.9894091
activist,activist,0.0004148787
sceptic,sceptic,0.9943031
activist,activist,0.0051797125
sceptic,sceptic,0.97803074
activist,activist,0.00030534895
sceptic,sceptic,0.9998634
activist,activist,0.00206277
sceptic,sceptic,0.94610083
activist,activist,0.001778725
sceptic,sceptic,0.99366105
activist,activist,0.09227797
sceptic,sceptic,0.99987614
sceptic,sceptic,0.9911011
sceptic,sceptic,0.9912209
activist,activist,0.0014241792
sceptic,sceptic,0.9998822
sceptic,sceptic,0.9998666
sceptic,sceptic,0.9991135
activist,activist,0.0062899017
activist,activist,0.0026265525
sceptic,sceptic,0.8957508
sceptic,sceptic,0.98237246
activist,activist,0.005001672
sceptic,sceptic,0.99338466
sceptic,sceptic,0.9998697
sceptic,sceptic,0.9996587
sceptic,sceptic,0.9998889
activist,activist,0.0032224844
sceptic,sceptic,0.999892
sceptic,sceptic,0.99987316
sceptic,sceptic,0.99770385
sceptic,activist,0.041734807
sceptic,sceptic,0.9418684
activist,activist,0.0010608153
activist,sceptic,0.96641046
activist,activist,0.001518851
sceptic,sceptic,0.9998287
activist,activist,0.0008813243
activist,activist,0.0013564017
activist,activist,0.00027694734
activist,activist,0.029423581
activist,activist,0.00053578056
activist,activist,0.0068904604
activist,activist,0.0013643618
sceptic,sceptic,0.99989235
activist,activist,0.00055062474
sceptic,sceptic,0.99968064
activist,activist,0.0005849732
activist,sceptic,0.9899282
sceptic,sceptic,0.9561454
sceptic,sceptic,0.55223036
sceptic,sceptic,0.50077057
activist,sceptic,0.5043334
sceptic,sceptic,0.99987566
sceptic,sceptic,0.999892
activist,activist,0.0011380006
sceptic,sceptic,0.7625125
sceptic,sceptic,0.99101454
sceptic,sceptic,0.9998894
sceptic,sceptic,0.99903595
sceptic,sceptic,0.9998894
sceptic,sceptic,0.93991333
activist,activist,0.0007495314
activist,activist,0.23567963
sceptic,sceptic,0.9998872
activist,activist,0.00038147118
sceptic,sceptic,0.8118998
sceptic,sceptic,0.9975561
activist,activist,0.28801808
sceptic,sceptic,0.9932288
sceptic,sceptic,0.86669767
sceptic,sceptic,0.9683812
activist,activist,0.03753801
activist,sceptic,0.8708172
activist,activist,0.000543152
activist,sceptic,0.6165607
sceptic,sceptic,0.99485034
activist,activist,0.0065642493
activist,sceptic,0.7328787
sceptic,sceptic,0.99420255
activist,activist,0.001194878
activist,activist,0.0035518843
sceptic,sceptic,0.964822
activist,activist,0.009955652
activist,activist,0.00039899134
activist,activist,0.14378779
activist,activist,0.061649624
activist,activist,0.08441725
sceptic,activist,0.49548355
sceptic,sceptic,0.9468921
activist,activist,0.0009622126
sceptic,activist,0.19383317
sceptic,activist,0.020904195
activist,activist,0.11606087
sceptic,sceptic,0.55451757
activist,activist,0.09170697
sceptic,sceptic,0.8959786
sceptic,sceptic,0.9998691
activist,activist,0.25381476
activist,activist,0.26640502
activist,activist,0.0012327607
activist,activist,0.0011247573
activist,activist,0.0002959571
sceptic,sceptic,0.9998822
sceptic,sceptic,0.8683252
sceptic,sceptic,0.9997098
activist,activist,0.00034196203
activist,activist,0.19322348
activist,activist,0.00685048
activist,sceptic,0.9201462
sceptic,activist,0.05444958
activist,activist,0.0040385914
sceptic,sceptic,0.98934746
activist,activist,0.0004897656
sceptic,activist,0.0012207953
sceptic,sceptic,0.9998915
activist,activist,0.001016244
sceptic,sceptic,0.7871959
activist,activist,0.005522651
sceptic,sceptic,0.950503
sceptic,sceptic,0.9998771
activist,activist,0.21942112
activist,activist,0.0009362829
activist,activist,0.22025856
activist,activist,0.004314688
activist,activist,0.005641909
activist,activist,0.14627008
sceptic,sceptic,0.9265035
sceptic,sceptic,0.99958915
sceptic,sceptic,0.94699025
activist,activist,0.3667031
sceptic,sceptic,0.99948466
activist,activist,0.000593021
activist,activist,0.010388218
sceptic,activist,0.3788899
activist,activist,0.000578162
activist,activist,0.0042895884
sceptic,sceptic,0.9565125
sceptic,sceptic,0.9979572
activist,activist,0.0006550929
sceptic,sceptic,0.9998634
sceptic,sceptic,0.9163345
sceptic,sceptic,0.9998505
activist,activist,0.0019380354
sceptic,sceptic,0.9977525
activist,activist,0.0007408056
sceptic,sceptic,0.9503189
activist,activist,0.0072468016
activist,activist,0.367327
sceptic,sceptic,0.9998385
activist,activist,0.089534186
sceptic,sceptic,0.99989235
sceptic,sceptic,0.9428234
activist,activist,0.003678509
activist,activist,0.003976228
activist,activist,0.00050530455
sceptic,sceptic,0.9160345
sceptic,sceptic,0.9717254
activist,activist,0.0016678823
activist,activist,0.016996302
activist,activist,0.0003275843
activist,activist,0.005395409
activist,activist,0.005119676
activist,activist,0.0012693644
sceptic,sceptic,0.9818056
sceptic,activist,0.043936532
activist,activist,0.0005305765
activist,activist,0.00094730896
activist,activist,0.30182487
sceptic,sceptic,0.99943966
activist,activist,0.00571913
activist,activist,0.0014297453
sceptic,sceptic,0.74363375
activist,sceptic,0.7849791
activist,activist,0.35964522
sceptic,sceptic,0.9998832
sceptic,sceptic,0.9998822
sceptic,sceptic,0.9723885
activist,activist,0.00035627434
activist,activist,0.0019304943
activist,sceptic,0.61808914
sceptic,activist,0.42462072
sceptic,sceptic,0.99394965
activist,activist,0.00025814815
sceptic,sceptic,0.96544635
sceptic,sceptic,0.9049869
activist,activist,0.0013380081
sceptic,sceptic,0.9946464
sceptic,sceptic,0.9996302
sceptic,sceptic,0.9834863
sceptic,sceptic,0.9790157
activist,activist,0.00038521324
sceptic,sceptic,0.55526
sceptic,sceptic,0.99883276
activist,sceptic,0.5649763
sceptic,sceptic,0.9998915
sceptic,sceptic,0.99686414
activist,activist,0.06471257
sceptic,activist,0.41964793
activist,sceptic,0.7078593
activist,activist,0.0006411777
activist,activist,0.041578867
sceptic,activist,0.40289128
activist,activist,0.0004305571
sceptic,activist,0.05079946
activist,activist,0.0047459654
sceptic,sceptic,0.99988985
sceptic,sceptic,0.9996259
sceptic,sceptic,0.9994418
sceptic,activist,0.008203785
sceptic,sceptic,0.99969935
sceptic,sceptic,0.9928509
activist,activist,0.0003935756
activist,activist,0.040426936
sceptic,sceptic,0.9773492
sceptic,sceptic,0.936285
activist,activist,0.00039899134
activist,activist,0.002923543
activist,activist,0.00047193223
sceptic,sceptic,0.57603526
activist,activist,0.023131335
activist,activist,0.0012994274
activist,activist,0.0074606435
sceptic,sceptic,0.9893063
activist,activist,0.00073936116
activist,activist,0.008251599
sceptic,sceptic,0.9932811
sceptic,sceptic,0.99987805
sceptic,sceptic,0.99989367
sceptic,sceptic,0.9995609
activist,activist,0.0010005045
activist,activist,0.16954334
activist,activist,0.0004812358
activist,activist,0.0005647765
activist,activist,0.028436033
sceptic,sceptic,0.9594213
sceptic,sceptic,0.9998771
sceptic,sceptic,0.9998945
sceptic,sceptic,0.9996898
activist,activist,0.00031319875
activist,activist,0.0022518474
activist,activist,0.0008103873
sceptic,sceptic,0.9892441
activist,activist,0.00037850367
sceptic,activist,0.25776508
sceptic,sceptic,0.9907499
activist,activist,0.0009217804
activist,activist,0.00032567108
activist,activist,0.00057254656
activist,activist,0.0047183693
sceptic,sceptic,0.9953904
sceptic,sceptic,0.9998809
sceptic,sceptic,0.5084983
sceptic,sceptic,0.9070655
sceptic,sceptic,0.99544394
activist,activist,0.16899407
sceptic,sceptic,0.97298527
sceptic,sceptic,0.9283439
activist,activist,0.08042966
activist,activist,0.0040385914
sceptic,sceptic,0.77364415
activist,activist,0.013299493
sceptic,sceptic,0.99976224
sceptic,sceptic,0.9429286
sceptic,sceptic,0.9981141
sceptic,sceptic,0.9998977
activist,activist,0.0006719279
activist,activist,0.38254502
activist,activist,0.0016549241
activist,activist,0.00067324063
activist,activist,0.0029984983
activist,activist,0.0032037182
sceptic,sceptic,0.99985576
sceptic,sceptic,0.9965771
activist,activist,0.009898064
sceptic,sceptic,0.8682135
sceptic,sceptic,0.9932811
activist,activist,0.00025020776
sceptic,activist,0.30918014
sceptic,sceptic,0.99940586
activist,activist,0.0011008767
activist,sceptic,0.75233114
activist,activist,0.00032886598
activist,activist,0.00031503866
sceptic,sceptic,0.99898773
sceptic,sceptic,0.99981266
sceptic,activist,0.022650808
activist,activist,0.007388676
sceptic,sceptic,0.5198489
sceptic,sceptic,0.93784
sceptic,sceptic,0.92892635
sceptic,sceptic,0.98486924
sceptic,sceptic,0.9991573
activist,activist,0.0028504555
sceptic,sceptic,0.9730877
sceptic,activist,0.016029146
sceptic,sceptic,0.999134
sceptic,activist,0.37230548
sceptic,sceptic,0.99986064
activist,activist,0.0005305765
activist,activist,0.0012089458
activist,activist,0.0004812358
activist,activist,0.0003393018
activist,sceptic,0.88207287
activist,activist,0.0004812358
sceptic,sceptic,0.9991358
activist,activist,0.0005132578
sceptic,sceptic,0.9998915
sceptic,sceptic,0.9995703
activist,activist,0.38619906
activist,activist,0.23109323
activist,activist,0.013454153
sceptic,sceptic,0.99517965
activist,activist,0.0002632383
activist,activist,0.0010362669
sceptic,sceptic,0.7191864
activist,activist,0.031888988
activist,activist,0.0009510131
sceptic,sceptic,0.99972194
sceptic,sceptic,0.995793
activist,activist,0.0005759093
sceptic,sceptic,0.9998568
sceptic,sceptic,0.9998894
sceptic,sceptic,0.999879
activist,sceptic,0.84019345
sceptic,sceptic,0.99415743
sceptic,sceptic,0.9921841
sceptic,sceptic,0.9465967
activist,activist,0.0030753699
activist,activist,0.010448625
sceptic,sceptic,0.9879462
activist,activist,0.0010691264
sceptic,activist,0.15520647
activist,activist,0.0021364216
sceptic,sceptic,0.9998785
activist,activist,0.0013224405
sceptic,sceptic,0.8352149
activist,activist,0.008745182
sceptic,activist,0.028409066
activist,activist,0.00036901768
sceptic,activist,0.42842767
sceptic,sceptic,0.9374402
sceptic,sceptic,0.9935993
activist,activist,0.00044421837
sceptic,sceptic,0.9763105
activist,activist,0.00031750882
sceptic,sceptic,0.9882449
sceptic,sceptic,0.9458513
sceptic,sceptic,0.9971161
activist,sceptic,0.7497291
activist,activist,0.0003521251
activist,activist,0.002946405
activist,activist,0.07316472
activist,activist,0.004645557
activist,activist,0.0007978335
sceptic,sceptic,0.99981767
activist,activist,0.00049747445
sceptic,sceptic,0.97984195
activist,activist,0.06754669
sceptic,sceptic,0.6439453
sceptic,sceptic,0.99989283
sceptic,sceptic,0.99988496
activist,activist,0.00071943254
sceptic,sceptic,0.99746895
sceptic,sceptic,0.92944044
activist,activist,0.00033404317
sceptic,sceptic,0.8981429
sceptic,sceptic,0.89665926
activist,activist,0.00025414696
sceptic,sceptic,0.99987996
sceptic,sceptic,0.999864
sceptic,sceptic,0.9981067
activist,activist,0.20914644
sceptic,sceptic,0.99469805
activist,activist,0.003422935
activist,activist,0.017442483
sceptic,sceptic,0.999866
activist,activist,0.0212264
sceptic,sceptic,0.9990619
activist,activist,0.0025311115
sceptic,sceptic,0.9998894
activist,activist,0.00066800485
sceptic,sceptic,0.967132
activist,activist,0.050940912
sceptic,sceptic,0.89209336
activist,activist,0.00045563653
activist,activist,0.0016875096
activist,activist,0.00047842565
activist,sceptic,0.9193534
sceptic,sceptic,0.994292
activist,activist,0.0063759354
activist,activist,0.048002712
sceptic,sceptic,0.99985623
sceptic,sceptic,0.9985392
activist,activist,0.031499382
sceptic,sceptic,0.9951041
activist,activist,0.012552118
sceptic,sceptic,0.746139
sceptic,sceptic,0.99986756
sceptic,sceptic,0.9998952
sceptic,sceptic,0.9998907
activist,activist,0.10687689
sceptic,sceptic,0.9995819
sceptic,sceptic,0.9997942
sceptic,sceptic,0.51747185
activist,activist,0.00063371257
sceptic,sceptic,0.9622497
activist,activist,0.010248601
sceptic,activist,0.47240016
activist,activist,0.001016244
sceptic,sceptic,0.999884
activist,activist,0.00024441312
activist,activist,0.002923543
activist,activist,0.0063759354
activist,activist,0.0004601059
sceptic,sceptic,0.99987364
activist,activist,0.011961098
sceptic,sceptic,0.99457306
activist,activist,0.0005305765
sceptic,sceptic,0.989368
sceptic,sceptic,0.99553156
activist,activist,0.001044386
sceptic,activist,0.23326942
activist,activist,0.0009217804
activist,activist,0.0012327607
activist,activist,0.0008103873
activist,activist,0.0009436193
sceptic,sceptic,0.91259205
activist,activist,0.00047842565
activist,activist,0.0021322616
sceptic,sceptic,0.68299675
activist,activist,0.0045472644
sceptic,sceptic,0.9998989
sceptic,sceptic,0.99988544
activist,activist,0.0004888105
activist,activist,0.13945496
activist,activist,0.0024107816
activist,activist,0.0008072305
activist,activist,0.09342956
sceptic,sceptic,0.9998915
sceptic,sceptic,0.964355
activist,activist,0.0032730647
activist,sceptic,0.6556668
sceptic,sceptic,0.99986863
sceptic,sceptic,0.9974491
activist,activist,0.002406089
sceptic,sceptic,0.99971086
sceptic,sceptic,0.9534921
sceptic,sceptic,0.9998752
activist,activist,0.00046917636
activist,activist,0.00044770085
activist,activist,0.0007702932
sceptic,sceptic,0.9998845
activist,activist,0.0006154273
activist,activist,0.001092319
activist,activist,0.0005172813
activist,activist,0.0006462033
sceptic,sceptic,0.98803884
activist,activist,0.1884733
activist,activist,0.0062170783
activist,activist,0.02475097
sceptic,sceptic,0.9936241
activist,activist,0.0019684948
sceptic,activist,0.2909305
sceptic,sceptic,0.99960953
sceptic,sceptic,0.99187535
sceptic,sceptic,0.9967649
activist,activist,0.00041326194
sceptic,sceptic,0.9998568
activist,activist,0.000559291
sceptic,sceptic,0.6832874
activist,activist,0.058399517
activist,activist,0.0007672925
activist,activist,0.44485867
sceptic,activist,0.45777103
sceptic,sceptic,0.9951609
activist,activist,0.0012793075
sceptic,sceptic,0.9778412
sceptic,sceptic,0.99396133
activist,activist,0.00073936116
sceptic,activist,0.14004198
sceptic,sceptic,0.99908006
sceptic,sceptic,0.99945897
sceptic,sceptic,0.9980122
activist,activist,0.0017274586
activist,activist,0.000611834
activist,sceptic,0.82254577
activist,activist,0.00028406718
activist,activist,0.001247274
activist,activist,0.029816542
activist,activist,0.00023689508
sceptic,sceptic,0.9994023
activist,activist,0.0015247865
sceptic,sceptic,0.9998505
activist,activist,0.00042058743
activist,activist,0.00037409563
sceptic,sceptic,0.9079672
sceptic,sceptic,0.99920374
activist,activist,0.27405986
activist,activist,0.003337405
activist,activist,0.0004994205
activist,activist,0.009485713
activist,activist,0.059701744
sceptic,activist,0.3800109
activist,activist,0.021677379
activist,activist,0.01605998
sceptic,sceptic,0.99242276
activist,activist,0.0014837189
activist,activist,0.017900169
sceptic,sceptic,0.99989367
sceptic,sceptic,0.8145696
activist,activist,0.00068250194
activist,activist,0.004905406
activist,activist,0.00032376905
activist,activist,0.03846619
sceptic,sceptic,0.5107558
sceptic,sceptic,0.9803562
sceptic,sceptic,0.9998915
sceptic,sceptic,0.99986017
sceptic,sceptic,0.91359943
sceptic,activist,0.18683577
activist,activist,0.0043994132
sceptic,sceptic,0.999159
sceptic,sceptic,0.9583432
sceptic,sceptic,0.999433
activist,activist,0.007121429
activist,activist,0.0003576683
activist,activist,0.17231108
activist,activist,0.00032567108
sceptic,activist,0.0946777
activist,activist,0.00066670234
activist,activist,0.005149607
activist,activist,0.30254564
sceptic,sceptic,0.98138225
sceptic,sceptic,0.999841
sceptic,sceptic,0.9998416
sceptic,sceptic,0.8631611
sceptic,sceptic,0.98225373
sceptic,sceptic,0.9971771
sceptic,sceptic,0.99986064
sceptic,sceptic,0.99987614
activist,activist,0.0008312098
activist,activist,0.029731909
activist,activist,0.01384861
activist,activist,0.0006154273
activist,activist,0.0055012386
activist,activist,0.0014437558
sceptic,sceptic,0.9998915
activist,activist,0.00031258783
activist,activist,0.0010733063
sceptic,sceptic,0.99982053
activist,activist,0.0006487309
sceptic,sceptic,0.99984944
activist,activist,0.0015247865
activist,activist,0.00039899134
sceptic,sceptic,0.9998822
sceptic,sceptic,0.8850863
activist,activist,0.0039607873
sceptic,sceptic,0.76942694
sceptic,sceptic,0.99817204
activist,activist,0.0012042383
activist,activist,0.001261958
activist,activist,0.00026426834
activist,activist,0.0008575725
activist,activist,0.0049725967
activist,activist,0.028953161
sceptic,sceptic,0.9998876
activist,activist,0.17660059
activist,activist,0.001734208
activist,activist,0.0003314445
sceptic,sceptic,0.9695556
sceptic,sceptic,0.9990245
activist,activist,0.008916127
sceptic,activist,0.06354045
sceptic,sceptic,0.9998727
activist,activist,0.0008744718
activist,activist,0.0023141266
activist,activist,0.0012868157
activist,activist,0.0005305765
activist,activist,0.0009362829
activist,activist,0.0011095015
activist,activist,0.058078147
activist,activist,0.001827943
activist,activist,0.4153879
activist,activist,0.08740792
sceptic,sceptic,0.9998776
sceptic,sceptic,0.9790558
sceptic,sceptic,0.5683035
activist,activist,0.008577485
sceptic,sceptic,0.7876863
activist,activist,0.0018494504
activist,sceptic,0.6451758
activist,activist,0.27722833
activist,activist,0.0017073675
activist,activist,0.047337715
activist,activist,0.00033863995
sceptic,sceptic,0.999894
activist,activist,0.0018602987
sceptic,sceptic,0.90540594
sceptic,sceptic,0.9961004
sceptic,sceptic,0.8505307
activist,activist,0.0011832798
activist,activist,0.2941643
sceptic,sceptic,0.9998505
activist,activist,0.004339933
activist,activist,0.0010880652
sceptic,sceptic,0.99909425
sceptic,sceptic,0.98089427
activist,activist,0.0017546144
activist,activist,0.24220563
activist,activist,0.0029868432
activist,activist,0.00031136954
sceptic,sceptic,0.9998691
sceptic,sceptic,0.9998845
sceptic,sceptic,0.986662
activist,activist,0.0023276936
activist,activist,0.02763772
activist,activist,0.008610767
activist,activist,0.00047470425
activist,activist,0.0014607495
activist,sceptic,0.99210805
sceptic,sceptic,0.9650533
sceptic,sceptic,0.9980506
sceptic,sceptic,0.7240418
sceptic,sceptic,0.9995859
sceptic,sceptic,0.99812514
sceptic,sceptic,0.53013766
sceptic,sceptic,0.999892
activist,activist,0.0045032725
sceptic,sceptic,0.68130285
activist,activist,0.0039685
sceptic,activist,0.1379384
sceptic,sceptic,0.99988174
activist,activist,0.00049747445
sceptic,sceptic,0.999864
activist,activist,0.00060589175
sceptic,activist,0.15046519
activist,sceptic,0.5312626
sceptic,sceptic,0.8702668
activist,activist,0.0024296434
activist,activist,0.0006654022
activist,sceptic,0.5412573
activist,activist,0.00036400868
activist,activist,0.14145923
sceptic,sceptic,0.95426536
activist,activist,0.0005636751
sceptic,sceptic,0.96697646
activist,activist,0.0005792917
activist,activist,0.011353657
activist,activist,0.29838914
sceptic,activist,0.21659093
sceptic,activist,0.09484525
activist,activist,0.01515986
sceptic,sceptic,0.99984884
activist,activist,0.0014409429
activist,activist,0.00047101182
activist,activist,0.02517884
sceptic,sceptic,0.9998596
sceptic,sceptic,0.9997757
sceptic,sceptic,0.99476975
activist,activist,0.19674902
sceptic,sceptic,0.9936487
sceptic,sceptic,0.9685601
activist,activist,0.0070254076
sceptic,sceptic,0.97344345
activist,activist,0.0022126965
sceptic,sceptic,0.99976224
sceptic,sceptic,0.99988675
sceptic,sceptic,0.8489722
activist,activist,0.030530943
sceptic,sceptic,0.99979335
activist,activist,0.0018602987
sceptic,sceptic,0.99448806
activist,activist,0.00022782185
activist,activist,0.0006178345
sceptic,activist,0.43164408
sceptic,sceptic,0.73278314
sceptic,sceptic,0.99988365
activist,activist,0.0004812358
sceptic,sceptic,0.996183
sceptic,sceptic,0.99989605
activist,sceptic,0.6041654
activist,activist,0.0038920413
activist,activist,0.0013564017
sceptic,sceptic,0.98625773
activist,activist,0.11407212
sceptic,sceptic,0.9998385
activist,activist,0.0007870084
sceptic,sceptic,0.9959771
activist,sceptic,0.5404843
activist,activist,0.003337405
activist,activist,0.0017073675
activist,activist,0.0005082725
sceptic,activist,0.025371313
activist,activist,0.016340127
activist,activist,0.058614686
activist,activist,0.0020348171
activist,activist,0.0017007225
activist,activist,0.14247034
sceptic,sceptic,0.83635414
sceptic,sceptic,0.9951984
activist,activist,0.0014186349
sceptic,sceptic,0.9998859
activist,activist,0.000532652
activist,activist,0.061199225
activist,activist,0.033494532
sceptic,sceptic,0.9904959
activist,activist,0.0019723356
sceptic,activist,0.08071905
sceptic,activist,0.16297863
activist,activist,0.00231864
activist,activist,0.09363656
sceptic,sceptic,0.8850366
activist,activist,0.007968815
activist,sceptic,0.7405967
activist,activist,0.0017961492
activist,activist,0.0033569518
activist,activist,0.00052954187
sceptic,sceptic,0.9953454
sceptic,sceptic,0.99983776
activist,activist,0.0005033356
activist,activist,0.053107906
activist,activist,0.00109019
activist,activist,0.00055062474
activist,activist,0.23144047
activist,activist,0.00045297577
activist,sceptic,0.9766915
sceptic,sceptic,0.99990046
sceptic,sceptic,0.9998932
sceptic,sceptic,0.99719363
sceptic,sceptic,0.9990434
activist,activist,0.011755131
activist,sceptic,0.97339284
sceptic,sceptic,0.9998845
sceptic,sceptic,0.99989283
activist,activist,0.00619299
sceptic,sceptic,0.99984586
activist,activist,0.00082153385
sceptic,sceptic,0.84038997
sceptic,sceptic,0.9993228
activist,activist,0.0018172832
sceptic,sceptic,0.994146
sceptic,sceptic,0.99988496
activist,activist,0.00092900335
activist,activist,0.00051829213
activist,activist,0.0028118587
sceptic,sceptic,0.98498523
sceptic,sceptic,0.9985134
sceptic,sceptic,0.5623267
activist,activist,0.00028573602
activist,activist,0.0009436193
activist,activist,0.005663865
activist,activist,0.33458945
activist,activist,0.0012868157
activist,activist,0.0008899655
activist,activist,0.0023550675
activist,activist,0.0041581606
activist,activist,0.0030515103
sceptic,sceptic,0.9862046
activist,activist,0.0025016968
activist,activist,0.0016452717
sceptic,sceptic,0.9129808
activist,activist,0.19954185
activist,activist,0.008494837
sceptic,sceptic,0.99988544
activist,sceptic,0.9458513
sceptic,sceptic,0.9998809
sceptic,sceptic,0.9998872
activist,activist,0.00031688946
sceptic,sceptic,0.8843393
sceptic,sceptic,0.6307702
activist,activist,0.0012918457
sceptic,sceptic,0.7900447
activist,activist,0.02384809
sceptic,activist,0.03237491
sceptic,sceptic,0.71844625
sceptic,sceptic,0.9998907
activist,activist,0.3681785
activist,activist,0.0005736653
sceptic,sceptic,0.79502225
sceptic,sceptic,0.99988854
activist,activist,0.0013723688
activist,activist,0.00059766934
activist,activist,0.021430241
activist,activist,0.00043818905
activist,activist,0.043772742
activist,activist,0.0027149855
activist,activist,0.00046826137
activist,activist,0.022307476
activist,activist,0.058776557
activist,activist,0.0005861161
activist,activist,0.0050211498
activist,activist,0.0054799085
activist,activist,0.03521114
activist,activist,0.005458661
sceptic,sceptic,0.9998915
activist,activist,0.1550145
sceptic,sceptic,0.9976495
activist,activist,0.006050398
activist,sceptic,0.5941098
activist,activist,0.002673006
sceptic,sceptic,0.98761624
activist,activist,0.26516628
sceptic,sceptic,0.94762397
activist,activist,0.1080477
activist,activist,0.0007069056
sceptic,sceptic,0.8754147
activist,activist,0.0013276093
activist,activist,0.0012521496
sceptic,sceptic,0.8893368
sceptic,sceptic,0.99989283
activist,activist,0.0004994205
activist,sceptic,0.9184071
sceptic,activist,0.15348572
activist,activist,0.00093811157
activist,activist,0.0011717941
sceptic,sceptic,0.99988854
activist,activist,0.0063759354
activist,activist,0.006679879
activist,activist,0.48198718
activist,activist,0.008762129
activist,activist,0.0004955359
activist,activist,0.0005152657
sceptic,sceptic,0.9909972
activist,activist,0.0059110695
sceptic,sceptic,0.99990046
activist,activist,0.018797072
sceptic,sceptic,0.7783125
sceptic,sceptic,0.97510713
activist,activist,0.0009850082
activist,activist,0.003004343
sceptic,sceptic,0.99988985
sceptic,sceptic,0.82810634
activist,activist,0.0015731123
activist,activist,0.002238721
activist,activist,0.010986943
sceptic,sceptic,0.8978745
activist,activist,0.00066670234
sceptic,sceptic,0.9928924
sceptic,sceptic,0.91565824
activist,activist,0.0005603838
activist,activist,0.00035557942
activist,activist,0.21288587
sceptic,sceptic,0.99984396
activist,activist,0.00045563653
sceptic,sceptic,0.98292196
activist,activist,0.08071905
activist,activist,0.00075246283
sceptic,sceptic,0.92121595
activist,activist,0.003794834
activist,activist,0.0024296434
activist,activist,0.0008360903
activist,activist,0.10557884
sceptic,sceptic,0.9998287
activist,activist,0.00031627133
sceptic,activist,0.2222778
activist,activist,0.01324833
sceptic,sceptic,0.96080494
activist,activist,0.00029251014
sceptic,sceptic,0.9973425
activist,activist,0.0011695102
activist,activist,0.00029137006
activist,activist,0.08100938
activist,activist,0.004433765
sceptic,sceptic,0.9851003
activist,activist,0.0003859661
activist,activist,0.0033504234
sceptic,sceptic,0.99984646
activist,activist,0.00065254065
sceptic,sceptic,0.97796774
sceptic,sceptic,0.9993094
activist,activist,0.06301947
activist,activist,0.00031136954
activist,activist,0.0004255431
activist,activist,0.37811458
sceptic,sceptic,0.9935993
sceptic,sceptic,0.9981828
activist,activist,0.003021945
sceptic,sceptic,0.99989235
sceptic,sceptic,0.998147
activist,activist,0.0004255431
sceptic,sceptic,0.99196917
activist,activist,0.00034938578
activist,activist,0.0011380006
activist,activist,0.000854232
sceptic,sceptic,0.99864095
activist,activist,0.000628784
sceptic,sceptic,0.998912
activist,sceptic,0.52288747
sceptic,activist,0.17938675
sceptic,sceptic,0.9998771
activist,activist,0.39114425
activist,activist,0.00036472004
activist,activist,0.0006011795
activist,activist,0.0018350843
activist,activist,0.0109234555
activist,sceptic,0.61820436
sceptic,sceptic,0.9998809
activist,activist,0.0027737827
sceptic,sceptic,0.99989104
activist,activist,0.0039148238
activist,activist,0.018959865
sceptic,sceptic,0.99988675
activist,activist,0.00046917636
activist,activist,0.08678673
activist,activist,0.39396778
activist,activist,0.00088823045
sceptic,sceptic,0.9998702
activist,activist,0.00381705
activist,activist,0.07198163
activist,sceptic,0.908618
sceptic,sceptic,0.99758446
activist,activist,0.0024154834
sceptic,sceptic,0.52340513
sceptic,sceptic,0.99988675
activist,activist,0.0010382907
activist,sceptic,0.902824
activist,activist,0.0017649074
sceptic,sceptic,0.9998568
sceptic,sceptic,0.9073943
activist,activist,0.0029065125
activist,activist,0.0054164114
sceptic,sceptic,0.9986594
sceptic,sceptic,0.78874594
activist,activist,0.0014437558
activist,activist,0.0017409837
activist,activist,0.0038096302
activist,activist,0.14378779
activist,activist,0.00044421837
activist,sceptic,0.5049225
activist,activist,0.0013432378
activist,activist,0.015754245
sceptic,sceptic,0.9998634
activist,activist,0.0025459477
activist,activist,0.26736033
sceptic,sceptic,0.99789655
activist,activist,0.00036259
activist,activist,0.0011402229
sceptic,sceptic,0.99984527
sceptic,sceptic,0.9801103
sceptic,sceptic,0.9859364
sceptic,sceptic,0.96432143
activist,activist,0.0020992733
activist,activist,0.00069054146
sceptic,sceptic,0.97104686
sceptic,sceptic,0.9973477
sceptic,sceptic,0.9998771
activist,activist,0.02761149
activist,activist,0.0003507528
sceptic,sceptic,0.9998766
activist,activist,0.03030055
activist,activist,0.010881333
activist,activist,0.0023781238
sceptic,sceptic,0.99989927
activist,sceptic,0.66974485
sceptic,sceptic,0.99941504
sceptic,activist,0.13788036
activist,activist,0.00059883716
sceptic,sceptic,0.9998894
activist,activist,0.0012327607
sceptic,activist,0.114616044
activist,activist,0.0004869057
activist,activist,0.002434382
activist,activist,0.00062511285
sceptic,sceptic,0.999892
activist,activist,0.027376488
sceptic,sceptic,0.99680245
sceptic,sceptic,0.9998915
activist,activist,0.1126489
activist,sceptic,0.59458065
activist,activist,0.0067058485
activist,activist,0.00028351307
sceptic,sceptic,0.9993869
activist,activist,0.0011030266
sceptic,sceptic,0.99744415
activist,activist,0.002741556
sceptic,sceptic,0.8396682
activist,sceptic,0.6552533
sceptic,sceptic,0.9992312
activist,sceptic,0.8021684
sceptic,sceptic,0.9998634
activist,activist,0.00029480358
activist,activist,0.00047470425
sceptic,sceptic,0.9998727
activist,activist,0.0004984466
sceptic,sceptic,0.7923036
activist,activist,0.0014186349
activist,activist,0.000559291
activist,activist,0.00025315638
activist,activist,0.0012521496
activist,activist,0.0002673826
activist,activist,0.0009510131
activist,activist,0.15597628
activist,activist,0.00077784655
activist,activist,0.00077936606
activist,activist,0.0010505168
sceptic,activist,0.001591626
activist,activist,0.18824936
sceptic,sceptic,0.9737197
activist,activist,0.0019267346
sceptic,sceptic,0.9991204
sceptic,activist,0.009358114
sceptic,sceptic,0.83066285
activist,sceptic,0.878627
activist,activist,0.00034062934
activist,activist,0.0018208296
sceptic,sceptic,0.96688277
activist,activist,0.003991728
activist,activist,0.024964012
activist,activist,0.00032886598
sceptic,sceptic,0.99988496
activist,activist,0.0032476767
sceptic,sceptic,0.97334224
sceptic,sceptic,0.6771005
activist,activist,0.05915588
activist,activist,0.35857764
activist,activist,0.012600625
activist,sceptic,0.8945133
activist,activist,0.00035697062
sceptic,sceptic,0.8996516
activist,activist,0.00071662973
sceptic,sceptic,0.99988043
activist,activist,0.051749542
activist,activist,0.4092503
activist,activist,0.0009004467
sceptic,sceptic,0.95447797
sceptic,sceptic,0.9421352
sceptic,sceptic,0.9998863
sceptic,sceptic,0.64352536
sceptic,sceptic,0.9944343
sceptic,sceptic,0.9998889
activist,activist,0.0005305765
activist,sceptic,0.54477113
activist,sceptic,0.8657925
activist,activist,0.0012570443
sceptic,sceptic,0.99785525
sceptic,sceptic,0.9998568
activist,sceptic,0.5680752
sceptic,sceptic,0.9991474
activist,activist,0.06530615
activist,activist,0.09401018
activist,activist,0.00021824207
activist,activist,0.045862667
sceptic,sceptic,0.992062
activist,activist,0.0004812358
activist,activist,0.00038371203
activist,activist,0.083890386
sceptic,sceptic,0.998662
activist,activist,0.094929114
sceptic,sceptic,0.9992679
sceptic,sceptic,0.9846789
activist,activist,0.00095659646
