y_true,y_pred,proba_sceptic
activist,activist,0.0012160417
sceptic,activist,0.276886
sceptic,sceptic,0.99374664
sceptic,sceptic,0.99965405
sceptic,sceptic,0.7537387
activist,activist,0.0019342612
activist,activist,0.04986591
activist,activist,0.00060000725
sceptic,sceptic,0.98213416
activist,activist,0.000725071
sceptic,sceptic,0.9621432
activist,activist,0.0004197671
sceptic,sceptic,0.99361163
sceptic,sceptic,0.9997131
activist,activist,0.0004459562
sceptic,sceptic,0.9835338
activist,activist,0.0008009536
activist,sceptic,0.6499675
activist,activist,0.0010670425
sceptic,sceptic,0.99973255
activist,activist,0.0009128307
activist,activist,0.0011051808
sceptic,sceptic,0.9997459
activist,activist,0.20729496
sceptic,sceptic,0.9996486
activist,activist,0.00046917636
activist,activist,0.0005582003
activist,activist,0.0034698907
sceptic,sceptic,0.99826247
sceptic,sceptic,0.9352874
sceptic,sceptic,0.9599126
activist,activist,0.0020308546
activist,activist,0.000865981
activist,activist,0.04858621
activist,activist,0.0021322616
activist,activist,0.0008183336
activist,activist,0.0013696945
activist,activist,0.0005517006
sceptic,sceptic,0.99972624
activist,activist,0.002007242
sceptic,sceptic,0.5100542
sceptic,sceptic,0.964355
activist,sceptic,0.90723
sceptic,sceptic,0.9976859
activist,activist,0.30647513
sceptic,sceptic,0.9991721
sceptic,sceptic,0.9992206
sceptic,sceptic,0.563378
sceptic,activist,0.18417984
activist,activist,0.026581826
activist,activist,0.0012893283
sceptic,sceptic,0.9987356
sceptic,sceptic,0.99931884
activist,activist,0.33862367
sceptic,sceptic,0.9996288
sceptic,sceptic,0.9996679
sceptic,sceptic,0.9997321
sceptic,sceptic,0.99943405
activist,activist,0.061875988
sceptic,sceptic,0.9971384
activist,activist,0.0005647765
sceptic,sceptic,0.99972194
sceptic,sceptic,0.9996947
sceptic,sceptic,0.9591926
sceptic,sceptic,0.8038676
activist,activist,0.0037800956
sceptic,sceptic,0.99591404
sceptic,sceptic,0.9932025
activist,activist,0.0015011822
sceptic,sceptic,0.99972576
activist,activist,0.001582342
activist,activist,0.09476144
activist,activist,0.017712297
sceptic,sceptic,0.99525404
activist,activist,0.0010775026
sceptic,sceptic,0.99740905
activist,sceptic,0.5757818
sceptic,sceptic,0.99973255
activist,activist,0.0005152657
activist,activist,0.00063495064
sceptic,sceptic,0.9905691
activist,activist,0.00079162966
sceptic,sceptic,0.6637234
activist,activist,0.16572809
sceptic,sceptic,0.9986462
sceptic,sceptic,0.9992693
activist,activist,0.0034834242
sceptic,sceptic,0.5093831
sceptic,sceptic,0.99951124
activist,activist,0.0007509956
activist,activist,0.00043990326
sceptic,sceptic,0.99195355
activist,activist,0.0729663
activist,activist,0.0018422535
sceptic,sceptic,0.99945253
sceptic,sceptic,0.999729
sceptic,sceptic,0.9996288
sceptic,activist,0.036734894
sceptic,activist,0.29849136
activist,activist,0.00053892744
activist,activist,0.0077255345
sceptic,sceptic,0.99532723
activist,activist,0.0026574312
activist,activist,0.0017649074
sceptic,sceptic,0.9996574
activist,sceptic,0.98187524
sceptic,sceptic,0.9997273
sceptic,sceptic,0.999723
sceptic,sceptic,0.9755304
activist,activist,0.0042069694
activist,activist,0.0004945695
activist,activist,0.0005368274
sceptic,sceptic,0.9830688
sceptic,sceptic,0.9992792
sceptic,sceptic,0.99047756
activist,activist,0.00055711175
activist,activist,0.0012399962
sceptic,sceptic,0.98331094
sceptic,sceptic,0.9352874
sceptic,sceptic,0.9997347
activist,sceptic,0.5357332
sceptic,sceptic,0.9972531
sceptic,activist,0.35186765
activist,activist,0.0007702932
activist,sceptic,0.52707314
activist,activist,0.00058955856
activist,activist,0.00076281314
sceptic,sceptic,0.9932681
sceptic,sceptic,0.999723
sceptic,sceptic,0.9996493
activist,activist,0.48607618
sceptic,sceptic,0.99973625
activist,activist,0.0005132578
activist,activist,0.0011695102
sceptic,sceptic,0.9996666
sceptic,sceptic,0.92563426
activist,activist,0.0053432565
activist,activist,0.012288597
activist,activist,0.0006865099
sceptic,sceptic,0.9997336
activist,activist,0.0012113065
activist,activist,0.00073504477
sceptic,sceptic,0.994615
sceptic,sceptic,0.99951124
activist,activist,0.0005264497
sceptic,sceptic,0.99176437
activist,sceptic,0.56423354
activist,activist,0.00074661145
activist,activist,0.00091640017
activist,activist,0.0051396107
activist,activist,0.006944127
activist,activist,0.0006202512
activist,activist,0.0017240938
activist,activist,0.0011424494
sceptic,activist,0.18543036
activist,activist,0.03521114
sceptic,sceptic,0.9993068
sceptic,sceptic,0.99554896
activist,activist,0.0015218159
sceptic,sceptic,0.9965166
activist,activist,0.05470151
activist,activist,0.0014550629
sceptic,sceptic,0.99836427
activist,activist,0.054098696
sceptic,sceptic,0.9996989
activist,activist,0.0016293089
sceptic,sceptic,0.99794525
activist,activist,0.0006202512
sceptic,sceptic,0.999608
sceptic,sceptic,0.9737447
activist,activist,0.0006130294
sceptic,sceptic,0.99886644
activist,activist,0.0005243984
sceptic,sceptic,0.9991689
sceptic,sceptic,0.9669453
activist,activist,0.0009199836
sceptic,sceptic,0.9984542
sceptic,sceptic,0.5301605
sceptic,sceptic,0.6263527
sceptic,sceptic,0.9912039
activist,activist,0.0004592085
activist,activist,0.007922627
sceptic,sceptic,0.9038897
activist,activist,0.0011695102
sceptic,sceptic,0.9996302
sceptic,sceptic,0.9995956
activist,activist,0.0014493983
sceptic,activist,0.076752976
sceptic,sceptic,0.9905874
activist,activist,0.0064256205
activist,activist,0.0020111583
activist,activist,0.15700756
sceptic,sceptic,0.99946004
activist,activist,0.0005714301
activist,activist,0.027980948
sceptic,activist,0.25618014
activist,activist,0.06566473
activist,activist,0.00072224624
sceptic,sceptic,0.9905691
activist,activist,0.0033831915
sceptic,sceptic,0.9667888
sceptic,sceptic,0.9794133
activist,activist,0.0011160143
activist,sceptic,0.995008
sceptic,sceptic,0.9709919
activist,activist,0.00055062474
sceptic,sceptic,0.9993068
sceptic,sceptic,0.9993162
activist,activist,0.016121823
activist,activist,0.0005122569
activist,activist,0.0005918646
activist,activist,0.0032603461
sceptic,sceptic,0.7268136
sceptic,sceptic,0.97118384
sceptic,sceptic,0.99911696
activist,activist,0.00085590064
activist,activist,0.004297939
sceptic,sceptic,0.99453074
activist,sceptic,0.5532979
sceptic,sceptic,0.99972194
activist,activist,0.009559399
sceptic,sceptic,0.9997023
activist,activist,0.0030994155
activist,activist,0.0008509045
activist,activist,0.000453861
sceptic,activist,0.09782047
sceptic,sceptic,0.98228765
sceptic,sceptic,0.99971753
sceptic,sceptic,0.99973315
sceptic,sceptic,0.99756086
sceptic,sceptic,0.99750805
sceptic,sceptic,0.9829874
activist,activist,0.030763034
activist,activist,0.012970388
sceptic,activist,0.06872476
sceptic,sceptic,0.9920157
activist,sceptic,0.9890554
sceptic,sceptic,0.9996057
activist,activist,0.0006411777
activist,activist,0.00045297577
activist,activist,0.0007839425
activist,activist,0.007232764
activist,activist,0.0009773503
sceptic,sceptic,0.9996917
sceptic,sceptic,0.99666256
activist,activist,0.0005112579
activist,activist,0.00061422714
activist,activist,0.008030812
activist,activist,0.00065254065
sceptic,sceptic,0.98617804
activist,sceptic,0.8368881
activist,activist,0.4180137
sceptic,activist,0.017078074
sceptic,sceptic,0.9997154
sceptic,sceptic,0.9594972
activist,activist,0.0012136718
sceptic,sceptic,0.9997017
activist,activist,0.0017821962
activist,activist,0.0009773503
activist,activist,0.0007041515
activist,activist,0.0004503306
sceptic,sceptic,0.9996929
sceptic,sceptic,0.99968565
sceptic,sceptic,0.99973255
sceptic,sceptic,0.99861145
activist,activist,0.00047377846
sceptic,sceptic,0.99213856
activist,activist,0.0018031665
sceptic,sceptic,0.90723
sceptic,sceptic,0.99959713
sceptic,sceptic,0.94901186
activist,activist,0.004348382
sceptic,sceptic,0.9834387
activist,activist,0.0012868157
sceptic,sceptic,0.99942636
activist,activist,0.00072365726
activist,activist,0.000998554
activist,activist,0.00072365726
activist,activist,0.0014241792
sceptic,sceptic,0.9973218
activist,activist,0.0004916815
activist,activist,0.0011649561
sceptic,sceptic,0.9928786
activist,activist,0.008560892
activist,activist,0.00047656128
sceptic,sceptic,0.99642736
sceptic,sceptic,0.9968458
sceptic,sceptic,0.99557483
activist,activist,0.059811477
sceptic,sceptic,0.9997131
activist,activist,0.0005092657
activist,activist,0.19452077
sceptic,sceptic,0.65171516
activist,activist,0.00062389387
activist,activist,0.0007839425
activist,activist,0.001030219
activist,activist,0.0006628098
activist,activist,0.00089519075
sceptic,sceptic,0.9959771
activist,activist,0.3580163
sceptic,sceptic,0.9314002
sceptic,activist,0.05572029
sceptic,sceptic,0.9997478
sceptic,sceptic,0.998092
sceptic,sceptic,0.9857729
activist,activist,0.0019532058
sceptic,sceptic,0.9997125
activist,activist,0.03461884
activist,activist,0.09025324
sceptic,sceptic,0.9997336
activist,activist,0.00072224624
activist,activist,0.0038244836
activist,activist,0.48993057
sceptic,sceptic,0.9533619
activist,activist,0.0007264875
activist,activist,0.00052954187
sceptic,sceptic,0.99959713
activist,activist,0.03557789
sceptic,sceptic,0.99861693
sceptic,sceptic,0.9974934
sceptic,sceptic,0.9693532
sceptic,sceptic,0.9631613
activist,sceptic,0.9602495
activist,activist,0.0005826939
activist,sceptic,0.86476797
sceptic,sceptic,0.9996737
sceptic,sceptic,0.98486924
sceptic,sceptic,0.99384296
sceptic,sceptic,0.99680245
activist,activist,0.017678348
sceptic,sceptic,0.9678385
activist,activist,0.018038029
activist,activist,0.01844021
sceptic,sceptic,0.9989392
sceptic,sceptic,0.9997336
activist,activist,0.00065254065
sceptic,activist,0.03243615
activist,activist,0.00059766934
sceptic,sceptic,0.999608
activist,activist,0.0007568814
activist,activist,0.0014437558
activist,activist,0.008985428
activist,activist,0.47985595
activist,sceptic,0.9491535
sceptic,sceptic,0.99865156
sceptic,sceptic,0.98264104
activist,activist,0.002157342
sceptic,activist,0.0072047687
sceptic,sceptic,0.8974259
activist,activist,0.00050530455
activist,activist,0.002387409
activist,sceptic,0.8892406
sceptic,sceptic,0.9995609
sceptic,sceptic,0.9997342
activist,activist,0.36698666
activist,activist,0.00085590064
activist,activist,0.001582342
sceptic,activist,0.0047183693
sceptic,sceptic,0.9997398
activist,sceptic,0.73848045
sceptic,sceptic,0.9995915
sceptic,sceptic,0.9997075
activist,activist,0.001247274
sceptic,activist,0.032100707
activist,activist,0.000493605
activist,activist,0.0069982093
activist,activist,0.028355205
activist,activist,0.001030219
sceptic,sceptic,0.99517965
activist,activist,0.0076214303
activist,activist,0.007562568
sceptic,sceptic,0.9997142
sceptic,sceptic,0.9997241
sceptic,sceptic,0.9922294
sceptic,sceptic,0.9997241
activist,activist,0.0095224865
activist,activist,0.0007408056
sceptic,sceptic,0.9997352
activist,activist,0.0012594985
activist,sceptic,0.52569795
sceptic,sceptic,0.9997428
activist,sceptic,0.9796871
sceptic,sceptic,0.99622726
sceptic,sceptic,0.99972576
activist,activist,0.05291181
activist,activist,0.007800757
activist,activist,0.0008199321
activist,activist,0.0019043303
activist,activist,0.000390514
sceptic,sceptic,0.9861514
sceptic,sceptic,0.99967504
activist,activist,0.0005527786
activist,activist,0.0065897712
sceptic,activist,0.4162626
sceptic,sceptic,0.9546897
sceptic,sceptic,0.99968624
activist,activist,0.0015457438
activist,activist,0.0029008577
sceptic,sceptic,0.9991848
activist,activist,0.28711775
activist,activist,0.0016009645
sceptic,sceptic,0.9993724
activist,activist,0.353763
activist,activist,0.0021742254
sceptic,sceptic,0.99973255
sceptic,sceptic,0.99300176
activist,activist,0.028167475
activist,activist,0.0025212683
sceptic,sceptic,0.9874721
sceptic,sceptic,0.64450485
activist,activist,0.0014381354
activist,activist,0.0005152657
activist,activist,0.0013670255
sceptic,sceptic,0.9848401
sceptic,sceptic,0.999723
sceptic,sceptic,0.9798805
activist,activist,0.000578162
sceptic,sceptic,0.9838627
sceptic,sceptic,0.99592197
sceptic,sceptic,0.9761746
sceptic,sceptic,0.93367314
activist,activist,0.00053787645
sceptic,sceptic,0.99974686
activist,activist,0.0016009645
activist,activist,0.00060000725
sceptic,sceptic,0.99926203
sceptic,activist,0.43242288
sceptic,sceptic,0.99528164
sceptic,sceptic,0.94024336
activist,activist,0.026006784
activist,activist,0.00091105123
activist,activist,0.004943689
sceptic,sceptic,0.9913726
activist,sceptic,0.8645393
sceptic,sceptic,0.9881309
activist,activist,0.0012743262
sceptic,sceptic,0.68236214
sceptic,sceptic,0.75797355
activist,sceptic,0.7713272
activist,sceptic,0.9652504
sceptic,sceptic,0.9070655
activist,activist,0.3786601
sceptic,sceptic,0.9650203
activist,activist,0.000720838
sceptic,sceptic,0.9888419
activist,sceptic,0.76951355
activist,activist,0.0011380006
sceptic,sceptic,0.99567693
sceptic,sceptic,0.9799382
activist,activist,0.003678509
activist,activist,0.0020547444
activist,activist,0.002883959
activist,activist,0.0012113065
activist,sceptic,0.9831822
activist,activist,0.0010044163
sceptic,sceptic,0.9993462
sceptic,sceptic,0.9995092
sceptic,sceptic,0.9959378
sceptic,sceptic,0.99968684
sceptic,sceptic,0.99477994
activist,activist,0.0004840624
activist,activist,0.0005132578
sceptic,sceptic,0.9730109
sceptic,sceptic,0.9997192
activist,activist,0.0006865099
activist,activist,0.00071943254
sceptic,sceptic,0.63278645
activist,activist,0.0019418169
activist,activist,0.09409339
sceptic,sceptic,0.99932015
activist,sceptic,0.9381806
activist,activist,0.057493284
sceptic,sceptic,0.99972683
sceptic,sceptic,0.99974877
sceptic,sceptic,0.9997075
sceptic,sceptic,0.9956262
sceptic,sceptic,0.7482603
sceptic,sceptic,0.99974877
activist,activist,0.0072890776
sceptic,sceptic,0.99949765
activist,activist,0.010776726
sceptic,sceptic,0.7947835
sceptic,sceptic,0.9912209
activist,activist,0.0010505168
sceptic,sceptic,0.99974483
sceptic,sceptic,0.9997273
activist,sceptic,0.84990895
sceptic,sceptic,0.98975134
activist,activist,0.0009622126
activist,activist,0.00063495064
activist,activist,0.0007978335
activist,activist,0.0016549241
sceptic,sceptic,0.9151287
activist,activist,0.0278749
activist,activist,0.21625972
sceptic,sceptic,0.99903595
activist,activist,0.004905406
activist,activist,0.032713126
activist,sceptic,0.5180395
sceptic,sceptic,0.7518304
activist,activist,0.0006449432
sceptic,sceptic,0.9996147
sceptic,sceptic,0.9473323
sceptic,sceptic,0.99900347
activist,activist,0.000493605
activist,activist,0.0015792594
activist,activist,0.28616926
sceptic,activist,0.040426936
sceptic,sceptic,0.9997017
sceptic,sceptic,0.9963994
activist,activist,0.0009146137
sceptic,sceptic,0.9993148
activist,sceptic,0.934813
sceptic,sceptic,0.99935883
activist,activist,0.017644463
sceptic,sceptic,0.99190676
sceptic,sceptic,0.9429811
activist,activist,0.0010546242
activist,activist,0.016753288
activist,activist,0.0006386796
sceptic,sceptic,0.9990908
activist,activist,0.050940912
activist,activist,0.00066151744
sceptic,sceptic,0.99393785
activist,activist,0.0052099936
activist,activist,0.12603028
activist,activist,0.021512313
sceptic,sceptic,0.99973255
sceptic,sceptic,0.9979691
sceptic,sceptic,0.9996711
activist,activist,0.0009528706
sceptic,activist,0.39198768
sceptic,sceptic,0.9996526
sceptic,activist,0.35527143
activist,activist,0.04208773
activist,activist,0.028816199
activist,activist,0.0009927261
activist,activist,0.0008328334
sceptic,sceptic,0.9997063
sceptic,sceptic,0.9992792
sceptic,sceptic,0.9902351
sceptic,sceptic,0.99642736
sceptic,sceptic,0.9925538
sceptic,sceptic,0.99837697
sceptic,sceptic,0.99899167
sceptic,sceptic,0.90632194
activist,activist,0.16158466
activist,activist,0.016403032
sceptic,sceptic,0.9020933
activist,sceptic,0.811452
sceptic,sceptic,0.99973875
sceptic,sceptic,0.9590777
activist,activist,0.0009678616
sceptic,sceptic,0.607212
sceptic,sceptic,0.9997273
sceptic,sceptic,0.99792105
activist,activist,0.05754622
sceptic,activist,0.0992954
activist,activist,0.00057031563
activist,activist,0.004848533
activist,activist,0.0015700475
sceptic,sceptic,0.63844085
sceptic,sceptic,0.86281466
sceptic,sceptic,0.9997273
sceptic,sceptic,0.9949397
activist,activist,0.00086092605
activist,activist,0.021906367
activist,sceptic,0.76374817
sceptic,sceptic,0.94479126
sceptic,sceptic,0.99972576
sceptic,sceptic,0.99968433
activist,activist,0.0032350558
activist,activist,0.013045614
sceptic,sceptic,0.9997428
sceptic,sceptic,0.9805993
activist,activist,0.002828336
sceptic,sceptic,0.99111825
activist,activist,0.005876738
sceptic,sceptic,0.99929583
activist,activist,0.0015487612
sceptic,sceptic,0.99970514
sceptic,sceptic,0.9996929
activist,activist,0.0013380081
sceptic,activist,0.10511864
sceptic,sceptic,0.9996971
sceptic,sceptic,0.9946568
activist,activist,0.03601607
sceptic,activist,0.029256707
activist,activist,0.46523562
sceptic,sceptic,0.99349916
activist,activist,0.0010691264
sceptic,activist,0.2146091
sceptic,sceptic,0.9888204
activist,sceptic,0.62291825
activist,activist,0.002364263
sceptic,sceptic,0.97578543
sceptic,activist,0.07878401
activist,activist,0.23326942
sceptic,sceptic,0.98971164
activist,activist,0.0014953385
activist,activist,0.0077705807
activist,activist,0.013299493
sceptic,sceptic,0.9411153
activist,activist,0.0150581375
activist,activist,0.0010796069
activist,activist,0.3415825
sceptic,sceptic,0.64657176
activist,activist,0.0022783307
activist,activist,0.0005953407
activist,activist,0.003538086
activist,activist,0.0012136718
activist,activist,0.002601094
sceptic,sceptic,0.9979412
activist,activist,0.0031850608
activist,activist,0.00085924764
activist,activist,0.0026678042
sceptic,sceptic,0.8337988
activist,activist,0.37085173
activist,activist,0.015769396
sceptic,sceptic,0.9957437
activist,activist,0.001480828
sceptic,sceptic,0.9984692
sceptic,sceptic,0.979784
activist,activist,0.1192542
sceptic,sceptic,0.99968743
activist,activist,0.0005142608
sceptic,sceptic,0.6386663
activist,activist,0.00047936052
sceptic,sceptic,0.9604354
activist,activist,0.000872767
activist,sceptic,0.604253
activist,activist,0.005240449
activist,activist,0.0005747862
sceptic,sceptic,0.99939764
sceptic,sceptic,0.99600047
sceptic,sceptic,0.9935993
activist,activist,0.0007657964
sceptic,sceptic,0.9997029
sceptic,sceptic,0.9997508
sceptic,sceptic,0.98677725
activist,activist,0.05184547
activist,activist,0.00047936052
activist,activist,0.0010484692
sceptic,sceptic,0.99970347
sceptic,activist,0.030185984
sceptic,activist,0.0014269596
activist,activist,0.067362405
sceptic,sceptic,0.99966073
sceptic,sceptic,0.8689937
sceptic,sceptic,0.99908185
sceptic,sceptic,0.7621587
activist,activist,0.011574996
activist,activist,0.06773145
activist,activist,0.0012994274
sceptic,sceptic,0.9875444
activist,activist,0.0004812358
sceptic,sceptic,0.945349
activist,activist,0.00049650425
activist,activist,0.0005203196
activist,activist,0.031026179
activist,activist,0.002336783
activist,activist,0.15733096
sceptic,sceptic,0.99972254
activist,activist,0.0050407024
activist,activist,0.0005647765
sceptic,sceptic,0.9337335
activist,activist,0.0016517006
activist,activist,0.0004255431
activist,activist,0.0019342612
sceptic,sceptic,0.99812514
activist,activist,0.012845959
activist,activist,0.0019570168
activist,activist,0.0065388246
sceptic,sceptic,0.999723
sceptic,sceptic,0.999731
sceptic,sceptic,0.98331094
sceptic,sceptic,0.9996513
activist,activist,0.0005102608
sceptic,sceptic,0.9991943
activist,activist,0.0050407024
activist,activist,0.0007321813
activist,activist,0.10248422
sceptic,sceptic,0.99796116
sceptic,sceptic,0.998487
activist,activist,0.0012399962
sceptic,sceptic,0.9992084
sceptic,sceptic,0.9993135
activist,activist,0.004433765
sceptic,sceptic,0.99679
activist,activist,0.10975348
sceptic,sceptic,0.5160925
sceptic,sceptic,0.9837225
activist,activist,0.37336162
sceptic,sceptic,0.9997131
sceptic,sceptic,0.9914391
sceptic,activist,0.055361696
activist,activist,0.26908544
activist,activist,0.21003625
sceptic,sceptic,0.9916033
sceptic,sceptic,0.9997316
sceptic,sceptic,0.9972045
activist,activist,0.3644382
activist,activist,0.0008934456
sceptic,sceptic,0.682415
sceptic,sceptic,0.996682
sceptic,sceptic,0.8529355
activist,activist,0.005968731
sceptic,sceptic,0.9981324
sceptic,sceptic,0.9996388
sceptic,sceptic,0.99972516
activist,activist,0.004264634
sceptic,sceptic,0.9996983
sceptic,sceptic,0.99954695
sceptic,sceptic,0.6562728
sceptic,activist,0.35490805
activist,activist,0.0009966077
activist,activist,0.00042388475
activist,activist,0.0074896244
activist,activist,0.0035936027
sceptic,sceptic,0.91978675
activist,activist,0.13161905
sceptic,sceptic,0.9022657
sceptic,sceptic,0.9997284
activist,activist,0.09679113
sceptic,sceptic,0.9517737
sceptic,sceptic,0.9965904
activist,sceptic,0.5132911
sceptic,sceptic,0.9811307
activist,activist,0.00047377846
activist,activist,0.0004897656
sceptic,sceptic,0.99846625
activist,activist,0.004512037
activist,activist,0.0013121625
activist,activist,0.03711691
activist,activist,0.012920473
sceptic,sceptic,0.99974483
activist,sceptic,0.64620906
activist,activist,0.0009271924
sceptic,sceptic,0.99442345
activist,activist,0.0011740823
sceptic,sceptic,0.99970573
sceptic,sceptic,0.99968743
activist,activist,0.020665687
sceptic,sceptic,0.928668
activist,activist,0.0017375926
activist,activist,0.00075246283
sceptic,sceptic,0.9995005
activist,activist,0.0026061658
sceptic,activist,0.30300948
activist,activist,0.016137324
sceptic,sceptic,0.9885804
sceptic,sceptic,0.99788433
activist,activist,0.0033569518
activist,activist,0.02446967
sceptic,sceptic,0.9997236
sceptic,sceptic,0.9953815
activist,activist,0.0008247465
activist,activist,0.10158945
activist,activist,0.0016678823
activist,activist,0.066934206
activist,activist,0.0006436856
activist,activist,0.0008103873
activist,activist,0.008985428
activist,activist,0.00053892744
sceptic,sceptic,0.99897385
sceptic,sceptic,0.99942183
activist,activist,0.0012521496
sceptic,sceptic,0.57657176
activist,activist,0.026733862
activist,activist,0.0024391296
activist,activist,0.01153039
sceptic,sceptic,0.9224824
activist,activist,0.022737447
activist,activist,0.00085590064
sceptic,sceptic,0.99279517
activist,activist,0.00055062474
sceptic,sceptic,0.9997273
sceptic,sceptic,0.9974342
activist,activist,0.0025859366
sceptic,sceptic,0.9997305
activist,activist,0.00063495064
sceptic,sceptic,0.99973315
sceptic,sceptic,0.99882823
sceptic,sceptic,0.99549675
sceptic,sceptic,0.99969935
sceptic,sceptic,0.9959771
sceptic,sceptic,0.99972194
activist,activist,0.0033439077
sceptic,sceptic,0.9997284
sceptic,activist,0.0021074724
activist,activist,0.0009754452
activist,activist,0.0008934456
activist,activist,0.048405956
sceptic,sceptic,0.9978719
sceptic,sceptic,0.9875923
activist,activist,0.2987982
sceptic,sceptic,0.9983834
activist,activist,0.0012136718
sceptic,sceptic,0.9985104
sceptic,sceptic,0.98507166
activist,activist,0.00092538487
activist,activist,0.09476144
sceptic,sceptic,0.9997241
sceptic,activist,0.09057448
activist,sceptic,0.95938325
sceptic,sceptic,0.9997273
activist,activist,0.357848
sceptic,sceptic,0.9572778
activist,activist,0.0005102608
activist,activist,0.0005243984
sceptic,activist,0.09001297
activist,activist,0.0012375797
sceptic,sceptic,0.99903595
activist,activist,0.0029868432
activist,activist,0.15495056
sceptic,sceptic,0.999708
sceptic,activist,0.19375686
activist,activist,0.23792991
activist,activist,0.0016711376
sceptic,sceptic,0.9994319
activist,activist,0.00085924764
sceptic,sceptic,0.9996959
activist,activist,0.00088823045
sceptic,sceptic,0.99932146
sceptic,sceptic,0.9984841
activist,activist,0.0012207953
sceptic,sceptic,0.98833525
activist,activist,0.0010859445
activist,activist,0.0006654022
activist,activist,0.0029178553
sceptic,sceptic,0.6338636
sceptic,sceptic,0.9995103
activist,activist,0.0008040859
activist,activist,0.004281255
activist,activist,0.03191915
activist,activist,0.00063495064
sceptic,sceptic,0.89423656
sceptic,sceptic,0.9996965
sceptic,sceptic,0.8097278
activist,activist,0.0011030266
sceptic,activist,0.38343927
activist,activist,0.0006771942
sceptic,sceptic,0.9784466
sceptic,sceptic,0.9997383
activist,activist,0.03687337
activist,activist,0.17140765
activist,activist,0.002736221
sceptic,sceptic,0.9973374
sceptic,sceptic,0.9996513
sceptic,sceptic,0.93409514
activist,activist,0.0006154273
activist,activist,0.0008813243
activist,activist,0.00077633
activist,activist,0.00050530455
sceptic,activist,0.44320878
activist,activist,0.008677716
sceptic,sceptic,0.54507387
activist,activist,0.0021869743
sceptic,sceptic,0.9996594
activist,activist,0.004886375
activist,activist,0.00091105123
sceptic,sceptic,0.99972194
sceptic,sceptic,0.8659059
sceptic,sceptic,0.9997342
sceptic,sceptic,0.9978002
activist,activist,0.0008231385
sceptic,sceptic,0.9907141
activist,activist,0.0570714
activist,activist,0.0012375797
sceptic,activist,0.16913125
sceptic,sceptic,0.9997316
activist,activist,0.0083967
sceptic,sceptic,0.99832565
sceptic,activist,0.42456108
activist,activist,0.0014131119
activist,activist,0.018546565
activist,activist,0.0004984466
activist,activist,0.0025114634
sceptic,sceptic,0.9956262
activist,activist,0.0005636751
sceptic,sceptic,0.99428093
activist,activist,0.00061662967
sceptic,activist,0.18892181
activist,activist,0.000771798
sceptic,sceptic,0.97458035
activist,activist,0.0029984983
sceptic,sceptic,0.9526182
activist,activist,0.1710612
sceptic,sceptic,0.99972945
sceptic,sceptic,0.99972135
sceptic,sceptic,0.99849594
activist,activist,0.019985152
sceptic,sceptic,0.9996699
activist,activist,0.012821214
sceptic,sceptic,0.9993
activist,activist,0.0005759093
sceptic,sceptic,0.99918324
activist,activist,0.0010775026
activist,activist,0.0007854739
sceptic,sceptic,0.99004436
sceptic,sceptic,0.9994547
activist,activist,0.0005484792
sceptic,sceptic,0.57910293
sceptic,sceptic,0.97821885
activist,activist,0.001867566
activist,activist,0.0021405893
activist,activist,0.000712446
activist,activist,0.0013172914
sceptic,sceptic,0.9997203
sceptic,sceptic,0.5401811
activist,activist,0.0016517006
activist,activist,0.0030753699
activist,activist,0.007218753
sceptic,sceptic,0.99920684
activist,activist,0.0004907226
activist,activist,0.0021489493
activist,activist,0.063424334
activist,activist,0.001133569
sceptic,sceptic,0.83808434
sceptic,sceptic,0.9997367
activist,activist,0.0005132578
activist,activist,0.006463138
activist,activist,0.00066670234
activist,activist,0.0008263576
activist,activist,0.00056588
sceptic,sceptic,0.9983059
sceptic,sceptic,0.99877197
sceptic,sceptic,0.99898773
activist,activist,0.00093994394
sceptic,sceptic,0.9626028
activist,activist,0.0019418169
sceptic,sceptic,0.99930537
activist,sceptic,0.9134452
activist,activist,0.00090750254
activist,sceptic,0.79061115
activist,activist,0.00052337564
activist,activist,0.023487046
activist,activist,0.0008934456
activist,activist,0.0006785172
sceptic,activist,0.10248422
sceptic,sceptic,0.99887305
sceptic,activist,0.45642492
sceptic,sceptic,0.9997428
sceptic,activist,0.30074558
sceptic,sceptic,0.9997029
activist,activist,0.004905406
sceptic,sceptic,0.9987257
activist,activist,0.0640069
activist,activist,0.0016420666
sceptic,sceptic,0.999554
activist,activist,0.0038393948
activist,activist,0.00062146306
sceptic,sceptic,0.9997198
sceptic,sceptic,0.98819935
activist,activist,0.14330755
activist,activist,0.0006462033
activist,activist,0.0008934456
activist,activist,0.0004459562
sceptic,sceptic,0.9997305
activist,activist,0.0019267346
activist,activist,0.0006550929
sceptic,sceptic,0.9786719
activist,activist,0.009596455
activist,activist,0.27517843
activist,activist,0.0007854739
activist,activist,0.0019229825
activist,activist,0.009540926
sceptic,sceptic,0.6719551
sceptic,sceptic,0.9994407
activist,activist,0.023241924
sceptic,sceptic,0.99619776
sceptic,sceptic,0.9997241
sceptic,sceptic,0.9729081
activist,activist,0.00088649895
activist,activist,0.0029292416
activist,activist,0.001006378
activist,activist,0.0012570443
activist,activist,0.0023413405
activist,activist,0.018194368
activist,activist,0.0041743675
activist,activist,0.016931161
sceptic,sceptic,0.7306744
activist,sceptic,0.58501226
activist,activist,0.00091640017
activist,sceptic,0.91413754
activist,sceptic,0.9774139
activist,activist,0.0017240938
activist,activist,0.0013777326
sceptic,sceptic,0.99974686
sceptic,sceptic,0.99968183
activist,activist,0.00069054146
activist,activist,0.017275907
sceptic,sceptic,0.9863105
sceptic,sceptic,0.99969935
activist,sceptic,0.9237301
sceptic,activist,0.44113123
sceptic,activist,0.40614045
sceptic,activist,0.25757825
sceptic,sceptic,0.99974185
sceptic,sceptic,0.99971706
sceptic,sceptic,0.5277577
sceptic,sceptic,0.9997336
sceptic,sceptic,0.99970347
activist,activist,0.0034162786
sceptic,activist,0.029145973
sceptic,sceptic,0.9478657
activist,activist,0.022737447
activist,activist,0.00045831295
activist,activist,0.007331598
activist,activist,0.00043563012
sceptic,sceptic,0.999723
activist,activist,0.012576347
sceptic,sceptic,0.99952257
activist,activist,0.002364263
sceptic,sceptic,0.99974185
activist,activist,0.004281255
sceptic,sceptic,0.9997017
sceptic,sceptic,0.9349319
sceptic,sceptic,0.9929061
activist,activist,0.00095473166
sceptic,sceptic,0.9867517
activist,activist,0.0022961588
sceptic,sceptic,0.99530905
sceptic,sceptic,0.99592197
sceptic,sceptic,0.96518475
sceptic,sceptic,0.9997316
activist,activist,0.020119479
activist,sceptic,0.8957965
sceptic,sceptic,0.9363432
activist,activist,0.08479541
activist,activist,0.0010525686
sceptic,sceptic,0.9997378
sceptic,sceptic,0.9997148
sceptic,sceptic,0.9997029
activist,activist,0.0063266307
activist,activist,0.0009622126
activist,activist,0.00061422714
sceptic,sceptic,0.9956176
sceptic,sceptic,0.9996402
sceptic,sceptic,0.9995778
sceptic,sceptic,0.82817584
activist,activist,0.20079264
activist,activist,0.0011116682
sceptic,sceptic,0.99933976
sceptic,sceptic,0.99550545
sceptic,sceptic,0.9997378
sceptic,sceptic,0.99433607
activist,activist,0.009467379
activist,activist,0.0006436856
activist,activist,0.30933657
activist,activist,0.0012893283
activist,sceptic,0.55070555
sceptic,sceptic,0.9994407
activist,activist,0.002019014
activist,activist,0.0009181901
sceptic,sceptic,0.99559206
activist,activist,0.0021447653
sceptic,sceptic,0.9882222
sceptic,sceptic,0.99972135
sceptic,sceptic,0.99972993
activist,activist,0.0017207356
sceptic,sceptic,0.959001
activist,activist,0.0016517006
sceptic,sceptic,0.9986249
sceptic,sceptic,0.94877505
sceptic,sceptic,0.99638534
activist,activist,0.0020587533
sceptic,sceptic,0.99971646
activist,activist,0.0010044163
activist,activist,0.0006771942
activist,activist,0.035745807
sceptic,sceptic,0.997285
sceptic,sceptic,0.99686414
activist,activist,0.0007687913
sceptic,sceptic,0.9913054
sceptic,sceptic,0.9147487
sceptic,activist,0.021165619
activist,activist,0.005374487
activist,activist,0.00472755
activist,activist,0.003510649
activist,activist,0.26535663
sceptic,sceptic,0.9997367
activist,activist,0.0034030052
sceptic,sceptic,0.99261135
sceptic,sceptic,0.9995778
activist,activist,0.0011740823
sceptic,sceptic,0.9859634
sceptic,sceptic,0.99948174
sceptic,sceptic,0.5225991
sceptic,sceptic,0.6931614
sceptic,sceptic,0.9996493
activist,activist,0.0017073675
sceptic,sceptic,0.99961555
activist,activist,0.0006411777
activist,activist,0.0708162
sceptic,sceptic,0.9996892
sceptic,sceptic,0.9508692
sceptic,sceptic,0.805173
sceptic,sceptic,0.54089546
activist,activist,0.0022872274
sceptic,sceptic,0.9973218
activist,activist,0.0013831175
activist,activist,0.022264916
sceptic,sceptic,0.99632865
activist,activist,0.0005861161
sceptic,sceptic,0.9997236
sceptic,sceptic,0.99951124
sceptic,sceptic,0.9971161
activist,activist,0.0014021305
activist,activist,0.0054905633
activist,activist,0.0015397267
sceptic,sceptic,0.99975175
activist,activist,0.0008525667
activist,activist,0.008594111
activist,sceptic,0.8524448
activist,activist,0.0016941031
activist,activist,0.00090220553
activist,activist,0.014420069
activist,activist,0.00581996
activist,activist,0.0011626856
sceptic,sceptic,0.98799264
sceptic,activist,0.41462478
activist,activist,0.01572399
activist,activist,0.0013993984
sceptic,activist,0.0045472644
activist,activist,0.30002728
activist,activist,0.0055119344
sceptic,sceptic,0.9994319
activist,sceptic,0.7482603
sceptic,sceptic,0.99949265
activist,sceptic,0.76515496
activist,activist,0.00075836
activist,activist,0.0008231385
sceptic,sceptic,0.9981324
sceptic,activist,0.09170697
activist,activist,0.0020308546
activist,activist,0.0013993984
sceptic,sceptic,0.9959927
sceptic,sceptic,0.999731
activist,activist,0.00073648075
sceptic,sceptic,0.9872773
activist,sceptic,0.99839586
activist,activist,0.0018969199
sceptic,sceptic,0.99972683
sceptic,sceptic,0.9975177
activist,activist,0.0007055272
sceptic,sceptic,0.9997131
sceptic,sceptic,0.98314995
activist,activist,0.00069595367
sceptic,sceptic,0.9915707
sceptic,sceptic,0.99974877
sceptic,sceptic,0.9889705
sceptic,sceptic,0.95296955
activist,activist,0.0005399804
activist,activist,0.00057703455
activist,activist,0.0021784669
activist,activist,0.00061662967
activist,activist,0.0008263576
activist,sceptic,0.6993058
sceptic,activist,0.06897519
activist,activist,0.008779109
sceptic,sceptic,0.97396845
activist,activist,0.08709683
sceptic,sceptic,0.97381955
activist,activist,0.00046826137
sceptic,sceptic,0.99849594
activist,sceptic,0.9709644
sceptic,sceptic,0.9807473
activist,sceptic,0.96586746
activist,activist,0.01549888
sceptic,sceptic,0.98378503
activist,activist,0.0021074724
sceptic,sceptic,0.9997367
sceptic,sceptic,0.99530905
sceptic,sceptic,0.9990728
activist,activist,0.0012594985
activist,activist,0.0004916815
activist,activist,0.011288074
sceptic,sceptic,0.99972945
activist,activist,0.001034247
activist,activist,0.01664105
sceptic,sceptic,0.9480103
sceptic,sceptic,0.9583822
activist,activist,0.002406089
activist,activist,0.08586246
activist,activist,0.074231364
activist,activist,0.0015070488
sceptic,sceptic,0.9995159
activist,sceptic,0.7399865
sceptic,sceptic,0.999658
sceptic,sceptic,0.99973315
sceptic,sceptic,0.99972135
sceptic,sceptic,0.80950195
sceptic,sceptic,0.99972624
sceptic,sceptic,0.99737346
activist,activist,0.027066177
sceptic,sceptic,0.995488
sceptic,sceptic,0.8845887
sceptic,activist,0.012241275
activist,activist,0.002387409
sceptic,sceptic,0.9995408
sceptic,sceptic,0.9542227
activist,activist,0.00057254656
activist,activist,0.0032603461
sceptic,activist,0.0072047687
activist,activist,0.0015669888
sceptic,activist,0.26769522
activist,activist,0.0005759093
sceptic,sceptic,0.98549646
activist,activist,0.0006628098
activist,activist,0.00096975197
activist,activist,0.0007055272
sceptic,sceptic,0.985663
activist,activist,0.0011203772
sceptic,sceptic,0.99697804
activist,activist,0.00048217614
activist,sceptic,0.8537909
sceptic,sceptic,0.99955493
activist,activist,0.0075479234
sceptic,sceptic,0.9996898
activist,activist,0.003586616
activist,activist,0.0005625758
activist,activist,0.0005399804
sceptic,sceptic,0.9997063
activist,sceptic,0.8586
sceptic,sceptic,0.8183016
sceptic,sceptic,0.952131
sceptic,sceptic,0.9994493
activist,activist,0.002387409
activist,activist,0.00043139848
sceptic,activist,0.27571437
sceptic,sceptic,0.9858549
sceptic,sceptic,0.99962366
sceptic,sceptic,0.9996388
activist,activist,0.0014021305
sceptic,sceptic,0.99679
activist,activist,0.0006023541
activist,activist,0.00069054146
sceptic,sceptic,0.99972624
activist,activist,0.00054634205
sceptic,sceptic,0.98237246
activist,activist,0.0022430879
sceptic,sceptic,0.99968314
activist,activist,0.00053787645
sceptic,sceptic,0.7839885
activist,activist,0.014447853
activist,sceptic,0.9966102
activist,activist,0.0006411777
activist,activist,0.0013723688
sceptic,sceptic,0.8940517
activist,activist,0.0012818055
activist,activist,0.0008442883
activist,activist,0.09747628
sceptic,sceptic,0.993255
activist,activist,0.0030160663
activist,activist,0.004150081
sceptic,sceptic,0.99962294
activist,activist,0.00059650384
activist,activist,0.0011513996
sceptic,activist,0.29451925
activist,sceptic,0.7728737
sceptic,sceptic,0.99948573
activist,activist,0.00096597493
activist,activist,0.007066401
activist,activist,0.0006628098
activist,activist,0.00078088854
activist,activist,0.0006178345
activist,activist,0.28542173
activist,activist,0.0016040892
activist,activist,0.0046727294
activist,activist,0.0010587475
sceptic,sceptic,0.94757545
activist,activist,0.0013939502
sceptic,sceptic,0.9989454
sceptic,sceptic,0.9984269
activist,activist,0.0014607495
sceptic,sceptic,0.99822825
sceptic,sceptic,0.9954704
activist,activist,0.006121282
sceptic,sceptic,0.9995778
sceptic,sceptic,0.99938214
activist,activist,0.032405518
sceptic,sceptic,0.9996458
sceptic,sceptic,0.9992084
sceptic,sceptic,0.99965405
sceptic,sceptic,0.99946314
activist,activist,0.0004994205
activist,activist,0.028953161
activist,activist,0.0007293288
activist,activist,0.039825134
sceptic,activist,0.011755131
activist,activist,0.004442395
activist,activist,0.008779109
activist,activist,0.0005072812
activist,activist,0.00066410477
activist,activist,0.022032265
sceptic,sceptic,0.98833525
activist,sceptic,0.99394965
activist,activist,0.00095473166
sceptic,sceptic,0.99971586
sceptic,sceptic,0.725843
activist,activist,0.0005142608
activist,sceptic,0.5493687
sceptic,sceptic,0.9924959
activist,activist,0.0005264497
sceptic,sceptic,0.9994568
activist,activist,0.004736749
activist,activist,0.00084924564
sceptic,sceptic,0.99858415
sceptic,sceptic,0.99968123
activist,activist,0.001044386
activist,activist,0.0031236487
sceptic,sceptic,0.9934865
activist,activist,0.0018602987
activist,activist,0.0022518474
activist,activist,0.0010944521
sceptic,sceptic,0.9997098
activist,activist,0.0013096057
activist,activist,0.0038920413
activist,activist,0.0005872614
sceptic,sceptic,0.9997131
activist,sceptic,0.70288706
sceptic,sceptic,0.99967563
sceptic,sceptic,0.9907499
sceptic,sceptic,0.9976495
activist,activist,0.005533388
activist,activist,0.0006538155
activist,sceptic,0.55970377
activist,activist,0.0012943681
activist,activist,0.06008665
activist,sceptic,0.98899186
sceptic,sceptic,0.955444
sceptic,sceptic,0.746139
sceptic,activist,0.1866133
sceptic,sceptic,0.99960643
sceptic,activist,0.35089388
sceptic,sceptic,0.9994956
sceptic,sceptic,0.98122096
sceptic,sceptic,0.9935743
activist,activist,0.0046727294
sceptic,sceptic,0.9986878
activist,activist,0.001030219
activist,activist,0.0013045068
activist,activist,0.0016941031
sceptic,sceptic,0.99924016
sceptic,sceptic,0.9997098
activist,activist,0.00083935994
sceptic,sceptic,0.9996331
sceptic,sceptic,0.9993687
activist,activist,0.0020829707
activist,sceptic,0.9835338
activist,activist,0.00198004
sceptic,sceptic,0.9929472
activist,activist,0.0042069694
activist,activist,0.0015700475
sceptic,sceptic,0.9970536
sceptic,sceptic,0.9997459
sceptic,sceptic,0.99953544
sceptic,sceptic,0.9980506
sceptic,sceptic,0.9957437
sceptic,sceptic,0.99849296
sceptic,sceptic,0.99971753
activist,activist,0.001375048
sceptic,sceptic,0.99973255
activist,activist,0.00068250194
activist,activist,0.0011203772
activist,activist,0.00052954187
sceptic,sceptic,0.7315383
activist,activist,0.0013696945
activist,activist,0.010570489
sceptic,sceptic,0.9997086
activist,activist,0.08206983
activist,activist,0.14211279
sceptic,sceptic,0.77864933
activist,activist,0.016914913
sceptic,sceptic,0.9901782
sceptic,sceptic,0.97311324
activist,activist,0.13150747
activist,sceptic,0.9768024
activist,activist,0.001810211
sceptic,sceptic,0.99584997
sceptic,sceptic,0.99964786
activist,activist,0.0016678823
activist,activist,0.0012818055
sceptic,sceptic,0.99973255
activist,activist,0.01447569
sceptic,sceptic,0.99038494
activist,activist,0.0010775026
activist,activist,0.005448068
sceptic,sceptic,0.99972624
activist,activist,0.000522355
sceptic,sceptic,0.9939731
sceptic,sceptic,0.9936365
activist,activist,0.0006771942
activist,activist,0.0011203772
activist,activist,0.0061450917
sceptic,sceptic,0.9997336
activist,sceptic,0.6741175
activist,sceptic,0.7163179
activist,activist,0.0374323
sceptic,sceptic,0.974018
sceptic,sceptic,0.99973255
activist,activist,0.00048217614
sceptic,sceptic,0.9859364
activist,activist,0.00064999826
sceptic,sceptic,0.9849563
sceptic,sceptic,0.99972516
activist,activist,0.007815888
activist,activist,0.0025409926
activist,activist,0.0008360903
sceptic,activist,0.14481275
sceptic,sceptic,0.9989556
activist,activist,0.00660257
sceptic,sceptic,0.9997011
activist,activist,0.0130707845
activist,sceptic,0.94639885
sceptic,sceptic,0.9997439
activist,activist,0.00068250194
activist,activist,0.08897849
sceptic,sceptic,0.9984542
activist,activist,0.0008247465
activist,activist,0.0004916815
sceptic,sceptic,0.99935
sceptic,sceptic,0.9997414
activist,activist,0.010590936
sceptic,sceptic,0.99963164
sceptic,sceptic,0.9995159
sceptic,sceptic,0.9993857
activist,activist,0.0045384313
sceptic,sceptic,0.9992237
activist,activist,0.0006374342
activist,activist,0.0033115193
sceptic,sceptic,0.99961334
activist,activist,0.005001672
sceptic,sceptic,0.9985104
sceptic,sceptic,0.9994947
activist,activist,0.0009927261
sceptic,sceptic,0.73053026
activist,activist,0.27654397
activist,activist,0.04885778
activist,activist,0.0035796429
activist,activist,0.0010566838
sceptic,sceptic,0.9985814
activist,activist,0.021801986
activist,activist,0.16552565
activist,activist,0.00071662973
activist,activist,0.00089869124
activist,activist,0.0009181901
activist,activist,0.0004322415
activist,activist,0.00795339
sceptic,sceptic,0.99407744
sceptic,sceptic,0.99632156
sceptic,sceptic,0.96691406
activist,sceptic,0.9554855
activist,activist,0.00045121062
activist,sceptic,0.9124362
activist,activist,0.0032986512
sceptic,sceptic,0.99621993
activist,activist,0.3434518
sceptic,sceptic,0.9997098
activist,activist,0.020944208
activist,activist,0.0135061005
sceptic,sceptic,0.9792947
activist,activist,0.0008899655
activist,activist,0.00063495064
sceptic,sceptic,0.9749169
activist,activist,0.032528225
sceptic,sceptic,0.9977216
activist,activist,0.0010775026
sceptic,sceptic,0.99393785
activist,activist,0.07303239
activist,activist,0.0014664584
activist,activist,0.0005815577
activist,activist,0.0005254231
activist,activist,0.0005305765
activist,activist,0.0008360903
sceptic,sceptic,0.9997131
sceptic,sceptic,0.99942183
activist,activist,0.00080880744
sceptic,sceptic,0.99961555
activist,activist,0.036220055
sceptic,sceptic,0.9776285
sceptic,sceptic,0.9897315
activist,activist,0.0036428906
sceptic,activist,0.006050398
activist,activist,0.00059650384
activist,activist,0.0024201944
activist,activist,0.0038393948
activist,activist,0.0007947255
activist,activist,0.0011672309
sceptic,sceptic,0.99225944
activist,activist,0.0006654022
sceptic,sceptic,0.9886464
sceptic,sceptic,0.9994622
activist,activist,0.0006361913
activist,activist,0.00062511285
activist,activist,0.00048029723
activist,activist,0.000994665
sceptic,sceptic,0.9997358
activist,activist,0.0007702932
sceptic,sceptic,0.7033458
sceptic,sceptic,0.99433607
activist,activist,0.00068250194
activist,activist,0.2407746
sceptic,sceptic,0.99933076
activist,activist,0.00581996
activist,activist,0.0061094104
sceptic,activist,0.006944127
sceptic,sceptic,0.99890554
sceptic,sceptic,0.99925774
activist,activist,0.0023550675
activist,sceptic,0.88597727
sceptic,sceptic,0.9997241
activist,activist,0.051462766
sceptic,sceptic,0.9996935
activist,activist,0.00058042357
activist,activist,0.008061991
sceptic,sceptic,0.9993
activist,activist,0.000628784
activist,activist,0.001006378
activist,activist,0.0015247865
activist,activist,0.010110846
sceptic,sceptic,0.99896777
sceptic,sceptic,0.91693145
sceptic,sceptic,0.9956176
activist,activist,0.00057254656
sceptic,sceptic,0.99849594
sceptic,sceptic,0.99971753
sceptic,sceptic,0.97389406
sceptic,sceptic,0.99974185
activist,activist,0.0008009536
activist,activist,0.058614686
sceptic,sceptic,0.9993475
sceptic,sceptic,0.9653485
sceptic,sceptic,0.966347
sceptic,sceptic,0.52916265
activist,activist,0.024330191
sceptic,sceptic,0.91117966
activist,activist,0.002225671
activist,activist,0.001194878
sceptic,sceptic,0.9864938
sceptic,sceptic,0.8707622
activist,activist,0.00083772355
activist,activist,0.0030873693
sceptic,sceptic,0.9943581
activist,activist,0.0005669857
activist,activist,0.0067188703
sceptic,sceptic,0.9900058
sceptic,sceptic,0.9997305
activist,activist,0.00055711175
activist,activist,0.0068239546
activist,activist,0.0027846089
activist,activist,0.00097354373
activist,activist,0.0020033333
activist,activist,0.0007336117
activist,activist,0.0005305765
activist,activist,0.20134169
sceptic,sceptic,0.9936365
activist,activist,0.0048391186
sceptic,sceptic,0.99967873
activist,activist,0.007135252
activist,activist,0.00074806996
activist,activist,0.0015700475
sceptic,sceptic,0.5033416
sceptic,sceptic,0.97610646
activist,activist,0.0024822769
sceptic,activist,0.40586078
activist,activist,0.36274344
sceptic,sceptic,0.99108386
sceptic,sceptic,0.99907815
activist,activist,0.013532149
sceptic,sceptic,0.99004436
activist,activist,0.008267597
activist,activist,0.0009927261
activist,activist,0.00065765524
sceptic,sceptic,0.95379424
sceptic,sceptic,0.9997358
sceptic,sceptic,0.9997142
activist,activist,0.08811155
sceptic,sceptic,0.97917557
sceptic,sceptic,0.7061398
sceptic,sceptic,0.994615
sceptic,sceptic,0.9993449
sceptic,sceptic,0.9997428
activist,activist,0.0034834242
sceptic,sceptic,0.6917057
activist,activist,0.0008279719
activist,activist,0.001480828
activist,activist,0.0006474658
sceptic,sceptic,0.6188093
activist,activist,0.012407694
sceptic,sceptic,0.87831426
activist,activist,0.01324833
sceptic,sceptic,0.84834504
activist,activist,0.0025459477
activist,activist,0.0029810332
sceptic,sceptic,0.9997075
activist,activist,0.0016941031
activist,activist,0.0009417797
sceptic,sceptic,0.99543506
activist,sceptic,0.5892437
activist,activist,0.0006374342
activist,activist,0.0019456057
sceptic,activist,0.0033831915
activist,activist,0.000771798
activist,sceptic,0.7489495
activist,activist,0.060031522
sceptic,sceptic,0.99155444
activist,activist,0.003503823
activist,activist,0.000782414
activist,activist,0.000493605
sceptic,sceptic,0.97381955
activist,activist,0.0040385914
sceptic,sceptic,0.98264104
activist,activist,0.014364656
activist,activist,0.018299334
activist,activist,0.0005861161
sceptic,sceptic,0.9812749
sceptic,sceptic,0.9996983
activist,activist,0.0007069056
sceptic,sceptic,0.99971646
activist,activist,0.010169657
activist,activist,0.0040780627
sceptic,sceptic,0.9997305
sceptic,sceptic,0.9406263
sceptic,sceptic,0.99812144
activist,activist,0.005322535
sceptic,sceptic,0.99974436
sceptic,sceptic,0.6190684
activist,activist,0.00090396777
sceptic,sceptic,0.99952805
activist,activist,0.0005142608
sceptic,sceptic,0.9997075
activist,activist,0.0012743262
sceptic,sceptic,0.9991991
sceptic,sceptic,0.999355
sceptic,activist,0.10261904
sceptic,sceptic,0.9600627
sceptic,sceptic,0.9997137
activist,activist,0.0008009536
activist,activist,0.014172365
sceptic,sceptic,0.99973255
activist,activist,0.047869008
activist,activist,0.010693759
activist,sceptic,0.62903434
activist,activist,0.14366761
sceptic,sceptic,0.97052056
sceptic,sceptic,0.9729081
activist,activist,0.0014353332
activist,activist,0.0012065897
sceptic,sceptic,0.55084896
activist,activist,0.0022213378
activist,activist,0.0011879054
activist,activist,0.030879717
sceptic,sceptic,0.94966936
activist,activist,0.001034247
activist,activist,0.0013458604
sceptic,sceptic,0.9830526
activist,sceptic,0.7871142
sceptic,sceptic,0.9729595
activist,activist,0.0006798429
activist,activist,0.009783876
sceptic,sceptic,0.9995016
activist,activist,0.13212213
sceptic,sceptic,0.99971646
activist,activist,0.0014493983
sceptic,sceptic,0.9994673
activist,activist,0.0065261493
sceptic,activist,0.29956603
sceptic,sceptic,0.7385748
sceptic,sceptic,0.9952632
activist,activist,0.015454242
sceptic,activist,0.43428135
sceptic,sceptic,0.99972135
sceptic,sceptic,0.9833589
sceptic,sceptic,0.80821866
sceptic,sceptic,0.99971646
activist,activist,0.10617976
sceptic,sceptic,0.5855752
sceptic,sceptic,0.99971753
sceptic,sceptic,0.99694854
sceptic,sceptic,0.9761973
activist,activist,0.24626137
activist,activist,0.034586217
activist,activist,0.00044076296
sceptic,sceptic,0.98138225
sceptic,sceptic,0.99968493
activist,activist,0.0032413602
sceptic,sceptic,0.9997305
activist,activist,0.016121823
sceptic,sceptic,0.99968314
activist,activist,0.0005172813
sceptic,sceptic,0.99973255
sceptic,sceptic,0.99974185
sceptic,sceptic,0.9978594
sceptic,sceptic,0.99818975
activist,activist,0.0005849732
sceptic,sceptic,0.5729916
activist,activist,0.029929748
sceptic,sceptic,0.9993881
sceptic,sceptic,0.89209336
sceptic,activist,0.010839369
activist,sceptic,0.5380902
activist,activist,0.00093263603
sceptic,activist,0.36034834
activist,activist,0.0010566838
activist,activist,0.00079162966
sceptic,sceptic,0.9828892
activist,activist,0.0011138391
sceptic,sceptic,0.54521
sceptic,activist,0.091382116
activist,activist,0.002889581
sceptic,sceptic,0.9995479
sceptic,sceptic,0.9950659
sceptic,sceptic,0.99967504
sceptic,sceptic,0.9992792
sceptic,sceptic,0.7833262
sceptic,sceptic,0.9997187
sceptic,sceptic,0.9995592
activist,activist,0.0011972112
activist,activist,0.3798671
sceptic,sceptic,0.51816523
sceptic,sceptic,0.99969935
sceptic,sceptic,0.9909972
sceptic,sceptic,0.9996493
sceptic,activist,0.41057903
activist,activist,0.005060332
sceptic,sceptic,0.98965186
sceptic,sceptic,0.7530129
sceptic,sceptic,0.99966466
sceptic,sceptic,0.90772206
sceptic,sceptic,0.9967649
sceptic,sceptic,0.9960622
sceptic,sceptic,0.7385748
sceptic,sceptic,0.9990978
sceptic,sceptic,0.9997428
sceptic,sceptic,0.9912378
activist,activist,0.0006838353
sceptic,sceptic,0.99970454
activist,activist,0.001107339
sceptic,sceptic,0.97246706
activist,activist,0.015365342
activist,activist,0.0064882697
activist,activist,0.00063495064
activist,activist,0.001044386
activist,activist,0.03521114
sceptic,sceptic,0.99969935
sceptic,sceptic,0.9997203
activist,activist,0.0005452766
activist,activist,0.039490405
activist,activist,0.0020507437
sceptic,activist,0.15399395
sceptic,sceptic,0.99972516
sceptic,sceptic,0.74288833
activist,activist,0.0008409995
activist,activist,0.14134066
activist,activist,0.021145398
sceptic,sceptic,0.9994867
sceptic,sceptic,0.99790895
sceptic,sceptic,0.99971753
activist,activist,0.24104246
activist,activist,0.0013276093
activist,activist,0.0027629985
sceptic,sceptic,0.9962419
activist,activist,0.00055602525
activist,activist,0.000493605
sceptic,sceptic,0.9467446
sceptic,sceptic,0.99972576
sceptic,sceptic,0.99420255
activist,activist,0.15278916
activist,activist,0.0053432565
sceptic,sceptic,0.99176437
sceptic,sceptic,0.999723
activist,activist,0.078642376
activist,activist,0.0013723688
activist,activist,0.004248079
activist,activist,0.0012065897
activist,activist,0.0006865099
activist,activist,0.060031522
sceptic,sceptic,0.99936634
activist,activist,0.00058955856
activist,activist,0.0036856742
sceptic,sceptic,0.9973061
sceptic,sceptic,0.99959713
sceptic,sceptic,0.9845011
sceptic,sceptic,0.99940467
activist,activist,0.0010817152
sceptic,sceptic,0.9744348
activist,activist,0.0011740823
sceptic,sceptic,0.999688
activist,activist,0.0004945695
activist,activist,0.0011717941
activist,activist,0.001107339
sceptic,sceptic,0.99967504
activist,activist,0.002119831
sceptic,sceptic,0.9989818
sceptic,sceptic,0.8807458
activist,activist,0.003045574
sceptic,sceptic,0.9520419
sceptic,sceptic,0.9259697
sceptic,activist,0.1907994
activist,activist,0.008429287
sceptic,sceptic,0.99946004
activist,activist,0.002631674
sceptic,sceptic,0.8041754
activist,activist,0.00074806996
activist,activist,0.0036713579
sceptic,sceptic,0.99971026
sceptic,sceptic,0.99968004
activist,activist,0.035012625
activist,activist,0.26511872
activist,activist,0.0010817152
activist,activist,0.0008409995
sceptic,sceptic,0.9996178
activist,activist,0.0006745559
activist,activist,0.0004222329
activist,activist,0.0040385914
activist,activist,0.0010944521
sceptic,sceptic,0.99928063
activist,activist,0.00519988
activist,activist,0.0013147246
sceptic,sceptic,0.99973255
activist,activist,0.010071823
sceptic,sceptic,0.99945575
sceptic,sceptic,0.7666869
activist,activist,0.0012521496
sceptic,sceptic,0.9980994
sceptic,sceptic,0.9997075
sceptic,sceptic,0.5771975
activist,activist,0.28676808
sceptic,activist,0.009898064
sceptic,sceptic,0.9306476
sceptic,activist,0.04716187
activist,activist,0.0009927261
sceptic,sceptic,0.9809856
activist,activist,0.0006082617
sceptic,sceptic,0.9729081
activist,sceptic,0.9420286
activist,activist,0.000532652
sceptic,sceptic,0.9996977
activist,activist,0.0009869322
sceptic,sceptic,0.9980957
activist,activist,0.001194878
activist,activist,0.004773722
sceptic,sceptic,0.99953806
sceptic,sceptic,0.9994461
sceptic,sceptic,0.967194
activist,activist,0.0017752607
sceptic,sceptic,0.99973875
activist,activist,0.12158143
activist,activist,0.0017477858
sceptic,sceptic,0.99952257
activist,activist,0.053700306
activist,activist,0.0014664584
activist,activist,0.00088304584
sceptic,sceptic,0.99509466
sceptic,activist,0.019946933
sceptic,sceptic,0.97891515
sceptic,sceptic,0.9997336
activist,activist,0.47088486
sceptic,sceptic,0.99968433
activist,sceptic,0.93851966
activist,activist,0.0019342612
activist,sceptic,0.9988575
sceptic,activist,0.013121271
sceptic,sceptic,0.99971753
sceptic,activist,0.08555635
activist,activist,0.0005953407
activist,activist,0.03882902
activist,activist,0.0007839425
sceptic,sceptic,0.99820733
activist,activist,0.002601094
sceptic,sceptic,0.99892455
activist,activist,0.00058042357
sceptic,sceptic,0.9997209
activist,activist,0.0010649626
sceptic,activist,0.2719762
sceptic,sceptic,0.9847231
sceptic,sceptic,0.99970055
activist,activist,0.0011269539
activist,activist,0.0017856744
activist,activist,0.00063495064
activist,activist,0.0017718029
activist,activist,0.00084264233
activist,activist,0.044722572
activist,activist,0.18795107
sceptic,sceptic,0.999566
activist,activist,0.0006589401
activist,activist,0.0008934456
sceptic,sceptic,0.9992312
activist,activist,0.002282775
sceptic,sceptic,0.999608
sceptic,sceptic,0.9928786
activist,activist,0.0006654022
sceptic,sceptic,0.99031025
activist,activist,0.009821792
sceptic,sceptic,0.98955137
sceptic,sceptic,0.9997075
sceptic,sceptic,0.99951684
sceptic,activist,0.43199226
activist,activist,0.021718835
activist,activist,0.00081355654
activist,activist,0.0007657964
activist,activist,0.0074173803
sceptic,sceptic,0.98680264
sceptic,activist,0.37344727
sceptic,sceptic,0.9997336
activist,activist,0.0010817152
sceptic,sceptic,0.9007046
activist,activist,0.0012160417
sceptic,sceptic,0.9287327
sceptic,sceptic,0.9969246
activist,activist,0.0042151595
activist,activist,0.0005692035
activist,activist,0.0009308179
sceptic,sceptic,0.9996673
activist,activist,0.006363574
sceptic,activist,0.24894479
activist,activist,0.0013045068
sceptic,sceptic,0.99973255
sceptic,sceptic,0.99973255
sceptic,sceptic,0.9542227
sceptic,sceptic,0.9519973
activist,activist,0.020984294
activist,activist,0.00070277863
activist,activist,0.2631731
activist,activist,0.000593021
sceptic,sceptic,0.9997092
sceptic,sceptic,0.8552477
sceptic,sceptic,0.9902727
activist,activist,0.00059766934
sceptic,sceptic,0.9991573
activist,activist,0.00060589175
activist,activist,0.000872767
sceptic,sceptic,0.9938788
activist,activist,0.0041743675
activist,activist,0.0041019293
sceptic,sceptic,0.9670699
activist,activist,0.0005872614
sceptic,sceptic,0.9964551
sceptic,sceptic,0.900267
activist,activist,0.044847906
activist,activist,0.0015700475
sceptic,activist,0.45622808
sceptic,sceptic,0.9997142
sceptic,sceptic,0.99973255
activist,activist,0.0011995488
activist,activist,0.0005043191
activist,activist,0.0006263342
activist,activist,0.0015700475
sceptic,sceptic,0.9996724
activist,activist,0.0035936027
activist,activist,0.00049650425
sceptic,sceptic,0.9953635
activist,activist,0.00067587383
activist,activist,0.003869391
activist,activist,0.0009271924
sceptic,sceptic,0.9997236
activist,activist,0.3346438
sceptic,sceptic,0.99549675
activist,activist,0.0007839425
sceptic,sceptic,0.95270634
sceptic,sceptic,0.9997247
activist,activist,0.005708034
sceptic,sceptic,0.9079672
sceptic,sceptic,0.9994319
sceptic,sceptic,0.9774139
sceptic,sceptic,0.99952996
sceptic,sceptic,0.99972945
sceptic,sceptic,0.81501174
activist,activist,0.0006798429
activist,activist,0.025154885
activist,activist,0.0008263576
activist,activist,0.003305079
activist,activist,0.0013966716
activist,activist,0.003869391
activist,activist,0.0014048679
activist,activist,0.03861093
activist,activist,0.00068785116
sceptic,sceptic,0.99947053
activist,activist,0.002019014
activist,activist,0.0006851713
sceptic,sceptic,0.9329437
activist,activist,0.002946405
activist,activist,0.012649318
sceptic,sceptic,0.99491006
sceptic,sceptic,0.9997142
sceptic,sceptic,0.99705935
activist,activist,0.00061064085
sceptic,sceptic,0.99855906
activist,activist,0.006277706
sceptic,sceptic,0.99955136
sceptic,sceptic,0.9994253
sceptic,sceptic,0.8789391
activist,activist,0.00049747445
activist,activist,0.029844802
sceptic,sceptic,0.97180575
sceptic,sceptic,0.99971753
activist,sceptic,0.95531917
sceptic,sceptic,0.9997373
activist,activist,0.0028173407
activist,activist,0.0010859445
activist,activist,0.00161665
activist,activist,0.0019080463
sceptic,sceptic,0.9997236
sceptic,sceptic,0.99942636
activist,activist,0.0140907345
sceptic,sceptic,0.999723
activist,activist,0.0010505168
sceptic,sceptic,0.99973625
sceptic,sceptic,0.9792947
activist,activist,0.013402404
sceptic,sceptic,0.77864933
activist,activist,0.00083935994
activist,sceptic,0.9973008
activist,activist,0.001030219
activist,sceptic,0.7338335
activist,activist,0.0014158707
activist,activist,0.002458213
activist,activist,0.0035518843
activist,activist,0.0012594985
activist,activist,0.0008279719
sceptic,sceptic,0.9899671
activist,activist,0.0005033356
activist,activist,0.0006589401
activist,activist,0.00066931
sceptic,sceptic,0.9166335
sceptic,sceptic,0.57910293
activist,activist,0.013902058
activist,activist,0.0004955359
activist,activist,0.004150081
activist,activist,0.024563087
sceptic,sceptic,0.98102194
activist,activist,0.0022213378
sceptic,sceptic,0.72841036
activist,sceptic,0.60609055
activist,activist,0.000532652
sceptic,sceptic,0.9931096
activist,sceptic,0.97788346
sceptic,activist,0.15571934
sceptic,sceptic,0.51665646
sceptic,activist,0.082549304
sceptic,sceptic,0.99771726
sceptic,sceptic,0.99900347
activist,activist,0.0005918646
activist,activist,0.010071823
activist,activist,0.00083935994
activist,activist,0.020606475
activist,activist,0.00064999826
sceptic,sceptic,0.9997398
activist,activist,0.002923543
sceptic,sceptic,0.9996018
activist,activist,0.005322535
activist,activist,0.20142026
sceptic,sceptic,0.99843603
sceptic,activist,0.12538631
sceptic,sceptic,0.9997347
sceptic,sceptic,0.87043214
sceptic,sceptic,0.6929537
activist,activist,0.00083446025
activist,activist,0.0008103873
activist,sceptic,0.9261035
sceptic,sceptic,0.996108
sceptic,sceptic,0.9744834
sceptic,sceptic,0.9882676
activist,sceptic,0.99637127
activist,activist,0.0016646334
sceptic,sceptic,0.9441254
activist,activist,0.0008072305
sceptic,sceptic,0.9997508
activist,activist,0.0013912341
activist,activist,0.012624948
activist,activist,0.00052954187
activist,sceptic,0.51112944
activist,activist,0.029173618
activist,activist,0.013821961
sceptic,sceptic,0.9997063
activist,activist,0.0040860027
activist,activist,0.0006386796
activist,activist,0.018229289
sceptic,sceptic,0.96432143
sceptic,sceptic,0.98096734
activist,activist,0.1584346
activist,activist,0.0033634927
activist,activist,0.0010754024
sceptic,sceptic,0.9764232
activist,activist,0.0018639286
activist,activist,0.0005941797
activist,activist,0.32885265
sceptic,sceptic,0.9962419
activist,activist,0.0018530595
sceptic,sceptic,0.95945925
sceptic,activist,0.034749623
activist,activist,0.0041824942
sceptic,activist,0.29798043
sceptic,sceptic,0.99253935
activist,activist,0.0006374342
activist,activist,0.00047009322
activist,activist,0.0049340907
activist,activist,0.04488975
sceptic,sceptic,0.9997284
activist,activist,0.0014158707
activist,activist,0.0005838325
activist,activist,0.0019192374
activist,activist,0.0008575725
activist,activist,0.07172112
activist,activist,0.00052337564
activist,activist,0.0025658647
sceptic,sceptic,0.96160597
sceptic,sceptic,0.99890125
activist,activist,0.0008409995
activist,activist,0.19223589
sceptic,sceptic,0.99973315
sceptic,sceptic,0.99974984
activist,activist,0.0007748164
sceptic,sceptic,0.9739189
sceptic,sceptic,0.9997203
sceptic,sceptic,0.9668514
sceptic,sceptic,0.97074324
activist,activist,0.0010202174
activist,activist,0.00096975197
sceptic,sceptic,0.9840477
activist,activist,0.008140463
activist,sceptic,0.8107038
sceptic,sceptic,0.9997029
sceptic,sceptic,0.9995505
sceptic,sceptic,0.9996983
sceptic,sceptic,0.94891727
sceptic,sceptic,0.9997459
sceptic,sceptic,0.7553664
activist,activist,0.0013723688
sceptic,sceptic,0.9997209
sceptic,sceptic,0.9953544
activist,activist,0.2146091
activist,activist,0.00077330566
sceptic,sceptic,0.9997367
activist,activist,0.0027469008
sceptic,sceptic,0.992597
activist,activist,0.30590466
sceptic,sceptic,0.9997408
sceptic,sceptic,0.7904494
sceptic,sceptic,0.99961996
sceptic,sceptic,0.9997023
sceptic,sceptic,0.9587699
sceptic,activist,0.000782414
sceptic,sceptic,0.99677116
activist,activist,0.009689717
activist,activist,0.0013198635
sceptic,sceptic,0.9991623
sceptic,sceptic,0.9997367
sceptic,sceptic,0.9996574
activist,activist,0.16586316
sceptic,sceptic,0.9418684
activist,activist,0.0010044163
activist,activist,0.0046185427
sceptic,sceptic,0.9989371
sceptic,sceptic,0.995037
sceptic,sceptic,0.9990746
sceptic,sceptic,0.9518184
sceptic,sceptic,0.98846966
activist,activist,0.0011604195
sceptic,sceptic,0.99947256
sceptic,sceptic,0.9997017
activist,activist,0.0029810332
sceptic,sceptic,0.9933975
sceptic,sceptic,0.9971827
activist,activist,0.00049747445
sceptic,sceptic,0.9913726
activist,activist,0.00079939206
sceptic,sceptic,0.99964297
sceptic,sceptic,0.9988305
activist,activist,0.000872767
activist,sceptic,0.7636601
activist,activist,0.00071802974
sceptic,sceptic,0.98707944
sceptic,sceptic,0.9973888
activist,activist,0.00042804275
sceptic,sceptic,0.9645559
activist,activist,0.0012545943
activist,activist,0.0013858177
activist,activist,0.00047563188
activist,activist,0.011642225
activist,activist,0.003057458
activist,activist,0.0008247465
activist,sceptic,0.9405172
sceptic,sceptic,0.9992792
sceptic,sceptic,0.9988463
sceptic,sceptic,0.95976204
activist,activist,0.00087617995
activist,activist,0.0033766124
activist,sceptic,0.8931697
activist,activist,0.0012424174
activist,activist,0.00047193223
sceptic,sceptic,0.9996989
activist,activist,0.0030515103
sceptic,sceptic,0.8852848
sceptic,sceptic,0.9996444
sceptic,sceptic,0.99968493
activist,sceptic,0.9222025
sceptic,sceptic,0.81368303
sceptic,sceptic,0.9996904
sceptic,activist,0.016529558
activist,activist,0.0008710656
activist,activist,0.0017752607
sceptic,sceptic,0.99097973
activist,activist,0.00060000725
sceptic,sceptic,0.8470844
sceptic,sceptic,0.9997029
activist,activist,0.00096975197
activist,activist,0.00044421837
sceptic,sceptic,0.9997373
activist,activist,0.0006449432
sceptic,sceptic,0.99956185
activist,activist,0.0023504829
activist,activist,0.00074661145
activist,activist,0.005565725
activist,activist,0.0946777
sceptic,sceptic,0.9997131
sceptic,sceptic,0.99953806
activist,activist,0.46634433
sceptic,sceptic,0.7258916
sceptic,sceptic,0.72710437
activist,activist,0.00073504477
activist,activist,0.00088649895
sceptic,activist,0.4211649
activist,activist,0.0016549241
sceptic,sceptic,0.9990978
activist,activist,0.0067580864
activist,activist,0.0018386653
sceptic,sceptic,0.9334308
activist,activist,0.00349701
sceptic,sceptic,0.96521765
activist,activist,0.0009092752
sceptic,activist,0.3429015
sceptic,sceptic,0.9991541
activist,activist,0.006026952
sceptic,activist,0.029340029
sceptic,sceptic,0.9994766
activist,activist,0.0017240938
sceptic,sceptic,0.9160345
activist,activist,0.0009811718
sceptic,sceptic,0.99456257
sceptic,sceptic,0.9986142
activist,activist,0.0008459375
activist,activist,0.0007321813
activist,sceptic,0.5531734
sceptic,activist,0.44732448
sceptic,sceptic,0.99040353
activist,activist,0.003021945
sceptic,sceptic,0.9189906
sceptic,sceptic,0.9995883
activist,sceptic,0.6927459
activist,activist,0.077030234
activist,activist,0.0005193048
sceptic,sceptic,0.99609274
activist,activist,0.001518851
activist,activist,0.0017106996
sceptic,activist,0.0762012
sceptic,sceptic,0.99973255
activist,activist,0.0005264497
activist,activist,0.0005305765
activist,activist,0.0013511209
activist,activist,0.0007321813
activist,sceptic,0.9654789
activist,activist,0.00086092605
sceptic,sceptic,0.99097973
sceptic,sceptic,0.99951875
sceptic,sceptic,0.99972624
activist,activist,0.009161026
activist,activist,0.003292236
sceptic,sceptic,0.9658996
activist,activist,0.058078147
sceptic,sceptic,0.98237246
sceptic,sceptic,0.9996444
activist,activist,0.00083772355
sceptic,sceptic,0.9996499
sceptic,sceptic,0.9807288
sceptic,sceptic,0.9969066
sceptic,sceptic,0.726959
activist,activist,0.0019080463
activist,activist,0.0009792591
activist,activist,0.001032231
sceptic,sceptic,0.5897902
sceptic,activist,0.282691
sceptic,sceptic,0.9759006
activist,activist,0.000771798
sceptic,sceptic,0.9470882
sceptic,sceptic,0.99972135
activist,activist,0.00088477065
sceptic,sceptic,0.88725346
sceptic,sceptic,0.9924666
activist,activist,0.0009792591
activist,activist,0.002078915
activist,activist,0.0006190416
activist,activist,0.0013939502
activist,activist,0.1464531
sceptic,sceptic,0.98835784
activist,activist,0.021698097
activist,activist,0.000506292
activist,activist,0.0007672925
sceptic,sceptic,0.64514786
sceptic,sceptic,0.99972516
activist,activist,0.0006512682
sceptic,sceptic,0.91482496
activist,activist,0.0009308179
activist,activist,0.08426642
sceptic,sceptic,0.99634284
sceptic,activist,0.0031912678
sceptic,sceptic,0.99688846
sceptic,activist,0.3342634
sceptic,activist,0.009125638
activist,activist,0.45933384
activist,activist,0.00046461902
activist,activist,0.007039046
sceptic,sceptic,0.9390248
activist,activist,0.00046461902
sceptic,sceptic,0.99961996
activist,activist,0.0013302016
activist,activist,0.031026179
sceptic,sceptic,0.99845123
activist,activist,0.00071943254
activist,activist,0.00091640017
sceptic,sceptic,0.84240985
sceptic,sceptic,0.9975274
sceptic,sceptic,0.9994777
activist,activist,0.018457891
activist,sceptic,0.5357816
sceptic,sceptic,0.9762654
sceptic,sceptic,0.99947256
sceptic,sceptic,0.9993575
sceptic,activist,0.26374158
activist,activist,0.010189338
activist,activist,0.0072749583
activist,activist,0.00063495064
activist,activist,0.012673735
sceptic,sceptic,0.99960023
sceptic,activist,0.03715183
sceptic,sceptic,0.9997336
sceptic,sceptic,0.9997187
activist,activist,0.011687259
activist,activist,0.0008072305
activist,activist,0.20315365
activist,activist,0.0006602275
sceptic,sceptic,0.9995753
sceptic,sceptic,0.9960083
activist,activist,0.0006190416
activist,sceptic,0.5140306
activist,activist,0.01102947
activist,activist,0.05439932
activist,activist,0.0028783479
activist,activist,0.0005861161
sceptic,activist,0.063714996
sceptic,sceptic,0.9946255
sceptic,sceptic,0.998835
sceptic,sceptic,0.9977482
sceptic,sceptic,0.99694854
activist,activist,0.0015367271
sceptic,sceptic,0.9965837
sceptic,sceptic,0.99973255
activist,activist,0.0007041515
activist,activist,0.00093994394
sceptic,sceptic,0.995008
activist,activist,0.0014437558
activist,activist,0.0011695102
sceptic,sceptic,0.945349
activist,activist,0.005322535
activist,activist,0.01605998
sceptic,sceptic,0.99961925
activist,activist,0.00050530455
sceptic,sceptic,0.99883956
activist,activist,0.005554925
sceptic,sceptic,0.9997347
activist,activist,0.0021657674
sceptic,sceptic,0.9989225
activist,activist,0.10230471
activist,activist,0.0032350558
sceptic,sceptic,0.99701905
activist,activist,0.008847355
activist,activist,0.0005368274
sceptic,sceptic,0.99945575
sceptic,activist,0.41960335
activist,activist,0.0016941031
sceptic,sceptic,0.9873018
activist,activist,0.0011138391
activist,activist,0.0074317735
sceptic,sceptic,0.9852004
sceptic,sceptic,0.73848045
sceptic,sceptic,0.99227446
activist,activist,0.0005452766
sceptic,sceptic,0.99304235
sceptic,sceptic,0.9996526
activist,sceptic,0.82768893
sceptic,sceptic,0.9969663
sceptic,sceptic,0.9828562
sceptic,sceptic,0.9958418
sceptic,sceptic,0.9893063
activist,activist,0.00048785715
sceptic,sceptic,0.9852997
sceptic,sceptic,0.99014014
sceptic,sceptic,0.99971205
activist,activist,0.3165013
activist,activist,0.00071523245
activist,activist,0.00087617995
activist,sceptic,0.9949397
activist,activist,0.00089693937
sceptic,sceptic,0.96309197
sceptic,sceptic,0.7252596
activist,activist,0.0005347357
activist,sceptic,0.5974024
sceptic,sceptic,0.9997478
sceptic,sceptic,0.9922144
activist,activist,0.0029868432
activist,activist,0.002946405
activist,activist,0.31695038
activist,activist,0.0038543637
activist,activist,0.00084759004
sceptic,sceptic,0.9993424
activist,activist,0.0012255674
sceptic,sceptic,0.9997198
activist,activist,0.0006628098
sceptic,sceptic,0.9487276
sceptic,activist,0.3055419
activist,sceptic,0.83031917
sceptic,sceptic,0.9953544
activist,activist,0.00074806996
sceptic,sceptic,0.9357587
activist,activist,0.0015011822
sceptic,sceptic,0.9997347
activist,sceptic,0.96560895
activist,activist,0.0012160417
activist,activist,0.002406089
activist,activist,0.0083319
activist,activist,0.017143767
sceptic,sceptic,0.9947595
sceptic,sceptic,0.9979888
activist,activist,0.0005172813
sceptic,sceptic,0.91693145
activist,activist,0.00049650425
sceptic,sceptic,0.9997017
activist,activist,0.0046006194
sceptic,sceptic,0.9961755
sceptic,sceptic,0.99972194
sceptic,sceptic,0.9762654
activist,activist,0.0095224865
activist,activist,0.0065008723
activist,activist,0.14934519
activist,sceptic,0.5909563
sceptic,sceptic,0.9996309
sceptic,sceptic,0.6614857
activist,activist,0.024168445
activist,activist,0.0053018946
activist,activist,0.024656855
sceptic,sceptic,0.99603146
activist,sceptic,0.6573735
activist,activist,0.0004907226
activist,activist,0.03835798
activist,activist,0.0004503306
sceptic,sceptic,0.9980045
activist,activist,0.005554925
sceptic,sceptic,0.99974686
sceptic,sceptic,0.9659317
sceptic,activist,0.42106077
sceptic,sceptic,0.9809125
sceptic,activist,0.006475691
activist,activist,0.0024249142
sceptic,activist,0.03339982
activist,activist,0.0019723356
sceptic,sceptic,0.99453074
sceptic,activist,0.00076281314
activist,activist,0.0010242065
activist,activist,0.0021489493
sceptic,sceptic,0.9764232
sceptic,sceptic,0.9961456
sceptic,sceptic,0.99915075
activist,activist,0.0010587475
sceptic,sceptic,0.998487
activist,activist,0.0014437558
activist,activist,0.0011717941
sceptic,sceptic,0.99664956
sceptic,activist,0.0008409995
activist,activist,0.0020667946
activist,activist,0.0017140384
sceptic,activist,0.3588023
activist,activist,0.005831272
activist,activist,0.007937994
activist,activist,0.00062267727
activist,activist,0.00090750254
sceptic,sceptic,0.99633574
activist,activist,0.01107216
activist,activist,0.0018530595
sceptic,sceptic,0.98046875
sceptic,sceptic,0.9997316
sceptic,sceptic,0.99971753
sceptic,sceptic,0.99338466
activist,activist,0.0061450917
sceptic,sceptic,0.99974483
activist,activist,0.002070827
sceptic,sceptic,0.74284166
activist,activist,0.00054103555
sceptic,sceptic,0.8713654
activist,sceptic,0.9088609
sceptic,sceptic,0.9519973
sceptic,sceptic,0.7989722
sceptic,sceptic,0.9996718
sceptic,sceptic,0.99971086
activist,activist,0.033211175
sceptic,sceptic,0.8957965
activist,activist,0.0010005045
activist,activist,0.042842176
activist,activist,0.0010382907
sceptic,sceptic,0.9996259
sceptic,sceptic,0.99971646
activist,activist,0.0014158707
activist,activist,0.001976184
sceptic,sceptic,0.99533635
activist,activist,0.0038844768
activist,activist,0.00079317606
activist,activist,0.004736749
activist,activist,0.004645557
activist,activist,0.00095473166
activist,activist,0.08456834
activist,activist,0.11382562
sceptic,sceptic,0.9737945
sceptic,sceptic,0.9433998
activist,activist,0.00092900335
activist,activist,0.004485795
activist,activist,0.004451041
sceptic,sceptic,0.9996574
activist,activist,0.0064256205
sceptic,sceptic,0.9982759
sceptic,sceptic,0.99951124
sceptic,activist,0.49972534
activist,activist,0.007360082
activist,activist,0.0022474632
activist,activist,0.0083967
sceptic,sceptic,0.9917163
sceptic,sceptic,0.94980925
activist,activist,0.0012375797
activist,activist,0.07382972
activist,activist,0.00039899134
activist,activist,0.0023231625
activist,activist,0.0015367271
activist,activist,0.061311536
sceptic,sceptic,0.9945095
activist,activist,0.0011138391
sceptic,sceptic,0.9997125
activist,activist,0.14773953
activist,activist,0.0005838325
sceptic,sceptic,0.90448195
sceptic,sceptic,0.9912548
sceptic,sceptic,0.9995753
sceptic,sceptic,0.9922144
sceptic,sceptic,0.9997075
activist,activist,0.006097562
activist,activist,0.0010712142
sceptic,sceptic,0.9963642
sceptic,activist,0.2821962
activist,activist,0.0006771942
activist,activist,0.0005603838
activist,activist,0.02727267
activist,activist,0.0035312069
sceptic,sceptic,0.99956185
sceptic,sceptic,0.98667485
sceptic,activist,0.39455083
activist,activist,0.0022694687
activist,activist,0.0018031665
activist,activist,0.30107942
activist,activist,0.0020667946
activist,activist,0.0006918906
activist,sceptic,0.86431044
activist,activist,0.029118354
sceptic,sceptic,0.9617499
activist,activist,0.010776726
activist,activist,0.0018243828
sceptic,sceptic,0.987375
activist,activist,0.00588816
sceptic,sceptic,0.9997209
sceptic,sceptic,0.99970514
sceptic,sceptic,0.99970055
activist,activist,0.0005861161
activist,activist,0.00061064085
sceptic,sceptic,0.9996898
sceptic,sceptic,0.99135584
activist,activist,0.0008509045
sceptic,sceptic,0.9996561
activist,activist,0.0005747862
sceptic,sceptic,0.9997192
activist,activist,0.0047092056
sceptic,activist,0.05350215
sceptic,sceptic,0.97786224
sceptic,sceptic,0.9997069
sceptic,sceptic,0.999731
sceptic,sceptic,0.9997247
sceptic,sceptic,0.9997125
sceptic,sceptic,0.9996699
sceptic,sceptic,0.99784267
activist,activist,0.013821961
activist,activist,0.0012843083
activist,activist,0.0007978335
activist,activist,0.0014437558
sceptic,sceptic,0.99776125
activist,activist,0.012600625
activist,activist,0.17057708
activist,activist,0.0008040859
sceptic,sceptic,0.8113773
activist,activist,0.0012943681
activist,sceptic,0.98535615
activist,activist,0.0005714301
activist,activist,0.0018350843
sceptic,sceptic,0.97546023
activist,activist,0.036562506
sceptic,sceptic,0.9841546
sceptic,sceptic,0.9985191
activist,activist,0.44673982
activist,activist,0.06760823
activist,activist,0.019568678
activist,activist,0.00055494095
activist,activist,0.003937739
activist,activist,0.030185984
sceptic,activist,0.15190639
activist,activist,0.0015700475
sceptic,sceptic,0.8392076
sceptic,sceptic,0.992349
activist,activist,0.0005838325
sceptic,sceptic,0.9996686
sceptic,activist,0.016513688
activist,activist,0.0018386653
sceptic,sceptic,0.964355
sceptic,sceptic,0.9996493
activist,activist,0.0007000407
activist,activist,0.0010142631
sceptic,sceptic,0.99968433
sceptic,sceptic,0.9863105
activist,activist,0.0046727294
activist,activist,0.0007082866
sceptic,sceptic,0.9997358
activist,activist,0.00065254065
activist,activist,0.13500383
sceptic,sceptic,0.987375
activist,activist,0.01605998
sceptic,sceptic,0.98792297
sceptic,activist,0.4322731
sceptic,sceptic,0.99544394
activist,activist,0.000771798
sceptic,sceptic,0.9997316
activist,activist,0.007999754
sceptic,sceptic,0.99918646
activist,activist,0.0009792591
sceptic,sceptic,0.9997408
activist,activist,0.0020269
sceptic,sceptic,0.99393785
sceptic,sceptic,0.9995327
activist,activist,0.001518851
activist,activist,0.0017718029
sceptic,sceptic,0.94197524
sceptic,sceptic,0.99972254
activist,sceptic,0.9977349
activist,activist,0.0013224405
sceptic,sceptic,0.99373454
activist,activist,0.0023688741
sceptic,sceptic,0.99963737
activist,activist,0.0045916834
activist,activist,0.00096033677
sceptic,sceptic,0.99971646
sceptic,sceptic,0.9982993
activist,activist,0.02025469
activist,activist,0.003510649
sceptic,sceptic,0.9961903
sceptic,sceptic,0.8881781
activist,activist,0.0011181936
sceptic,sceptic,0.999723
activist,activist,0.004962942
activist,activist,0.0014664584
activist,activist,0.0019117693
sceptic,sceptic,0.94664603
sceptic,sceptic,0.9997428
activist,activist,0.0010566838
activist,activist,0.0005420927
sceptic,sceptic,0.9840477
sceptic,sceptic,0.9889705
sceptic,activist,0.055515114
sceptic,sceptic,0.99964786
activist,activist,0.0588847
sceptic,sceptic,0.99719906
sceptic,sceptic,0.99969995
sceptic,sceptic,0.9997086
activist,activist,0.11047115
sceptic,activist,0.10248422
sceptic,activist,0.4770269
sceptic,sceptic,0.8824279
activist,activist,0.0018602987
sceptic,sceptic,0.94218844
activist,activist,0.00057703455
sceptic,sceptic,0.99973255
sceptic,sceptic,0.99213856
activist,activist,0.00093811157
activist,activist,0.0012594985
sceptic,sceptic,0.9995827
activist,activist,0.00088649895
sceptic,sceptic,0.9503189
activist,activist,0.0067580864
activist,activist,0.0006190416
sceptic,sceptic,0.9924374
activist,activist,0.40221596
activist,activist,0.0007110568
activist,activist,0.005220126
activist,activist,0.000522355
activist,activist,0.0034698907
sceptic,sceptic,0.9912378
sceptic,activist,0.21378724
activist,activist,0.010189338
activist,activist,0.0007568814
activist,activist,0.0011424494
activist,activist,0.0016198053
activist,activist,0.011732466
sceptic,sceptic,0.9997352
sceptic,sceptic,0.9949886
activist,activist,0.00088477065
sceptic,activist,0.010448625
sceptic,sceptic,0.9801673
activist,sceptic,0.8248149
sceptic,activist,0.48837492
sceptic,sceptic,0.99973255
activist,activist,0.00059071044
sceptic,sceptic,0.99697804
activist,activist,0.45240083
activist,activist,0.083965465
sceptic,sceptic,0.9994887
sceptic,sceptic,0.97175217
activist,activist,0.0010182288
sceptic,sceptic,0.99374664
activist,activist,0.00063495064
sceptic,sceptic,0.9996989
sceptic,sceptic,0.99933076
activist,activist,0.22051026
sceptic,sceptic,0.9995345
activist,activist,0.0026470984
activist,activist,0.00066151744
activist,activist,0.0010566838
sceptic,sceptic,0.8010813
sceptic,sceptic,0.9997408
sceptic,sceptic,0.9997131
activist,sceptic,0.5024948
sceptic,sceptic,0.9997305
sceptic,sceptic,0.9995609
sceptic,sceptic,0.9997198
sceptic,sceptic,0.5006714
sceptic,sceptic,0.9556928
sceptic,sceptic,0.99973255
activist,activist,0.005544146
activist,activist,0.0009491592
sceptic,sceptic,0.99302894
sceptic,sceptic,0.99971646
activist,activist,0.001480828
sceptic,sceptic,0.9947084
activist,activist,0.0026265525
activist,activist,0.00084759004
activist,activist,0.0004907226
activist,activist,0.0017580388
sceptic,sceptic,0.9979048
activist,activist,0.0012113065
activist,sceptic,0.6002909
sceptic,sceptic,0.99971646
activist,activist,0.0006190416
activist,activist,0.0006178345
activist,sceptic,0.66508436
sceptic,sceptic,0.99433607
sceptic,sceptic,0.91086304
activist,activist,0.00055711175
activist,activist,0.0027683857
activist,activist,0.0042151595
sceptic,sceptic,0.9997273
sceptic,sceptic,0.9995652
activist,activist,0.0012594985
activist,activist,0.0020870345
activist,activist,0.002111584
sceptic,sceptic,0.9900636
activist,activist,0.0014924251
activist,activist,0.0008813243
activist,activist,0.0006602275
activist,activist,0.005630962
sceptic,sceptic,0.9997142
activist,activist,0.0040622284
sceptic,sceptic,0.9941004
sceptic,sceptic,0.8894329
sceptic,sceptic,0.9500878
activist,activist,0.0013696945
activist,activist,0.0042729364
activist,activist,0.0010202174
sceptic,sceptic,0.89302987
sceptic,sceptic,0.99929035
activist,activist,0.0107351625
sceptic,sceptic,0.9997408
sceptic,activist,0.09709035
activist,activist,0.0028338498
sceptic,activist,0.42953405
sceptic,sceptic,0.99972516
sceptic,sceptic,0.9997209
sceptic,sceptic,0.74761593
activist,activist,0.00061422714
activist,activist,0.002923543
activist,activist,0.0018031665
activist,activist,0.002883959
sceptic,sceptic,0.99972624
activist,activist,0.0005452766
sceptic,sceptic,0.99342304
activist,activist,0.0010987311
activist,activist,0.00055494095
activist,activist,0.0016517006
sceptic,sceptic,0.9071478
activist,activist,0.057705317
activist,activist,0.020061804
sceptic,sceptic,0.99776125
sceptic,sceptic,0.99403125
sceptic,sceptic,0.99973255
activist,activist,0.020645931
activist,activist,0.0012448432
sceptic,sceptic,0.99242276
activist,activist,0.006930672
activist,activist,0.000593021
sceptic,sceptic,0.9997305
activist,activist,0.0023231625
activist,activist,0.00060000725
activist,activist,0.0016646334
sceptic,sceptic,0.9964551
sceptic,sceptic,0.9997181
activist,activist,0.009764973
sceptic,sceptic,0.9994887
sceptic,sceptic,0.9997336
activist,activist,0.0077555366
activist,activist,0.00081673806
sceptic,sceptic,0.99411184
sceptic,sceptic,0.99973935
activist,activist,0.36147457
sceptic,sceptic,0.9996768
sceptic,sceptic,0.9971661
activist,activist,0.0027900375
activist,sceptic,0.9448931
sceptic,sceptic,0.98065484
sceptic,sceptic,0.9853984
sceptic,sceptic,0.9997137
sceptic,sceptic,0.9997198
sceptic,sceptic,0.7126323
activist,activist,0.31095588
activist,activist,0.44957763
activist,activist,0.0008231385
sceptic,sceptic,0.8100285
sceptic,sceptic,0.9352874
activist,activist,0.0011116682
activist,activist,0.0010242065
activist,activist,0.011823394
activist,activist,0.00072365726
activist,activist,0.012870749
sceptic,sceptic,0.9991117
activist,activist,0.00068785116
sceptic,sceptic,0.9911355
activist,activist,0.00060589175
sceptic,sceptic,0.9957188
sceptic,sceptic,0.96903247
activist,activist,0.0018712104
activist,activist,0.37493375
activist,activist,0.25767168
sceptic,activist,0.008950711
sceptic,sceptic,0.9954615
sceptic,sceptic,0.9996207
sceptic,sceptic,0.9997439
activist,activist,0.0005636751
activist,sceptic,0.96131647
sceptic,sceptic,0.99967504
activist,activist,0.00069054146
activist,activist,0.0017856744
sceptic,sceptic,0.99951124
activist,activist,0.0009092752
sceptic,sceptic,0.9684709
sceptic,sceptic,0.9997241
activist,activist,0.0006094501
activist,activist,0.006917242
sceptic,sceptic,0.99972194
activist,activist,0.011574996
sceptic,sceptic,0.99971706
sceptic,sceptic,0.9993013
activist,activist,0.0007110568
activist,activist,0.00084759004
activist,activist,0.0006374342
sceptic,sceptic,0.98722816
sceptic,sceptic,0.99974185
sceptic,activist,0.005763727
activist,sceptic,0.9733675
sceptic,sceptic,0.99861145
activist,activist,0.00063495064
sceptic,sceptic,0.6977634
sceptic,sceptic,0.99938214
activist,activist,0.30663085
activist,activist,0.092523664
activist,activist,0.0029521482
sceptic,sceptic,0.9997247
activist,activist,0.000854232
activist,activist,0.0018566754
sceptic,sceptic,0.9997316
sceptic,sceptic,0.9989309
activist,activist,0.0010182288
sceptic,sceptic,0.99631435
sceptic,sceptic,0.9908213
activist,activist,0.0006263342
activist,activist,0.015693791
sceptic,sceptic,0.9997125
activist,activist,0.01214717
activist,sceptic,0.9941233
activist,activist,0.0018458483
activist,activist,0.3312279
activist,activist,0.008762129
sceptic,sceptic,0.99559206
activist,activist,0.00058042357
activist,sceptic,0.97923523
activist,activist,0.0014437558
activist,sceptic,0.9071478
sceptic,sceptic,0.9995234
activist,sceptic,0.9874479
activist,activist,0.00075836
activist,activist,0.049497057
sceptic,sceptic,0.9949397
sceptic,activist,0.4442257
activist,activist,0.011288074
activist,activist,0.0007041515
sceptic,sceptic,0.99871826
activist,activist,0.010150015
sceptic,sceptic,0.9996724
sceptic,activist,0.042048376
sceptic,sceptic,0.99545276
activist,activist,0.0010122862
sceptic,sceptic,0.98096734
activist,activist,0.004848533
sceptic,sceptic,0.745954
activist,activist,0.0005517006
sceptic,sceptic,0.9960622
activist,activist,0.0054059
activist,activist,0.017409043
activist,sceptic,0.98544043
activist,activist,0.000603531
activist,sceptic,0.6826266
sceptic,sceptic,0.9997236
sceptic,sceptic,0.9906419
activist,sceptic,0.9694401
sceptic,sceptic,0.99972516
activist,activist,0.000559291
activist,activist,0.0026163394
activist,activist,0.0009622126
sceptic,sceptic,0.97110176
activist,activist,0.0030693877
sceptic,activist,0.008830246
activist,activist,0.0014437558
sceptic,sceptic,0.99343574
activist,activist,0.0014982575
activist,activist,0.00058955856
sceptic,sceptic,0.8332567
activist,activist,0.0010083435
activist,activist,0.0004955359
activist,activist,0.0008642928
sceptic,sceptic,0.99709916
activist,activist,0.0009181901
sceptic,sceptic,0.66426814
sceptic,sceptic,0.9979048
sceptic,sceptic,0.9982522
activist,activist,0.0007748164
activist,activist,0.010013569
sceptic,sceptic,0.9995956
activist,activist,0.0018031665
activist,activist,0.00045297577
activist,activist,0.00047193223
sceptic,sceptic,0.9635748
activist,activist,0.36006704
sceptic,sceptic,0.9969663
sceptic,sceptic,0.9940659
sceptic,sceptic,0.9997131
activist,activist,0.00047377846
activist,activist,0.0021615503
activist,activist,0.0007687913
activist,sceptic,0.50949746
sceptic,sceptic,0.9956262
sceptic,sceptic,0.9997508
sceptic,sceptic,0.99914074
sceptic,sceptic,0.99961853
sceptic,sceptic,0.9905874
sceptic,sceptic,0.99972945
sceptic,sceptic,0.99932814
activist,activist,0.10388491
sceptic,sceptic,0.99256825
sceptic,sceptic,0.9184803
activist,activist,0.00068250194
activist,activist,0.0009092752
activist,activist,0.001016244
sceptic,sceptic,0.99909246
activist,activist,0.00381705
sceptic,sceptic,0.97792566
sceptic,sceptic,0.9973322
activist,activist,0.021718835
sceptic,sceptic,0.7211054
sceptic,sceptic,0.99947053
activist,activist,0.0012255674
sceptic,activist,0.036977552
activist,activist,0.0014131119
sceptic,sceptic,0.9872528
activist,activist,0.0029636684
sceptic,sceptic,0.99936634
sceptic,activist,0.005050508
sceptic,sceptic,0.97796774
sceptic,sceptic,0.97419035
activist,activist,0.12700157
activist,sceptic,0.9723622
sceptic,sceptic,0.9996513
sceptic,sceptic,0.9994012
sceptic,activist,0.41278163
activist,activist,0.0011626856
activist,activist,0.0012497094
sceptic,sceptic,0.98225373
sceptic,sceptic,0.8073847
sceptic,sceptic,0.99066
sceptic,sceptic,0.99971706
sceptic,sceptic,0.9911698
sceptic,sceptic,0.9991272
sceptic,sceptic,0.99973255
sceptic,sceptic,0.99971753
sceptic,sceptic,0.8087479
activist,activist,0.00088823045
sceptic,sceptic,0.9996983
sceptic,sceptic,0.9993687
activist,sceptic,0.8839893
activist,activist,0.0005714301
activist,sceptic,0.89706576
activist,activist,0.0028783479
sceptic,sceptic,0.9997029
sceptic,sceptic,0.9995753
activist,activist,0.0011424494
activist,activist,0.0012594985
sceptic,sceptic,0.99356186
activist,activist,0.0017173839
activist,sceptic,0.6276089
activist,activist,0.00063495064
activist,activist,0.017045317
sceptic,sceptic,0.9787533
sceptic,sceptic,0.9986249
sceptic,sceptic,0.9824905
sceptic,sceptic,0.77805966
sceptic,activist,0.04831607
activist,activist,0.016947424
activist,activist,0.0061570317
activist,activist,0.0045384313
activist,activist,0.03289904
sceptic,sceptic,0.99971086
activist,activist,0.27761984
activist,activist,0.0043653254
activist,sceptic,0.94402224
sceptic,sceptic,0.938576
sceptic,activist,0.021553464
activist,activist,0.0005243984
activist,activist,0.009689717
activist,sceptic,0.6487446
activist,activist,0.0007264875
activist,sceptic,0.8626991
sceptic,sceptic,0.99960953
activist,activist,0.0012136718
activist,activist,0.0009217804
sceptic,sceptic,0.9996567
sceptic,sceptic,0.87525487
sceptic,sceptic,0.9997063
activist,activist,0.00069595367
sceptic,sceptic,0.9997408
activist,activist,0.0013070537
activist,activist,0.0046909326
activist,activist,0.0022606407
activist,activist,0.0017649074
activist,activist,0.0020427648
sceptic,sceptic,0.9203613
sceptic,sceptic,0.99971086
activist,activist,0.0004503306
activist,activist,0.0025261848
activist,activist,0.03330537
sceptic,sceptic,0.98076576
activist,activist,0.0032287638
sceptic,sceptic,0.8092006
sceptic,sceptic,0.9997198
activist,activist,0.007651032
activist,activist,0.0027044294
sceptic,sceptic,0.99973255
sceptic,sceptic,0.99884856
sceptic,sceptic,0.9995327
activist,activist,0.019456575
sceptic,sceptic,0.8866169
activist,activist,0.0012303581
sceptic,activist,0.010818449
activist,sceptic,0.7525585
sceptic,activist,0.28194898
sceptic,sceptic,0.9993724
sceptic,activist,0.0027629985
sceptic,sceptic,0.9997098
activist,activist,0.000578162
activist,sceptic,0.93463415
sceptic,sceptic,0.99967945
sceptic,sceptic,0.9997367
sceptic,sceptic,0.9997358
activist,activist,0.068912506
activist,activist,0.0038393948
sceptic,sceptic,0.718051
activist,activist,0.0038844768
sceptic,sceptic,0.9753196
sceptic,sceptic,0.9997181
activist,activist,0.00062146306
activist,activist,0.0006178345
activist,activist,0.004848533
activist,activist,0.00048595612
activist,activist,0.0024726235
sceptic,sceptic,0.99494946
activist,activist,0.0028393746
sceptic,sceptic,0.99945253
sceptic,sceptic,0.9996737
sceptic,sceptic,0.99971026
sceptic,sceptic,0.7954198
activist,activist,0.00052337564
activist,sceptic,0.98662347
sceptic,sceptic,0.9997069
sceptic,sceptic,0.99968255
activist,activist,0.23118001
sceptic,sceptic,0.9997142
sceptic,sceptic,0.99972194
activist,activist,0.0005692035
sceptic,sceptic,0.9997187
activist,activist,0.0016875096
sceptic,sceptic,0.9997398
sceptic,sceptic,0.9997029
sceptic,sceptic,0.9533619
sceptic,sceptic,0.9997508
sceptic,sceptic,0.99941504
activist,activist,0.17974643
sceptic,sceptic,0.99963737
sceptic,sceptic,0.9811669
sceptic,sceptic,0.999433
activist,activist,0.0011832798
sceptic,activist,0.04488975
activist,activist,0.0005815577
sceptic,sceptic,0.98672616
activist,activist,0.0016103574
activist,activist,0.0010649626
activist,activist,0.00046280847
activist,activist,0.0018602987
activist,activist,0.001690803
activist,activist,0.005230278
activist,activist,0.0014158707
sceptic,sceptic,0.84195566
activist,activist,0.007999754
activist,activist,0.017143767
sceptic,sceptic,0.99914074
activist,activist,0.00588816
activist,activist,0.005149607
activist,activist,0.00062146306
sceptic,sceptic,0.94781744
sceptic,sceptic,0.69884354
sceptic,sceptic,0.58587146
activist,activist,0.11797801
activist,activist,0.008560892
sceptic,activist,0.0024726235
sceptic,sceptic,0.9974885
activist,activist,0.001133569
sceptic,sceptic,0.96771675
activist,activist,0.0009092752
activist,activist,0.00067324063
activist,activist,0.0012521496
sceptic,sceptic,0.99611557
activist,activist,0.0020507437
activist,activist,0.011309892
sceptic,sceptic,0.8512741
activist,activist,0.056913942
sceptic,sceptic,0.9912039
activist,activist,0.05802475
activist,sceptic,0.9989309
activist,activist,0.0019646615
sceptic,sceptic,0.9997023
sceptic,sceptic,0.97702265
sceptic,sceptic,0.9996388
activist,activist,0.00795339
sceptic,sceptic,0.9936487
sceptic,sceptic,0.99972624
activist,activist,0.013415324
sceptic,sceptic,0.9993773
sceptic,sceptic,0.9877823
sceptic,sceptic,0.9981863
activist,activist,0.022222439
sceptic,sceptic,0.9967397
sceptic,sceptic,0.9582261
activist,activist,0.062445294
activist,activist,0.0007293288
sceptic,sceptic,0.9024378
activist,activist,0.0028449094
sceptic,sceptic,0.9993411
sceptic,sceptic,0.9991424
activist,activist,0.006073935
activist,activist,0.42152578
sceptic,sceptic,0.9997023
activist,activist,0.0048674173
activist,activist,0.00063495064
activist,activist,0.0033569518
activist,sceptic,0.74516666
activist,activist,0.1379384
activist,sceptic,0.8607792
activist,activist,0.066629894
activist,activist,0.003707253
sceptic,sceptic,0.9996699
activist,activist,0.00063124346
activist,activist,0.008881674
sceptic,sceptic,0.99543506
activist,activist,0.00212811
sceptic,sceptic,0.99038494
sceptic,sceptic,0.93115014
sceptic,sceptic,0.9996567
activist,activist,0.011419616
sceptic,sceptic,0.9961606
sceptic,sceptic,0.6681228
sceptic,sceptic,0.9997358
activist,activist,0.2224467
sceptic,sceptic,0.999723
sceptic,sceptic,0.99936634
sceptic,sceptic,0.9997347
sceptic,sceptic,0.9921537
sceptic,sceptic,0.99972516
sceptic,sceptic,0.95540243
sceptic,sceptic,0.99972254
activist,activist,0.0008796062
activist,activist,0.008030812
activist,activist,0.0005399804
sceptic,sceptic,0.874292
activist,activist,0.0005203196
sceptic,sceptic,0.9996699
activist,activist,0.0019839033
activist,sceptic,0.9836912
sceptic,sceptic,0.9996493
activist,activist,0.3426265
sceptic,sceptic,0.9993487
activist,activist,0.0035174885
activist,activist,0.0018137436
sceptic,sceptic,0.95679593
activist,activist,0.0011446805
sceptic,sceptic,0.99939287
activist,activist,0.0005680935
sceptic,sceptic,0.9930559
activist,activist,0.028925719
sceptic,sceptic,0.92523
activist,activist,0.015394919
sceptic,sceptic,0.5910448
activist,activist,0.00096597493
sceptic,sceptic,0.94844174
sceptic,sceptic,0.9997187
activist,activist,0.00053578056
sceptic,sceptic,0.9856076
sceptic,sceptic,0.6219428
activist,activist,0.14039516
sceptic,activist,0.2726051
sceptic,activist,0.028060742
activist,activist,0.0011740823
sceptic,sceptic,0.99060565
activist,activist,0.031291503
sceptic,sceptic,0.99941623
sceptic,activist,0.050144248
activist,activist,0.018281797
activist,activist,0.0007568814
sceptic,sceptic,0.99972624
activist,activist,0.0008183336
activist,activist,0.00095659646
sceptic,sceptic,0.9859364
sceptic,sceptic,0.8940517
activist,activist,0.0010880652
activist,activist,0.00055494095
sceptic,sceptic,0.98518616
activist,activist,0.0018172832
activist,activist,0.0014721894
sceptic,sceptic,0.9997273
sceptic,sceptic,0.9971827
activist,activist,0.0006411777
sceptic,sceptic,0.9990854
sceptic,sceptic,0.83514774
sceptic,sceptic,0.99190676
sceptic,sceptic,0.9989309
sceptic,sceptic,0.99973315
sceptic,sceptic,0.9996959
activist,activist,0.003476651
activist,activist,0.03448853
activist,activist,0.0018639286
activist,activist,0.032744043
activist,activist,0.00079317606
activist,activist,0.0009966077
sceptic,activist,0.48348454
activist,activist,0.45609936
sceptic,activist,0.35812852
sceptic,activist,0.45622808
sceptic,sceptic,0.9996699
sceptic,sceptic,0.9193534
sceptic,sceptic,0.9885361
activist,activist,0.00052747846
activist,activist,0.0032666994
activist,activist,0.0004197671
activist,activist,0.00085924764
activist,activist,0.0037434977
sceptic,sceptic,0.66652393
sceptic,sceptic,0.9944988
sceptic,sceptic,0.71383077
activist,activist,0.0012375797
activist,activist,0.0009057334
activist,activist,0.14366761
sceptic,sceptic,0.9745319
sceptic,sceptic,0.89606965
sceptic,sceptic,0.5908087
activist,activist,0.0030160663
sceptic,sceptic,0.99901116
sceptic,sceptic,0.9997187
activist,activist,0.09097748
activist,activist,0.0335895
sceptic,sceptic,0.98056203
sceptic,sceptic,0.94839406
activist,activist,0.00075984147
activist,activist,0.0004869057
activist,activist,0.001638868
sceptic,sceptic,0.99955755
activist,activist,0.0006449432
activist,activist,0.00058955856
sceptic,sceptic,0.99972576
activist,activist,0.019531237
activist,activist,0.002923543
activist,activist,0.007446194
activist,activist,0.0005953407
sceptic,sceptic,0.99970573
activist,activist,0.00063495064
sceptic,sceptic,0.9997347
sceptic,sceptic,0.99766326
activist,activist,0.0043653254
activist,activist,0.0019117693
activist,activist,0.007176882
activist,activist,0.00085924764
sceptic,sceptic,0.9784877
activist,sceptic,0.9582651
sceptic,sceptic,0.9997428
sceptic,sceptic,0.9993175
activist,activist,0.008061991
activist,activist,0.016029146
activist,activist,0.0027522563
sceptic,activist,0.0056969603
activist,activist,0.007651032
activist,activist,0.00062511285
activist,activist,0.001194878
activist,activist,0.00077633
activist,activist,0.0024249142
sceptic,sceptic,0.93263763
activist,sceptic,0.99709344
activist,activist,0.000796278
sceptic,sceptic,0.9948303
sceptic,sceptic,0.9737945
activist,activist,0.0033504234
activist,activist,0.07004896
activist,activist,0.0005861161
activist,activist,0.004030743
activist,activist,0.0010712142
sceptic,sceptic,0.99821436
activist,activist,0.007984269
sceptic,sceptic,0.9230392
sceptic,sceptic,0.9974788
sceptic,activist,0.40196654
activist,activist,0.005641909
sceptic,sceptic,0.99973255
sceptic,sceptic,0.9997142
sceptic,sceptic,0.99677116
sceptic,sceptic,0.99972683
activist,sceptic,0.68215036
activist,activist,0.00087789143
sceptic,sceptic,0.9997459
activist,activist,0.001530745
sceptic,activist,0.0075333063
activist,activist,0.0060152626
activist,activist,0.0019877742
sceptic,sceptic,0.99863833
sceptic,sceptic,0.9520419
activist,activist,0.0005152657
activist,activist,0.0008247465
activist,activist,0.0006202512
sceptic,sceptic,0.99953806
sceptic,sceptic,0.9840783
activist,activist,0.0010122862
sceptic,sceptic,0.9997247
sceptic,sceptic,0.6044281
activist,activist,0.0004897656
activist,activist,0.00081355654
sceptic,sceptic,0.99972945
sceptic,sceptic,0.8449855
sceptic,activist,0.44097325
activist,activist,0.00059071044
sceptic,sceptic,0.9997063
activist,sceptic,0.93349147
activist,activist,0.0011160143
activist,activist,0.0010044163
sceptic,sceptic,0.9466954
activist,activist,0.016979992
activist,activist,0.0014664584
sceptic,sceptic,0.9992084
sceptic,sceptic,0.999729
activist,activist,0.0017274586
activist,activist,0.0005692035
activist,activist,0.007876707
sceptic,sceptic,0.99891615
sceptic,sceptic,0.53065693
sceptic,sceptic,0.99972945
activist,activist,0.0005815577
activist,activist,0.0065261493
activist,activist,0.11506276
sceptic,activist,0.25344506
sceptic,sceptic,0.86130506
sceptic,sceptic,0.99973255
activist,activist,0.001582342
activist,activist,0.00091640017
sceptic,sceptic,0.99908006
activist,activist,0.011419616
sceptic,sceptic,0.69357675
sceptic,sceptic,0.9996947
activist,activist,0.00077784655
sceptic,sceptic,0.99333304
sceptic,sceptic,0.9997029
sceptic,activist,0.1777395
sceptic,sceptic,0.9997284
sceptic,sceptic,0.99960333
activist,activist,0.20410384
activist,activist,0.0038618704
activist,activist,0.0005399804
activist,activist,0.00076281314
activist,sceptic,0.9889705
activist,sceptic,0.93158704
activist,activist,0.0022126965
sceptic,sceptic,0.99933076
sceptic,activist,0.32172632
activist,activist,0.00066670234
sceptic,sceptic,0.99890125
sceptic,sceptic,0.99965405
sceptic,sceptic,0.983343
sceptic,sceptic,0.9374402
sceptic,sceptic,0.64498013
sceptic,sceptic,0.9997241
sceptic,sceptic,0.9997063
activist,activist,0.0006374342
activist,activist,0.0085443305
activist,activist,0.0023096215
activist,activist,0.0018748618
sceptic,activist,0.003538086
activist,activist,0.00066151744
sceptic,sceptic,0.94891727
activist,activist,0.0023231625
activist,activist,0.0014353332
sceptic,sceptic,0.9712657
activist,activist,0.0015070488
sceptic,sceptic,0.96792966
sceptic,sceptic,0.99969935
activist,activist,0.023644341
sceptic,sceptic,0.99971026
sceptic,sceptic,0.9996923
sceptic,sceptic,0.99973625
activist,activist,0.000796278
sceptic,sceptic,0.9997029
sceptic,sceptic,0.99371004
sceptic,sceptic,0.99525404
activist,activist,0.00047656128
sceptic,sceptic,0.7332131
activist,activist,0.026581826
activist,activist,0.42348778
sceptic,sceptic,0.9989077
activist,activist,0.0008072305
sceptic,sceptic,0.9997336
sceptic,sceptic,0.98803884
activist,activist,0.017242776
activist,activist,0.0028783479
sceptic,sceptic,0.98123896
activist,activist,0.057440385
activist,activist,0.020023443
sceptic,sceptic,0.9997187
sceptic,sceptic,0.9996302
sceptic,sceptic,0.99972624
sceptic,sceptic,0.99871826
activist,activist,0.0013198635
activist,activist,0.0083967
sceptic,sceptic,0.9622497
activist,activist,0.007232764
activist,activist,0.000423058
sceptic,sceptic,0.9989267
sceptic,sceptic,0.9581087
sceptic,sceptic,0.98521465
sceptic,sceptic,0.9522199
sceptic,sceptic,0.95379424
activist,activist,0.22151904
activist,activist,0.0005527786
activist,activist,0.0010525686
sceptic,sceptic,0.92468774
activist,activist,0.0006462033
sceptic,sceptic,0.999723
sceptic,sceptic,0.99843305
sceptic,sceptic,0.9920002
activist,activist,0.0009004467
activist,activist,0.00053787645
activist,activist,0.0007279067
activist,activist,0.0012793075
activist,activist,0.16626889
activist,activist,0.00080880744
sceptic,sceptic,0.8715296
activist,activist,0.0124797
sceptic,sceptic,0.9482025
sceptic,activist,0.44409007
activist,activist,0.033621218
activist,activist,0.0047183693
sceptic,sceptic,0.9997423
activist,activist,0.0006811711
activist,activist,0.0011740823
sceptic,activist,0.013742321
sceptic,sceptic,0.96912026
activist,activist,0.0005102608
activist,activist,0.001375048
sceptic,sceptic,0.98302
activist,activist,0.00091640017
sceptic,sceptic,0.9997316
activist,activist,0.36489072
sceptic,sceptic,0.9997273
sceptic,sceptic,0.99970514
sceptic,sceptic,0.99960953
activist,activist,0.029958114
activist,activist,0.0013511209
sceptic,sceptic,0.9997316
sceptic,sceptic,0.9885361
activist,activist,0.15304215
sceptic,sceptic,0.99975175
activist,activist,0.003524341
activist,activist,0.016121823
activist,activist,0.1552705
activist,activist,0.002225671
activist,activist,0.0023141266
activist,activist,0.030967515
activist,activist,0.0026061658
sceptic,activist,0.43261763
sceptic,sceptic,0.9963642
sceptic,sceptic,0.9465473
activist,activist,0.0020951857
sceptic,sceptic,0.99720997
sceptic,sceptic,0.99657035
activist,activist,0.053849377
sceptic,activist,0.020449396
activist,activist,0.10275401
sceptic,sceptic,0.9758546
activist,activist,0.31137452
activist,activist,0.0005442133
sceptic,sceptic,0.8248855
activist,activist,0.028007522
activist,activist,0.0006851713
sceptic,sceptic,0.9772191
activist,sceptic,0.6989463
sceptic,sceptic,0.998345
activist,activist,0.0005043191
activist,activist,0.0025212683
sceptic,sceptic,0.9993162
activist,activist,0.0011581581
sceptic,sceptic,0.99764496
activist,activist,0.18227993
sceptic,activist,0.467271
sceptic,activist,0.04111437
sceptic,sceptic,0.9744348
sceptic,sceptic,0.99972194
sceptic,sceptic,0.9911011
activist,activist,0.005250641
activist,activist,0.35824078
sceptic,sceptic,0.9858549
sceptic,sceptic,0.98302
sceptic,activist,0.01447569
activist,activist,0.0018422535
sceptic,sceptic,0.9076811
activist,activist,0.0037000459
sceptic,sceptic,0.9985134
activist,activist,0.0004305571
sceptic,sceptic,0.9997398
activist,activist,0.0031788659
sceptic,activist,0.084947094
sceptic,sceptic,0.9867005
activist,activist,0.016833909
sceptic,sceptic,0.99973255
sceptic,sceptic,0.99968374
activist,activist,0.004281255
sceptic,sceptic,0.7946241
sceptic,activist,0.11981949
activist,activist,0.0004664366
activist,activist,0.00063495064
activist,activist,0.0007657964
sceptic,sceptic,0.7718435
sceptic,sceptic,0.9996309
sceptic,sceptic,0.7917406
sceptic,activist,0.0018969199
activist,activist,0.00075540564
activist,activist,0.0045208177
sceptic,sceptic,0.9811307
sceptic,sceptic,0.9000915
activist,activist,0.005240449
sceptic,sceptic,0.99379504
activist,activist,0.0011402229
activist,activist,0.009467379
activist,activist,0.00055385876
activist,activist,0.0094490815
activist,activist,0.0012375797
activist,activist,0.005080037
activist,activist,0.056496058
activist,activist,0.0040385914
activist,activist,0.009250097
activist,activist,0.023219766
sceptic,sceptic,0.99971145
activist,activist,0.37751198
sceptic,activist,0.03850233
activist,activist,0.16749083
activist,activist,0.0005680935
sceptic,sceptic,0.88612515
activist,activist,0.47275954
activist,activist,0.0006178345
activist,activist,0.0012231792
activist,activist,0.000603531
activist,activist,0.000522355
sceptic,sceptic,0.9918121
activist,activist,0.00066800485
activist,activist,0.017275907
sceptic,sceptic,0.9995963
sceptic,sceptic,0.9945201
activist,activist,0.004348382
activist,activist,0.00071802974
activist,activist,0.001133569
sceptic,sceptic,0.58593065
activist,activist,0.00084759004
activist,activist,0.0005102608
activist,activist,0.00085590064
activist,activist,0.0019117693
sceptic,sceptic,0.99951684
activist,activist,0.0009622126
activist,activist,0.29558563
activist,activist,0.00068785116
activist,activist,0.0013147246
activist,activist,0.0007672925
sceptic,sceptic,0.93349147
sceptic,sceptic,0.9990582
sceptic,sceptic,0.9970708
sceptic,sceptic,0.9997279
activist,activist,0.00075836
sceptic,sceptic,0.9997241
activist,activist,0.001030219
sceptic,sceptic,0.9997187
activist,activist,0.003976228
activist,activist,0.048721816
activist,activist,0.0004322415
sceptic,sceptic,0.9997011
activist,activist,0.014117894
sceptic,sceptic,0.97752154
sceptic,sceptic,0.92529744
activist,activist,0.0011380006
sceptic,sceptic,0.7507356
activist,activist,0.007190812
sceptic,sceptic,0.8153795
activist,activist,0.08889936
activist,activist,0.00062389387
activist,activist,0.003714474
sceptic,activist,0.34114337
sceptic,sceptic,0.9894907
activist,activist,0.0009622126
sceptic,sceptic,0.55545783
sceptic,sceptic,0.98975134
activist,activist,0.0023322338
sceptic,activist,0.0992954
activist,sceptic,0.9962419
activist,activist,0.017475989
activist,activist,0.1567492
activist,activist,0.0010944521
activist,activist,0.01335085
sceptic,sceptic,0.9962419
activist,activist,0.12368281
activist,activist,0.003976228
activist,activist,0.000532652
sceptic,activist,0.24068536
sceptic,sceptic,0.99971205
sceptic,sceptic,0.9907141
sceptic,sceptic,0.99973255
sceptic,sceptic,0.9957848
activist,activist,0.0007055272
sceptic,sceptic,0.98223674
activist,sceptic,0.52020687
activist,activist,0.0009235809
activist,activist,0.00096597493
sceptic,sceptic,0.99939525
activist,activist,0.0013045068
activist,activist,0.0039148238
activist,activist,0.00040211933
activist,activist,0.0007870084
activist,activist,0.0007000407
activist,activist,0.00074661145
activist,sceptic,0.99772614
activist,activist,0.0007613259
activist,activist,0.0012351678
sceptic,sceptic,0.99541724
sceptic,sceptic,0.9994867
activist,activist,0.118691206
sceptic,activist,0.45258886
activist,activist,0.49977112
activist,sceptic,0.56184596
activist,activist,0.00045563653
sceptic,sceptic,0.9995908
sceptic,sceptic,0.9997398
sceptic,sceptic,0.7834919
activist,activist,0.0014866153
sceptic,sceptic,0.92696756
activist,activist,0.0006154273
sceptic,sceptic,0.97673583
activist,activist,0.000854232
sceptic,sceptic,0.9982039
sceptic,sceptic,0.9992649
activist,activist,0.0007307537
activist,activist,0.0005003964
activist,activist,0.0013966716
activist,activist,0.003503823
sceptic,sceptic,0.89414424
activist,activist,0.00052747846
activist,activist,0.0009128307
activist,activist,0.0012994274
sceptic,sceptic,0.9994956
activist,activist,0.00078088854
sceptic,sceptic,0.99971706
sceptic,sceptic,0.9566747
sceptic,sceptic,0.99877685
activist,activist,0.0013250223
activist,activist,0.0019570168
activist,activist,0.009615036
sceptic,activist,0.1666076
activist,activist,0.0036216858
sceptic,sceptic,0.74747777
sceptic,sceptic,0.9996965
sceptic,sceptic,0.99972945
sceptic,sceptic,0.9935868
sceptic,sceptic,0.92590266
activist,activist,0.0016356753
sceptic,sceptic,0.9968273
activist,activist,0.0006374342
sceptic,sceptic,0.9996486
activist,activist,0.021165619
activist,activist,0.00047193223
activist,sceptic,0.9845458
activist,activist,0.001867566
activist,activist,0.0005792917
activist,activist,0.00044682765
sceptic,sceptic,0.9997459
activist,activist,0.0004100472
activist,activist,0.13898684
sceptic,sceptic,0.99971205
activist,activist,0.00102221
activist,activist,0.0028504555
activist,sceptic,0.81909883
activist,activist,0.0007687913
activist,activist,0.0005243984
activist,activist,0.00109019
sceptic,sceptic,0.9991135
sceptic,sceptic,0.99101454
sceptic,sceptic,0.99969935
sceptic,sceptic,0.9996977
sceptic,sceptic,0.99970514
sceptic,sceptic,0.9997367
sceptic,sceptic,0.5903955
activist,activist,0.0005132578
activist,activist,0.0004916815
activist,activist,0.001622967
sceptic,sceptic,0.9990207
sceptic,sceptic,0.9071478
sceptic,sceptic,0.997414
sceptic,sceptic,0.7415804
activist,activist,0.00066670234
activist,activist,0.009878942
sceptic,activist,0.34914428
sceptic,sceptic,0.9948001
sceptic,activist,0.35706297
sceptic,sceptic,0.72056496
activist,activist,0.01566365
activist,activist,0.0005614787
sceptic,sceptic,0.9988167
activist,activist,0.006205023
activist,activist,0.0025960316
activist,activist,0.00092900335
activist,activist,0.0012693644
activist,activist,0.06797852
activist,activist,0.04672496
activist,activist,0.0006563728
activist,activist,0.0004926423
activist,activist,0.0013643618
sceptic,sceptic,0.9997125
activist,activist,0.002822833
activist,activist,0.0017752607
sceptic,sceptic,0.9389689
activist,activist,0.0019117693
sceptic,sceptic,0.9997383
activist,activist,0.0016809416
sceptic,sceptic,0.98986953
activist,activist,0.002458213
sceptic,sceptic,0.9966036
activist,activist,0.00095473166
sceptic,sceptic,0.98913974
activist,activist,0.00059071044
sceptic,sceptic,0.92064714
sceptic,sceptic,0.98667485
activist,activist,0.00096597493
sceptic,sceptic,0.5872331
sceptic,sceptic,0.99968684
activist,sceptic,0.9638481
sceptic,sceptic,0.9994116
activist,activist,0.025443858
activist,activist,0.002119831
activist,activist,0.00048217614
sceptic,sceptic,0.9989778
sceptic,sceptic,0.99964166
activist,activist,0.0016135006
sceptic,sceptic,0.9890343
activist,activist,0.011938039
activist,activist,0.00102221
activist,activist,0.38352585
sceptic,sceptic,0.9837225
activist,activist,0.0007748164
activist,activist,0.00058955856
activist,activist,0.0004840624
sceptic,sceptic,0.99950826
sceptic,sceptic,0.9956006
sceptic,sceptic,0.99969935
activist,activist,0.0006589401
activist,activist,0.018229289
sceptic,sceptic,0.9828892
sceptic,activist,0.2578585
activist,activist,0.3318772
sceptic,sceptic,0.9992461
sceptic,sceptic,0.97800976
activist,activist,0.0029752331
activist,activist,0.088662356
sceptic,sceptic,0.99622726
sceptic,sceptic,0.99946004
sceptic,sceptic,0.9915216
activist,activist,0.0010484692
activist,activist,0.00054634205
activist,activist,0.001827943
activist,activist,0.00063001254
activist,activist,0.09556027
sceptic,sceptic,0.99961406
sceptic,sceptic,0.9996486
activist,activist,0.00067587383
sceptic,sceptic,0.9997187
sceptic,sceptic,0.9996983
activist,activist,0.0674852
activist,activist,0.0014076104
activist,activist,0.0007702932
activist,sceptic,0.5698826
activist,activist,0.005533388
sceptic,sceptic,0.99955755
sceptic,sceptic,0.9976357
sceptic,sceptic,0.9675024
sceptic,sceptic,0.9729081
sceptic,sceptic,0.9997279
activist,activist,0.0005132578
activist,activist,0.00135905
activist,activist,0.0020829707
sceptic,sceptic,0.88856554
sceptic,sceptic,0.9764232
sceptic,sceptic,0.9996125
sceptic,activist,0.2987982
activist,activist,0.0006202512
sceptic,sceptic,0.99968624
sceptic,sceptic,0.9868787
activist,activist,0.0010083435
activist,activist,0.0013354007
activist,activist,0.024007747
sceptic,sceptic,0.9997358
sceptic,sceptic,0.99910307
activist,activist,0.007907292
activist,activist,0.003869391
activist,activist,0.0004124559
activist,activist,0.018457891
activist,activist,0.28676808
sceptic,sceptic,0.99956006
activist,activist,0.008494837
sceptic,sceptic,0.99935883
activist,activist,0.0032858336
activist,activist,0.025130948
sceptic,sceptic,0.9694979
sceptic,sceptic,0.99619776
activist,activist,0.00135905
activist,sceptic,0.8817677
sceptic,sceptic,0.99390244
sceptic,sceptic,0.93403506
sceptic,sceptic,0.99972516
sceptic,sceptic,0.98498523
sceptic,sceptic,0.6951311
activist,activist,0.008660931
activist,activist,0.007232764
activist,activist,0.0016875096
activist,activist,0.0012303581
sceptic,sceptic,0.98155975
sceptic,sceptic,0.9977216
activist,activist,0.00075540564
activist,activist,0.0010525686
activist,activist,0.00041894842
sceptic,sceptic,0.9997241
sceptic,sceptic,0.9175984
activist,activist,0.0004305571
activist,activist,0.0016678823
sceptic,sceptic,0.9985392
activist,activist,0.001734208
activist,activist,0.0048109824
sceptic,sceptic,0.9969722
activist,activist,0.028382124
activist,activist,0.08262329
activist,activist,0.0015517841
activist,activist,0.0006512682
sceptic,activist,0.042245496
sceptic,sceptic,0.99890554
activist,activist,0.0005918646
activist,activist,0.0005305765
sceptic,sceptic,0.8637942
activist,activist,0.00080880744
activist,activist,0.0006745559
sceptic,sceptic,0.9995851
sceptic,sceptic,0.95430803
activist,activist,0.0007096704
activist,activist,0.0013019645
activist,activist,0.0058996035
sceptic,sceptic,0.5978427
sceptic,sceptic,0.9954261
activist,activist,0.0025459477
sceptic,sceptic,0.99968123
activist,activist,0.0007264875
sceptic,sceptic,0.9166335
activist,activist,0.0010525686
activist,activist,0.0030278352
activist,activist,0.0017477858
activist,activist,0.0009773503
sceptic,sceptic,0.99972624
sceptic,sceptic,0.9997187
sceptic,sceptic,0.9987551
sceptic,sceptic,0.9857318
sceptic,sceptic,0.99970514
activist,activist,0.0012943681
activist,sceptic,0.9909972
sceptic,sceptic,0.99963593
sceptic,sceptic,0.9970421
activist,activist,0.00049650425
activist,activist,0.0041743675
activist,activist,0.0005736653
sceptic,sceptic,0.9990582
sceptic,sceptic,0.9996444
sceptic,sceptic,0.99972516
sceptic,sceptic,0.9856353
sceptic,sceptic,0.9931096
sceptic,sceptic,0.99971086
activist,activist,0.19977593
activist,activist,0.0004907226
sceptic,sceptic,0.5014343
activist,activist,0.00081673806
activist,activist,0.24418274
activist,activist,0.26137808
activist,activist,0.0005669857
activist,activist,0.0037654138
activist,activist,0.002940673
sceptic,sceptic,0.9997305
sceptic,activist,0.02297737
activist,activist,0.00046371284
sceptic,sceptic,0.99901116
sceptic,sceptic,0.99974185
activist,activist,0.0137158735
sceptic,sceptic,0.99970454
sceptic,sceptic,0.9996057
activist,activist,0.0004955359
activist,activist,0.0005203196
activist,sceptic,0.99817204
activist,activist,0.0009510131
sceptic,activist,0.035144847
sceptic,sceptic,0.99972135
activist,activist,0.003305079
activist,activist,0.0004907226
activist,activist,0.006265534
activist,activist,0.0006070755
sceptic,sceptic,0.99955755
activist,activist,0.0030101987
activist,activist,0.011353657
activist,activist,0.0008626078
sceptic,sceptic,0.7955787
activist,activist,0.0005092657
sceptic,sceptic,0.99604684
sceptic,sceptic,0.99974483
sceptic,sceptic,0.9997284
activist,activist,0.00048595612
sceptic,sceptic,0.99298817
activist,activist,0.0009622126
sceptic,sceptic,0.9774785
activist,activist,0.10687689
activist,activist,0.0004664366
activist,activist,0.0012793075
sceptic,sceptic,0.8632188
activist,activist,0.0014076104
sceptic,sceptic,0.99970514
activist,activist,0.021491764
sceptic,sceptic,0.9997198
activist,activist,0.021206118
activist,activist,0.036769465
activist,activist,0.004093958
sceptic,sceptic,0.9970765
activist,sceptic,0.73573655
sceptic,sceptic,0.99950445
activist,activist,0.0004322415
sceptic,sceptic,0.9997423
activist,activist,0.004190637
sceptic,sceptic,0.8176473
sceptic,sceptic,0.99973255
sceptic,sceptic,0.9793738
activist,activist,0.005554925
sceptic,sceptic,0.99428093
sceptic,sceptic,0.9943031
activist,sceptic,0.9729338
activist,activist,0.00071943254
activist,sceptic,0.9640178
sceptic,sceptic,0.9914887
sceptic,sceptic,0.9925249
activist,activist,0.022350114
activist,activist,0.00047377846
sceptic,sceptic,0.98262435
activist,activist,0.16224726
activist,activist,0.018369637
sceptic,activist,0.00109019
activist,activist,0.0006706176
activist,activist,0.0006411777
sceptic,sceptic,0.80147004
activist,activist,0.00057254656
activist,activist,0.010529712
sceptic,sceptic,0.92617035
activist,activist,0.00044076296
sceptic,sceptic,0.9916033
activist,activist,0.0011536479
sceptic,sceptic,0.7943052
activist,activist,0.0012743262
activist,sceptic,0.60559493
activist,activist,0.113579586
sceptic,sceptic,0.95775455
sceptic,sceptic,0.9957021
activist,activist,0.0004897656
activist,activist,0.034880888
sceptic,sceptic,0.9991221
activist,activist,0.4716681
activist,activist,0.00066931
activist,sceptic,0.87245613
activist,activist,0.004248079
activist,activist,0.0017926508
activist,activist,0.0046185427
sceptic,sceptic,0.9995005
activist,activist,0.0007672925
sceptic,sceptic,0.9996215
sceptic,sceptic,0.9833908
activist,activist,0.0031358358
sceptic,activist,0.0021742254
sceptic,sceptic,0.98067343
sceptic,sceptic,0.99843913
activist,activist,0.029451482
activist,activist,0.00072224624
sceptic,sceptic,0.9876639
activist,activist,0.0010024584
sceptic,activist,0.062046263
sceptic,sceptic,0.9996768
sceptic,sceptic,0.99957114
activist,activist,0.11027937
activist,activist,0.007232764
activist,activist,0.00161665
activist,activist,0.022672439
sceptic,sceptic,0.9967269
sceptic,sceptic,0.99836427
activist,activist,0.002070827
sceptic,activist,0.13324594
activist,activist,0.0045738644
sceptic,sceptic,0.99877447
activist,activist,0.00055602525
activist,activist,0.0011972112
sceptic,sceptic,0.82467383
activist,activist,0.0036856742
activist,activist,0.0006263342
activist,activist,0.0060152626
sceptic,sceptic,0.9996699
activist,activist,0.0037289574
sceptic,sceptic,0.9931229
activist,activist,0.019382192
sceptic,sceptic,0.9975418
activist,activist,0.01461567
sceptic,sceptic,0.99966466
activist,activist,0.0005582003
sceptic,sceptic,0.99955755
sceptic,sceptic,0.99936634
activist,activist,0.00071523245
sceptic,sceptic,0.99807703
sceptic,sceptic,0.99973255
sceptic,sceptic,0.9411694
activist,activist,0.001107339
sceptic,sceptic,0.99021614
activist,activist,0.016625078
sceptic,sceptic,0.9995092
sceptic,sceptic,0.989368
activist,activist,0.007388676
activist,activist,0.39926988
activist,activist,0.14487323
sceptic,sceptic,0.90853673
activist,activist,0.037012346
activist,activist,0.0006462033
sceptic,sceptic,0.9993255
sceptic,sceptic,0.61912596
activist,activist,0.0018031665
activist,sceptic,0.99225944
sceptic,sceptic,0.9901592
activist,activist,0.0009128307
sceptic,sceptic,0.9990872
activist,activist,0.01217063
sceptic,sceptic,0.99694854
sceptic,sceptic,0.99794525
sceptic,sceptic,0.96691406
activist,sceptic,0.97933435
activist,activist,0.000493605
sceptic,sceptic,0.9997247
activist,activist,0.0006374342
activist,activist,0.021409772
sceptic,sceptic,0.99447733
activist,activist,0.0032730647
sceptic,sceptic,0.9997011
activist,activist,0.0004888105
activist,activist,0.00076281314
activist,activist,0.49890137
sceptic,sceptic,0.9996886
activist,activist,0.008813167
sceptic,activist,0.011915022
activist,activist,0.0031788659
activist,activist,0.0069711166
sceptic,sceptic,0.87805307
sceptic,sceptic,0.740456
sceptic,sceptic,0.99930406
sceptic,sceptic,0.988085
activist,activist,0.0025212683
activist,activist,0.1426494
sceptic,activist,0.40271506
sceptic,sceptic,0.9997125
sceptic,sceptic,0.9958901
sceptic,sceptic,0.5346581
activist,activist,0.0014721894
sceptic,sceptic,0.9996724
sceptic,sceptic,0.9997279
activist,activist,0.007665875
sceptic,sceptic,0.817283
activist,activist,0.0018458483
activist,activist,0.004015092
activist,activist,0.0007041515
activist,activist,0.00045474793
sceptic,sceptic,0.99961555
activist,activist,0.0006798429
activist,activist,0.03557789
activist,activist,0.001194878
activist,activist,0.0011672309
activist,activist,0.003021945
sceptic,activist,0.008916127
sceptic,sceptic,0.9941004
sceptic,sceptic,0.9996898
sceptic,sceptic,0.9996886
activist,activist,0.18046746
activist,activist,0.2773751
sceptic,activist,0.16284546
activist,activist,0.004070138
activist,activist,0.0118005965
activist,activist,0.0010505168
sceptic,sceptic,0.99629277
activist,activist,0.029479407
sceptic,sceptic,0.9997342
activist,activist,0.0021364216
activist,activist,0.0009344577
sceptic,sceptic,0.99808073
activist,activist,0.001006378
activist,activist,0.00092900335
sceptic,sceptic,0.9980083
activist,activist,0.0006023541
sceptic,sceptic,0.99972194
activist,activist,0.042166542
activist,activist,0.0010733063
sceptic,sceptic,0.9923341
sceptic,sceptic,0.9997336
sceptic,sceptic,0.5438098
activist,activist,0.0006865099
activist,activist,0.11736965
activist,sceptic,0.95683634
activist,activist,0.00085590064
sceptic,activist,0.075995214
sceptic,sceptic,0.99972945
sceptic,sceptic,0.99047756
activist,sceptic,0.9962419
activist,activist,0.015424551
activist,activist,0.0006628098
activist,activist,0.0030278352
sceptic,sceptic,0.98951083
activist,activist,0.1866133
activist,sceptic,0.9993081
sceptic,sceptic,0.9574771
activist,activist,0.0065642493
activist,activist,0.0022606407
sceptic,sceptic,0.8271311
activist,activist,0.24494955
activist,activist,0.0056969603
activist,activist,0.0034429808
activist,activist,0.0017926508
activist,activist,0.0026574312
activist,activist,0.005630962
activist,activist,0.0049149487
sceptic,sceptic,0.99970347
sceptic,sceptic,0.99920064
sceptic,sceptic,0.9997209
sceptic,sceptic,0.9602495
sceptic,sceptic,0.99731135
activist,activist,0.0006745559
sceptic,sceptic,0.9994504
activist,activist,0.0014437558
activist,activist,0.0007264875
activist,activist,0.062160026
sceptic,sceptic,0.98685336
activist,activist,0.04410091
activist,activist,0.4796103
activist,activist,0.0033634927
activist,activist,0.00045741905
sceptic,sceptic,0.9997398
activist,activist,0.0012994274
activist,activist,0.024168445
sceptic,sceptic,0.99954695
activist,sceptic,0.5083
sceptic,sceptic,0.77713084
sceptic,sceptic,0.9818056
activist,activist,0.0017173839
sceptic,activist,0.28731766
activist,activist,0.0009584648
sceptic,sceptic,0.9995497
activist,sceptic,0.966347
sceptic,sceptic,0.9994241
activist,activist,0.0051097376
activist,activist,0.0005399804
activist,activist,0.0013564017
activist,sceptic,0.7217432
activist,activist,0.0020667946
activist,activist,0.0009584648
sceptic,sceptic,0.9997241
activist,activist,0.0672398
sceptic,sceptic,0.99972516
activist,activist,0.09384396
sceptic,sceptic,0.99624926
activist,activist,0.028517084
activist,activist,0.0014437558
activist,activist,0.0059340666
activist,activist,0.00056588
sceptic,sceptic,0.99973935
activist,activist,0.0004945695
activist,activist,0.0005112579
sceptic,sceptic,0.9926399
sceptic,sceptic,0.9013143
sceptic,sceptic,0.983518
sceptic,sceptic,0.9918121
sceptic,sceptic,0.99973255
activist,activist,0.0018639286
activist,activist,0.0012303581
activist,activist,0.0006154273
sceptic,sceptic,0.96628344
activist,activist,0.4106972
sceptic,activist,0.065365784
activist,activist,0.00066410477
sceptic,sceptic,0.9968702
sceptic,sceptic,0.9995703
activist,activist,0.0008183336
activist,activist,0.26564226
activist,activist,0.018422542
activist,activist,0.0043230867
activist,activist,0.012053779
activist,activist,0.15571934
activist,activist,0.00048029723
sceptic,sceptic,0.93599313
activist,activist,0.0023322338
activist,activist,0.0012793075
activist,activist,0.0014186349
activist,activist,0.0033309148
activist,activist,0.017475989
activist,activist,0.0020870345
sceptic,sceptic,0.9995635
sceptic,sceptic,0.7985012
activist,activist,0.002969445
activist,sceptic,0.745491
sceptic,sceptic,0.6589115
sceptic,activist,0.08517511
activist,activist,0.059701744
activist,activist,0.04312337
sceptic,sceptic,0.999708
activist,activist,0.017209712
activist,activist,0.011687259
sceptic,sceptic,0.99958426
activist,activist,0.0009004467
activist,activist,0.032191858
activist,sceptic,0.5438477
activist,activist,0.0009146137
sceptic,sceptic,0.96969944
activist,activist,0.003586616
activist,activist,0.01626183
activist,activist,0.015454242
activist,activist,0.006666932
activist,activist,0.0006918906
sceptic,sceptic,0.99970055
sceptic,sceptic,0.98799264
activist,activist,0.0025809042
activist,activist,0.05291181
sceptic,activist,0.0041259355
activist,activist,0.00059650384
activist,activist,0.0005517006
sceptic,sceptic,0.9997367
sceptic,sceptic,0.99482024
activist,activist,0.0005043191
sceptic,sceptic,0.9997131
sceptic,sceptic,0.99857855
activist,activist,0.1969034
sceptic,sceptic,0.9997273
sceptic,sceptic,0.99951124
sceptic,sceptic,0.99950445
activist,sceptic,0.5185157
activist,activist,0.0023596606
activist,activist,0.0015041127
activist,activist,0.00047101182
activist,activist,0.0013224405
activist,activist,0.0020587533
sceptic,sceptic,0.9795506
sceptic,sceptic,0.9201462
activist,activist,0.018089995
activist,activist,0.0059340666
sceptic,sceptic,0.9221325
sceptic,sceptic,0.9997527
activist,activist,0.31111282
sceptic,sceptic,0.9995054
activist,activist,0.0005213363
sceptic,sceptic,0.99966
sceptic,sceptic,0.93367314
sceptic,sceptic,0.78727776
activist,activist,0.013636835
sceptic,sceptic,0.99945146
activist,activist,0.0007643033
sceptic,sceptic,0.9943691
activist,activist,0.005384938
sceptic,sceptic,0.99648935
sceptic,sceptic,0.9952632
activist,activist,0.0041581606
activist,activist,0.0028009268
activist,activist,0.00071662973
activist,activist,0.020685459
sceptic,activist,0.11047115
activist,activist,0.007968815
activist,activist,0.0013777326
activist,activist,0.0017511968
sceptic,sceptic,0.99850756
activist,activist,0.010611421
sceptic,sceptic,0.9993988
sceptic,sceptic,0.9997423
sceptic,sceptic,0.99974686
sceptic,sceptic,0.82566
sceptic,sceptic,0.5695908
sceptic,activist,0.006097562
sceptic,activist,0.011869121
activist,activist,0.01678549
activist,activist,0.000611834
sceptic,sceptic,0.9997203
activist,activist,0.005554925
sceptic,sceptic,0.99972254
activist,activist,0.00056588
activist,activist,0.0018858586
sceptic,sceptic,0.9997029
activist,activist,0.003510649
activist,activist,0.0012184161
sceptic,sceptic,0.9940544
activist,activist,0.00045297577
activist,activist,0.0017073675
sceptic,sceptic,0.9997358
activist,activist,0.0038543637
sceptic,sceptic,0.9997321
sceptic,sceptic,0.9997142
activist,activist,0.022542968
activist,activist,0.0011313597
sceptic,activist,0.48025018
activist,activist,0.004314688
sceptic,sceptic,0.99910825
sceptic,sceptic,0.99784684
activist,activist,0.00081673806
sceptic,sceptic,0.9951514
sceptic,sceptic,0.9996381
activist,activist,0.0009181901
activist,activist,0.045734633
activist,activist,0.044764314
activist,activist,0.0005714301
sceptic,sceptic,0.9987257
sceptic,sceptic,0.99836427
sceptic,activist,0.3974121
activist,activist,0.0019229825
activist,activist,0.0008009536
sceptic,sceptic,0.99709916
sceptic,sceptic,0.99972576
activist,activist,0.00079317606
activist,sceptic,0.99381906
activist,activist,0.0023231625
activist,activist,0.0007672925
sceptic,sceptic,0.97436166
activist,activist,0.41250056
sceptic,sceptic,0.999688
activist,activist,0.30368018
sceptic,sceptic,0.72026986
sceptic,activist,0.04397757
activist,activist,0.0012521496
activist,activist,0.019124037
activist,activist,0.00055062474
activist,activist,0.004905406
sceptic,sceptic,0.9014879
activist,activist,0.019512545
sceptic,sceptic,0.9995272
activist,activist,0.0009927261
activist,activist,0.0005072812
activist,activist,0.0009584648
activist,activist,0.003787458
sceptic,activist,0.03400406
sceptic,sceptic,0.99964297
sceptic,sceptic,0.999723
sceptic,sceptic,0.994089
sceptic,sceptic,0.96323055
activist,activist,0.0036146443
activist,activist,0.076614685
sceptic,sceptic,0.5473582
sceptic,sceptic,0.9662198
sceptic,sceptic,0.9991048
activist,activist,0.36268702
sceptic,sceptic,0.99973875
sceptic,sceptic,0.9997236
sceptic,sceptic,0.9996493
activist,activist,0.009652304
activist,activist,0.0008744718
activist,activist,0.00231864
activist,activist,0.03461884
sceptic,sceptic,0.9993411
activist,activist,0.0006023541
activist,activist,0.00079939206
activist,activist,0.25711167
activist,activist,0.028625505
activist,activist,0.047691286
activist,activist,0.0013458604
activist,activist,0.0027044294
sceptic,sceptic,0.99759394
sceptic,sceptic,0.99847823
sceptic,sceptic,0.99386686
sceptic,sceptic,0.9774355
activist,activist,0.009540926
activist,activist,0.07303239
sceptic,sceptic,0.9997247
activist,sceptic,0.5567799
activist,activist,0.00068250194
activist,activist,0.00052747846
sceptic,sceptic,0.9993148
activist,activist,0.0037800956
activist,sceptic,0.9993761
activist,activist,0.0013302016
sceptic,sceptic,0.9953181
sceptic,sceptic,0.99973625
activist,activist,0.21866938
sceptic,sceptic,0.99932814
sceptic,sceptic,0.969985
sceptic,sceptic,0.608565
sceptic,sceptic,0.9997273
activist,activist,0.0009510131
activist,activist,0.001030219
activist,activist,0.039084956
sceptic,sceptic,0.9750122
sceptic,sceptic,0.74627775
activist,activist,0.0055012386
activist,activist,0.0038244836
activist,activist,0.0011717941
activist,activist,0.0006512682
activist,activist,0.033526164
sceptic,sceptic,0.99580115
activist,activist,0.0064882697
activist,activist,0.0061570317
activist,activist,0.0030933863
sceptic,sceptic,0.9582651
sceptic,sceptic,0.9983707
activist,activist,0.21683958
sceptic,sceptic,0.9885361
activist,activist,0.0004945695
activist,sceptic,0.83413684
sceptic,activist,0.3312279
sceptic,sceptic,0.9911698
sceptic,activist,0.025226824
sceptic,sceptic,0.97409195
activist,activist,0.27163795
activist,activist,0.0010044163
sceptic,sceptic,0.95190793
activist,activist,0.34598866
activist,activist,0.0009850082
activist,activist,0.0020308546
sceptic,sceptic,0.9866491
sceptic,sceptic,0.9946672
sceptic,sceptic,0.99972516
sceptic,sceptic,0.966156
activist,activist,0.035144847
sceptic,sceptic,0.9994
activist,activist,0.00093811157
sceptic,sceptic,0.99778724
activist,activist,0.001518851
activist,activist,0.00092538487
activist,activist,0.0226292
activist,activist,0.0017207356
sceptic,sceptic,0.9406263
sceptic,sceptic,0.9990564
activist,activist,0.001006378
activist,activist,0.0005614787
activist,activist,0.004166256
sceptic,activist,0.28801808
sceptic,sceptic,0.9997316
sceptic,sceptic,0.99963164
activist,activist,0.00092900335
activist,activist,0.0012207953
activist,sceptic,0.9958418
activist,activist,0.0005112579
sceptic,sceptic,0.98771137
activist,activist,0.0026939143
activist,activist,0.027822025
activist,activist,0.0033831915
sceptic,sceptic,0.99974877
activist,activist,0.0006589401
activist,activist,0.0004305571
activist,activist,0.0010242065
activist,activist,0.010944578
activist,activist,0.014957086
activist,activist,0.00083772355
activist,activist,0.0010691264
activist,activist,0.0031115084
sceptic,sceptic,0.9922444
activist,activist,0.06125536
sceptic,sceptic,0.99686414
activist,activist,0.0017409837
activist,activist,0.12320729
sceptic,sceptic,0.8823265
activist,activist,0.012673735
sceptic,sceptic,0.9993333
sceptic,sceptic,0.9993563
sceptic,sceptic,0.99975747
activist,activist,0.0010796069
activist,activist,0.0021157034
activist,activist,0.00075246283
activist,activist,0.0016103574
activist,activist,0.0004955359
sceptic,sceptic,0.99972993
sceptic,activist,0.41340312
activist,activist,0.0049149487
activist,activist,0.0006865099
sceptic,sceptic,0.9987527
activist,activist,0.0045032725
sceptic,sceptic,0.9987056
activist,activist,0.008348054
sceptic,sceptic,0.99971086
activist,activist,0.0005918646
activist,activist,0.0009510131
activist,activist,0.0016517006
sceptic,activist,0.016996302
activist,activist,0.13403744
activist,activist,0.0038844768
activist,sceptic,0.87805307
sceptic,sceptic,0.891811
activist,activist,0.021822825
sceptic,sceptic,0.99700147
sceptic,sceptic,0.99723166
sceptic,sceptic,0.99916065
sceptic,sceptic,0.99961555
activist,activist,0.1999321
activist,sceptic,0.79865825
sceptic,sceptic,0.99957114
sceptic,sceptic,0.9956262
activist,activist,0.00072224624
activist,activist,0.0010817152
sceptic,sceptic,0.58670044
activist,activist,0.009898064
sceptic,sceptic,0.96823144
activist,activist,0.00055062474
sceptic,sceptic,0.9587699
sceptic,sceptic,0.9672869
activist,activist,0.014756983
activist,sceptic,0.6185788
sceptic,sceptic,0.9997316
activist,activist,0.00047101182
activist,activist,0.0006550929
sceptic,sceptic,0.99864894
activist,activist,0.4601183
activist,activist,0.00052337564
activist,activist,0.4409996
activist,activist,0.069541745
sceptic,sceptic,0.96472245
sceptic,sceptic,0.99782157
activist,activist,0.001375048
activist,activist,0.025809621
activist,activist,0.079638734
sceptic,activist,0.01678549
activist,activist,0.0011786721
sceptic,sceptic,0.98782945
sceptic,sceptic,0.99588215
activist,activist,0.1373588
activist,activist,0.3642403
activist,activist,0.00066151744
sceptic,sceptic,0.90105337
sceptic,sceptic,0.9864938
activist,activist,0.008933403
activist,activist,0.0013250223
sceptic,sceptic,0.99968743
sceptic,sceptic,0.977132
sceptic,sceptic,0.9996309
activist,activist,0.00074370287
activist,activist,0.0009181901
activist,activist,0.0004592085
activist,activist,0.0013696945
activist,sceptic,0.7313465
activist,activist,0.03577949
activist,activist,0.008881674
activist,activist,0.028843539
activist,activist,0.008445628
sceptic,activist,0.019419348
sceptic,activist,0.08921626
sceptic,sceptic,0.90320885
activist,activist,0.0023550675
activist,activist,0.0006154273
sceptic,sceptic,0.99869555
activist,activist,0.014559518
activist,activist,0.0042151595
sceptic,sceptic,0.99972194
sceptic,sceptic,0.9975321
sceptic,sceptic,0.999723
activist,activist,0.0011972112
activist,activist,0.0010712142
activist,activist,0.008968053
sceptic,sceptic,0.8597227
sceptic,sceptic,0.94994867
sceptic,sceptic,0.8828326
sceptic,activist,0.052182533
activist,activist,0.0022738955
activist,activist,0.0012893283
sceptic,sceptic,0.9976949
activist,activist,0.0058539603
sceptic,sceptic,0.95145893
activist,activist,0.0037434977
sceptic,sceptic,0.9975274
activist,activist,0.0004044815
sceptic,sceptic,0.99518895
sceptic,sceptic,0.56132007
sceptic,sceptic,0.99972516
activist,activist,0.0007307537
activist,activist,0.00042887926
activist,sceptic,0.89634216
sceptic,sceptic,0.9996971
sceptic,sceptic,0.99903023
sceptic,sceptic,0.9716448
sceptic,sceptic,0.9996983
activist,activist,0.0007854739
activist,activist,0.0014269596
activist,activist,0.0011581581
activist,activist,0.091625646
activist,activist,0.08961382
activist,activist,0.026305282
sceptic,sceptic,0.99972194
activist,activist,0.00066800485
activist,activist,0.0094490815
activist,activist,0.000559291
sceptic,sceptic,0.9904591
sceptic,sceptic,0.9831822
activist,activist,0.0010242065
activist,activist,0.38263157
activist,sceptic,0.9694112
activist,sceptic,0.83973396
activist,activist,0.0006386796
activist,activist,0.00064999826
sceptic,sceptic,0.9996711
activist,activist,0.0025708678
activist,activist,0.0027308967
activist,activist,0.0011160143
sceptic,sceptic,0.94934165
sceptic,sceptic,0.988425
activist,activist,0.00092900335
sceptic,sceptic,0.9967269
activist,activist,0.000872767
activist,activist,0.0020587533
sceptic,sceptic,0.98481095
sceptic,activist,0.42174533
activist,activist,0.0007839425
activist,activist,0.000611834
sceptic,sceptic,0.99386686
activist,activist,0.00057254656
activist,activist,0.0032037182
sceptic,sceptic,0.9984452
activist,activist,0.001194878
sceptic,sceptic,0.7549601
sceptic,sceptic,0.6152468
sceptic,sceptic,0.9807473
activist,sceptic,0.9488225
activist,activist,0.0022040892
sceptic,sceptic,0.80232334
sceptic,sceptic,0.99973255
sceptic,activist,0.19667187
sceptic,sceptic,0.9977482
sceptic,activist,0.35418174
activist,activist,0.0007408056
activist,activist,0.0009436193
sceptic,sceptic,0.9996125
activist,activist,0.00047656128
activist,activist,0.012503792
activist,activist,0.0006771942
activist,activist,0.018352037
sceptic,sceptic,0.99271095
activist,activist,0.00084264233
sceptic,sceptic,0.9997408
activist,activist,0.0019080463
activist,activist,0.0004812358
activist,activist,0.005070175
sceptic,sceptic,0.99908185
sceptic,sceptic,0.99973255
activist,activist,0.0006374342
activist,activist,0.0021364216
sceptic,sceptic,0.97324073
activist,activist,0.0006474658
sceptic,sceptic,0.97673583
sceptic,activist,0.050237365
activist,activist,0.28987402
sceptic,sceptic,0.997783
activist,activist,0.0007041515
activist,activist,0.0008459375
activist,activist,0.005089918
sceptic,sceptic,0.99970406
activist,activist,0.032528225
activist,activist,0.023554333
activist,activist,0.049497057
activist,activist,0.008429287
sceptic,sceptic,0.99967873
sceptic,sceptic,0.84859616
sceptic,activist,0.20473911
activist,activist,0.0006602275
sceptic,sceptic,0.99960107
sceptic,sceptic,0.9826909
activist,activist,0.017012624
sceptic,sceptic,0.9984542
activist,activist,0.0054692742
sceptic,sceptic,0.9839708
activist,activist,0.00050530455
activist,activist,0.005050508
activist,activist,0.008203785
activist,activist,0.0005172813
activist,activist,0.10608712
sceptic,sceptic,0.9994493
activist,sceptic,0.5589666
activist,activist,0.0005826939
activist,activist,0.00045474793
activist,activist,0.0019192374
sceptic,sceptic,0.9992084
activist,activist,0.0018530595
sceptic,sceptic,0.9996692
sceptic,sceptic,0.9987888
activist,sceptic,0.9459513
activist,activist,0.0007041515
sceptic,sceptic,0.9995627
sceptic,sceptic,0.999723
sceptic,sceptic,0.98427594
activist,sceptic,0.8683252
sceptic,sceptic,0.98302
activist,activist,0.0005082725
activist,activist,0.022715755
activist,activist,0.0022694687
sceptic,sceptic,0.9994947
sceptic,sceptic,0.99972945
sceptic,sceptic,0.99970454
activist,sceptic,0.98314995
activist,activist,0.000720838
sceptic,sceptic,0.99973875
activist,activist,0.0010044163
activist,activist,0.00063495064
sceptic,sceptic,0.9653158
sceptic,sceptic,0.94018847
sceptic,sceptic,0.99974185
sceptic,sceptic,0.9992944
sceptic,sceptic,0.9995939
activist,activist,0.0007495314
activist,activist,0.0013643618
activist,activist,0.0015548134
sceptic,sceptic,0.9609883
sceptic,sceptic,0.9802997
activist,activist,0.00088823045
sceptic,sceptic,0.99971026
activist,activist,0.002007242
activist,activist,0.0014721894
activist,activist,0.00050530455
activist,activist,0.0012065897
activist,activist,0.00068250194
sceptic,sceptic,0.99709344
activist,activist,0.0028118587
activist,activist,0.002621441
sceptic,sceptic,0.9487276
sceptic,sceptic,0.9982993
sceptic,sceptic,0.73848045
activist,sceptic,0.767167
activist,activist,0.0023550675
activist,activist,0.0013511209
activist,activist,0.0009217804
sceptic,sceptic,0.9921233
activist,activist,0.013402404
activist,activist,0.0037800956
activist,activist,0.0011402229
activist,activist,0.00063371257
activist,activist,0.00063495064
activist,activist,0.0053536464
sceptic,sceptic,0.729327
sceptic,sceptic,0.91505283
activist,activist,0.0051897867
sceptic,sceptic,0.9605466
activist,activist,0.001092319
sceptic,sceptic,0.9712385
sceptic,sceptic,0.996557
activist,activist,0.059047267
activist,activist,0.0014131119
sceptic,sceptic,0.9900828
activist,activist,0.00058042357
activist,activist,0.0030396497
sceptic,sceptic,0.9992549
activist,activist,0.0015700475
sceptic,sceptic,0.98524296
sceptic,sceptic,0.8370879
activist,activist,0.0006932423
activist,sceptic,0.7757747
activist,activist,0.10275401
activist,activist,0.0019080463
sceptic,sceptic,0.99951124
sceptic,sceptic,0.9763105
sceptic,sceptic,0.99856746
activist,activist,0.008030812
sceptic,sceptic,0.9996513
sceptic,sceptic,0.94791394
sceptic,sceptic,0.94644845
activist,activist,0.001092319
sceptic,sceptic,0.9996935
activist,activist,0.12560067
sceptic,activist,0.3606579
activist,activist,0.0011116682
activist,activist,0.20260093
sceptic,sceptic,0.99972516
activist,activist,0.0015608892
sceptic,sceptic,0.69945973
activist,activist,0.00073504477
sceptic,sceptic,0.98569053
activist,activist,0.00091640017
activist,activist,0.2928986
sceptic,sceptic,0.9987207
activist,sceptic,0.9948803
activist,activist,0.11951086
activist,activist,0.38271806
activist,activist,0.0930168
sceptic,sceptic,0.9820826
sceptic,sceptic,0.999723
sceptic,sceptic,0.9996437
activist,activist,0.012383785
sceptic,activist,0.091260545
sceptic,sceptic,0.81257004
activist,activist,0.0014048679
activist,activist,0.0009966077
sceptic,sceptic,0.9992549
activist,activist,0.07336364
activist,activist,0.0019684948
activist,sceptic,0.7981868
activist,sceptic,0.97555363
sceptic,sceptic,0.9995345
sceptic,sceptic,0.9680808
activist,activist,0.001194878
activist,activist,0.004348382
sceptic,sceptic,0.8600169
sceptic,sceptic,0.99750805
activist,activist,0.0018785202
activist,activist,0.0006386796
sceptic,sceptic,0.86083776
sceptic,sceptic,0.9997142
sceptic,sceptic,0.5814962
activist,activist,0.001044386
sceptic,sceptic,0.99361163
sceptic,sceptic,0.99972194
activist,activist,0.0017614698
activist,activist,0.00063371257
sceptic,sceptic,0.9997273
activist,activist,0.0011225654
sceptic,sceptic,0.91573364
activist,activist,0.0008525667
activist,activist,0.0013380081
sceptic,sceptic,0.9997092
sceptic,sceptic,0.9974291
activist,activist,0.028167475
sceptic,sceptic,0.9942697
sceptic,sceptic,0.98518616
activist,activist,0.00161665
sceptic,sceptic,0.99842995
sceptic,sceptic,0.9982658
sceptic,sceptic,0.967225
sceptic,activist,0.00075246283
activist,activist,0.002019014
activist,activist,0.005763727
sceptic,sceptic,0.9992592
activist,activist,0.00058042357
activist,activist,0.00063001254
activist,activist,0.0011160143
sceptic,sceptic,0.99971646
activist,activist,0.002741556
sceptic,sceptic,0.99945146
sceptic,sceptic,0.75635755
sceptic,sceptic,0.99844813
sceptic,sceptic,0.9067358
sceptic,sceptic,0.9978173
sceptic,sceptic,0.997358
activist,activist,0.0009057334
activist,activist,0.002336783
activist,activist,0.020944208
activist,activist,0.001107339
sceptic,activist,0.029063188
activist,activist,0.001034247
sceptic,sceptic,0.5913398
activist,activist,0.0015041127
activist,activist,0.002199798
activist,activist,0.001626135
activist,activist,0.0021405893
activist,sceptic,0.5550885
activist,activist,0.00072224624
activist,activist,0.33919802
activist,activist,0.019215845
sceptic,sceptic,0.9993094
activist,activist,0.0054269433
activist,activist,0.0006374342
sceptic,sceptic,0.9993625
sceptic,sceptic,0.9997209
activist,activist,0.002828336
sceptic,sceptic,0.9957188
activist,activist,0.019032659
activist,activist,0.0011581581
sceptic,sceptic,0.99273914
activist,activist,0.0008231385
activist,activist,0.0007264875
sceptic,sceptic,0.8665848
activist,activist,0.0006628098
activist,activist,0.0005736653
activist,activist,0.015424551
activist,activist,0.006265534
activist,activist,0.002195515
activist,activist,0.0025708678
activist,activist,0.0011030266
sceptic,sceptic,0.9996929
activist,sceptic,0.5993972
activist,activist,0.026480937
activist,activist,0.0015548134
sceptic,sceptic,0.99594563
sceptic,sceptic,0.9824905
sceptic,sceptic,0.9997408
activist,activist,0.0006130294
activist,activist,0.0014493983
sceptic,sceptic,0.99216896
activist,activist,0.0019723356
sceptic,sceptic,0.9004423
activist,activist,0.0042315875
activist,activist,0.003750789
activist,activist,0.0006851713
sceptic,sceptic,0.99865156
sceptic,activist,0.4675673
activist,activist,0.00047936052
activist,activist,0.001477943
sceptic,sceptic,0.9993175
sceptic,sceptic,0.99939644
sceptic,sceptic,0.99869555
sceptic,sceptic,0.99973255
activist,sceptic,0.96028674
sceptic,activist,0.029873094
sceptic,sceptic,0.969985
activist,activist,0.3824874
activist,activist,0.00056588
activist,activist,0.019456575
sceptic,sceptic,0.947381
sceptic,sceptic,0.9997459
activist,activist,0.0018458483
activist,activist,0.0006918906
activist,activist,0.0013019645
sceptic,activist,0.089693524
sceptic,sceptic,0.999729
activist,activist,0.0037289574
activist,sceptic,0.6709857
sceptic,sceptic,0.99973255
activist,activist,0.043936532
activist,activist,0.00046552691
sceptic,sceptic,0.9213576
activist,activist,0.00057703455
activist,activist,0.0015761828
sceptic,sceptic,0.8897206
sceptic,sceptic,0.99731135
activist,activist,0.0072890776
activist,activist,0.03406827
sceptic,sceptic,0.99871063
sceptic,sceptic,0.9968335
sceptic,sceptic,0.99918324
sceptic,sceptic,0.966156
activist,activist,0.054903854
activist,activist,0.005565725
sceptic,sceptic,0.99967504
sceptic,sceptic,0.9759235
sceptic,sceptic,0.9342753
activist,activist,0.00042887926
activist,activist,0.0011030266
sceptic,sceptic,0.9845903
sceptic,activist,0.3822856
activist,activist,0.00043139848
sceptic,sceptic,0.99973255
activist,activist,0.0017961492
sceptic,sceptic,0.97877365
activist,activist,0.022264916
sceptic,sceptic,0.9996699
sceptic,sceptic,0.99697804
activist,activist,0.005685907
sceptic,sceptic,0.99969995
sceptic,sceptic,0.9995272
activist,activist,0.006917242
sceptic,sceptic,0.99880517
sceptic,sceptic,0.9997086
activist,activist,0.020312909
activist,activist,0.11997406
sceptic,sceptic,0.9996965
activist,activist,0.0006851713
sceptic,sceptic,0.7749242
sceptic,sceptic,0.5710043
sceptic,sceptic,0.9953454
sceptic,activist,0.0012793075
activist,activist,0.0016646334
activist,sceptic,0.96557647
activist,activist,0.0036006027
sceptic,sceptic,0.9973008
activist,activist,0.0023459073
activist,activist,0.0010649626
activist,activist,0.0024822769
sceptic,sceptic,0.9997336
activist,activist,0.00077330566
sceptic,sceptic,0.9996743
sceptic,activist,0.021698097
activist,activist,0.0006202512
sceptic,sceptic,0.9842457
sceptic,sceptic,0.9993988
activist,activist,0.09401018
activist,activist,0.005080037
sceptic,sceptic,0.9572778
sceptic,sceptic,0.9942139
activist,activist,0.0008899655
activist,activist,0.0012521496
sceptic,sceptic,0.9735945
activist,activist,0.0075333063
activist,activist,0.030996833
activist,activist,0.0016356753
sceptic,sceptic,0.79198194
activist,activist,0.0020269
sceptic,sceptic,0.99216896
activist,activist,0.002111584
activist,activist,0.0012743262
sceptic,sceptic,0.9997017
activist,activist,0.0006374342
activist,activist,0.00078088854
sceptic,sceptic,0.99973255
activist,activist,0.00057703455
sceptic,activist,0.49082002
activist,activist,0.0017240938
activist,activist,0.0010712142
sceptic,sceptic,0.98846966
sceptic,sceptic,0.8371545
sceptic,activist,0.1331332
activist,activist,0.0023827618
activist,activist,0.012264914
sceptic,sceptic,0.9997383
activist,activist,0.20585442
sceptic,sceptic,0.9743861
sceptic,sceptic,0.9996352
activist,activist,0.21157967
sceptic,sceptic,0.9996215
activist,activist,0.00052850915
activist,activist,0.00059766934
sceptic,sceptic,0.995906
sceptic,sceptic,0.8135349
sceptic,sceptic,0.9666631
sceptic,sceptic,0.7926248
sceptic,sceptic,0.9997439
activist,activist,0.00063992746
activist,activist,0.001264422
activist,sceptic,0.6538456
sceptic,sceptic,0.999729
activist,activist,0.0005625758
activist,activist,0.0046365354
activist,activist,0.09790669
sceptic,sceptic,0.8407172
activist,activist,0.100348406
sceptic,sceptic,0.9997316
activist,activist,0.0009792591
activist,activist,0.021656675
sceptic,sceptic,0.6709857
activist,activist,0.0058996035
activist,activist,0.0005759093
sceptic,sceptic,0.95683634
activist,activist,0.3692298
activist,activist,0.0014895173
sceptic,sceptic,0.9997209
sceptic,sceptic,0.6668223
sceptic,sceptic,0.99972135
sceptic,sceptic,0.9254997
activist,activist,0.0008295892
activist,activist,0.0010182288
activist,activist,0.00055711175
sceptic,sceptic,0.99871314
sceptic,sceptic,0.9997086
sceptic,sceptic,0.9997086
activist,activist,0.0007000407
activist,activist,0.00059071044
activist,activist,0.003305079
activist,activist,0.0006918906
activist,activist,0.0022430879
activist,activist,0.20898496
activist,activist,0.017543187
activist,activist,0.003105456
sceptic,activist,0.14360756
activist,activist,0.0025459477
sceptic,sceptic,0.9997367
activist,activist,0.002883959
activist,sceptic,0.9463493
sceptic,sceptic,0.99952435
sceptic,sceptic,0.9973061
sceptic,sceptic,0.6579231
sceptic,sceptic,0.9913223
sceptic,activist,0.011961098
sceptic,sceptic,0.99398476
sceptic,sceptic,0.99956864
activist,activist,0.00055494095
activist,activist,0.00059883716
activist,activist,0.4391704
sceptic,sceptic,0.99371004
activist,activist,0.035880696
sceptic,sceptic,0.9881309
sceptic,sceptic,0.99297464
activist,activist,0.0005102608
sceptic,sceptic,0.9928786
activist,activist,0.0004945695
sceptic,activist,0.32289952
activist,sceptic,0.97433734
sceptic,sceptic,0.99971086
sceptic,sceptic,0.9996587
activist,sceptic,0.9916842
sceptic,sceptic,0.99930406
sceptic,sceptic,0.5558195
activist,activist,0.4761153
sceptic,activist,0.34251657
sceptic,sceptic,0.99915075
activist,activist,0.0023006375
activist,activist,0.01970026
activist,activist,0.0011116682
sceptic,sceptic,0.9964064
activist,activist,0.13764834
sceptic,sceptic,0.9896318
sceptic,sceptic,0.89805347
sceptic,activist,0.009764973
sceptic,sceptic,0.9443824
activist,sceptic,0.9845754
sceptic,sceptic,0.99972993
sceptic,sceptic,0.9995272
sceptic,activist,0.14860234
activist,activist,0.00061662967
sceptic,sceptic,0.99400806
activist,activist,0.027195055
sceptic,sceptic,0.9989434
activist,activist,0.0005941797
activist,activist,0.009615036
activist,activist,0.4156857
activist,activist,0.001194878
sceptic,sceptic,0.95208645
activist,activist,0.002458213
sceptic,sceptic,0.9952356
sceptic,sceptic,0.9964412
activist,activist,0.00043648144
activist,activist,0.003572683
sceptic,sceptic,0.8410439
activist,activist,0.00086767256
activist,activist,0.0006851713
sceptic,sceptic,0.9989287
sceptic,sceptic,0.9950563
sceptic,sceptic,0.87380826
activist,activist,0.11367795
activist,activist,0.43335184
sceptic,sceptic,0.9899087
sceptic,sceptic,0.946051
sceptic,sceptic,0.9993893
sceptic,sceptic,0.9958093
activist,activist,0.0004305571
sceptic,sceptic,0.9997203
activist,activist,0.0042729364
activist,activist,0.00059883716
activist,activist,0.0056200363
sceptic,sceptic,0.93189764
activist,activist,0.0005872614
activist,activist,0.14578296
activist,activist,0.00051829213
sceptic,sceptic,0.99969935
activist,activist,0.0006918906
sceptic,sceptic,0.9993148
activist,activist,0.0007643033
activist,activist,0.000543152
sceptic,sceptic,0.9985869
sceptic,sceptic,0.8076124
activist,sceptic,0.9781772
activist,activist,0.0013696945
activist,sceptic,0.8892406
sceptic,sceptic,0.9997187
sceptic,sceptic,0.9996886
activist,activist,0.005240449
sceptic,sceptic,0.9896718
activist,activist,0.0032350558
activist,activist,0.010368156
sceptic,sceptic,0.9997187
activist,activist,0.0014158707
activist,activist,0.008660931
sceptic,sceptic,0.9983354
sceptic,sceptic,0.9970765
activist,activist,0.0041420166
sceptic,sceptic,0.9996768
activist,activist,0.00055602525
activist,activist,0.0026265525
activist,activist,0.0007702932
sceptic,sceptic,0.9997408
activist,activist,0.0010775026
sceptic,sceptic,0.9306476
sceptic,sceptic,0.9994241
sceptic,sceptic,0.99366105
sceptic,sceptic,0.99973625
activist,activist,0.0012160417
activist,activist,0.22380088
activist,sceptic,0.8010813
activist,activist,0.00055385876
activist,activist,0.00063495064
activist,activist,0.0019192374
activist,activist,0.012312326
activist,activist,0.017712297
activist,activist,0.00045831295
sceptic,sceptic,0.9500878
sceptic,sceptic,0.996123
sceptic,sceptic,0.99972945
activist,activist,0.01627746
activist,sceptic,0.6703116
sceptic,sceptic,0.9907856
activist,activist,0.004264634
sceptic,sceptic,0.9990545
activist,activist,0.19329962
sceptic,sceptic,0.9825575
sceptic,sceptic,0.78282857
activist,activist,0.00069054146
sceptic,sceptic,0.9995956
activist,activist,0.068662286
activist,activist,0.06008665
activist,activist,0.059866417
activist,activist,0.0006538155
activist,activist,0.18308187
activist,activist,0.00047749258
activist,activist,0.0043994132
activist,activist,0.001810211
activist,activist,0.0058996035
sceptic,sceptic,0.79414564
sceptic,sceptic,0.99349916
activist,activist,0.0008151457
sceptic,sceptic,0.99971706
sceptic,sceptic,0.9254997
activist,activist,0.0006424304
activist,activist,0.0012793075
activist,activist,0.0010202174
activist,activist,0.03468417
activist,activist,0.0012793075
sceptic,sceptic,0.9721515
sceptic,sceptic,0.99973875
activist,activist,0.0011855904
activist,activist,0.003503823
activist,activist,0.00063495064
sceptic,sceptic,0.99688846
activist,activist,0.0005849732
activist,sceptic,0.7517393
sceptic,sceptic,0.9993
sceptic,sceptic,0.9997439
sceptic,sceptic,0.99586606
sceptic,sceptic,0.9891187
activist,activist,0.0009888597
sceptic,sceptic,0.8882751
activist,activist,0.0036216858
activist,activist,0.0005152657
activist,activist,0.014036571
activist,activist,0.0007748164
activist,sceptic,0.5489116
activist,activist,0.0029178553
sceptic,sceptic,0.999723
activist,activist,0.083665505
activist,activist,0.005149607
sceptic,sceptic,0.999089
activist,activist,0.0015337331
activist,activist,0.0024201944
activist,activist,0.005240449
activist,activist,0.05379964
sceptic,activist,0.33111975
sceptic,sceptic,0.88986427
sceptic,sceptic,0.9997131
activist,activist,0.00097354373
sceptic,sceptic,0.98521465
sceptic,sceptic,0.6621141
activist,activist,0.0031850608
sceptic,sceptic,0.99403125
activist,activist,0.00089519075
sceptic,sceptic,0.9870297
activist,activist,0.001976184
sceptic,sceptic,0.94208187
activist,activist,0.0248928
sceptic,sceptic,0.99947256
activist,activist,0.0028118587
activist,sceptic,0.88523525
sceptic,sceptic,0.9936241
activist,activist,0.0026265525
sceptic,sceptic,0.9991117
sceptic,sceptic,0.99963164
sceptic,sceptic,0.99803144
activist,activist,0.0075772414
sceptic,sceptic,0.9997086
activist,activist,0.013584394
sceptic,sceptic,0.99882597
activist,activist,0.0020829707
sceptic,sceptic,0.87037706
sceptic,sceptic,0.99966
activist,activist,0.003422935
activist,sceptic,0.6368967
sceptic,sceptic,0.99971753
sceptic,sceptic,0.9617499
activist,activist,0.0020870345
activist,activist,0.005565725
sceptic,sceptic,0.9997131
sceptic,activist,0.15817435
sceptic,sceptic,0.9920157
activist,activist,0.008933403
sceptic,sceptic,0.9161846
activist,activist,0.02761149
activist,sceptic,0.8379518
activist,activist,0.000990791
activist,activist,0.0061331755
sceptic,sceptic,0.999652
activist,activist,0.0013831175
activist,activist,0.00048311835
sceptic,sceptic,0.99801993
activist,activist,0.0012042383
sceptic,sceptic,0.9986929
activist,activist,0.02446967
activist,activist,0.252338
activist,activist,0.0014866153
activist,activist,0.0024249142
activist,activist,0.002019014
activist,activist,0.00093811157
activist,activist,0.0011181936
activist,activist,0.00063495064
activist,activist,0.008380454
activist,activist,0.0013380081
sceptic,sceptic,0.99389064
activist,activist,0.0006865099
sceptic,sceptic,0.99910307
activist,activist,0.0012594985
activist,activist,0.24015035
activist,activist,0.0044597047
sceptic,activist,0.2725083
sceptic,sceptic,0.99968004
sceptic,sceptic,0.9933717
activist,activist,0.0007854739
sceptic,activist,0.007176882
activist,activist,0.0006538155
sceptic,sceptic,0.99306935
activist,activist,0.0026834398
activist,activist,0.0026834398
sceptic,sceptic,0.97821885
activist,activist,0.027428543
activist,activist,0.00080880744
activist,activist,0.0016549241
sceptic,activist,0.01964376
activist,activist,0.002038787
activist,activist,0.0013198635
activist,activist,0.0009092752
sceptic,sceptic,0.98866826
sceptic,sceptic,0.99950826
activist,activist,0.0004907226
activist,sceptic,0.9583822
activist,activist,0.0016452717
sceptic,sceptic,0.9972531
activist,activist,0.00068919506
sceptic,activist,0.49990082
activist,activist,0.06760823
activist,activist,0.00088304584
activist,activist,0.00073936116
activist,activist,0.00087789143
activist,activist,0.045268096
activist,activist,0.1810459
sceptic,sceptic,0.9978719
activist,activist,0.073563054
sceptic,sceptic,0.9997336
activist,activist,0.00088823045
sceptic,sceptic,0.880797
activist,activist,0.087019205
activist,activist,0.00048785715
sceptic,activist,0.057229258
sceptic,sceptic,0.9280184
activist,activist,0.0061450917
sceptic,activist,0.13352816
activist,activist,0.006085737
sceptic,sceptic,0.9997098
activist,activist,0.07885492
activist,activist,0.00041165142
sceptic,sceptic,0.99720997
activist,activist,0.0016809416
activist,activist,0.021948254
activist,activist,0.0006094501
sceptic,sceptic,0.9997154
activist,activist,0.0013045068
sceptic,sceptic,0.982117
activist,activist,0.03378023
sceptic,sceptic,0.9995363
activist,activist,0.0021364216
sceptic,sceptic,0.9997398
sceptic,sceptic,0.94068086
sceptic,sceptic,0.99899167
activist,activist,0.010986943
activist,activist,0.00086936745
activist,sceptic,0.90590656
sceptic,activist,0.004442395
activist,sceptic,0.7985012
sceptic,sceptic,0.9875444
activist,activist,0.0016678823
activist,activist,0.0005826939
sceptic,sceptic,0.99973255
sceptic,sceptic,0.9995016
sceptic,sceptic,0.99333304
sceptic,activist,0.30647513
sceptic,sceptic,0.99955755
activist,activist,0.00095473166
activist,activist,0.00071523245
sceptic,sceptic,0.999729
activist,activist,0.0014750635
activist,activist,0.0014437558
activist,activist,0.42122442
sceptic,sceptic,0.9996388
sceptic,sceptic,0.99969995
sceptic,sceptic,0.99966204
sceptic,sceptic,0.99958104
sceptic,sceptic,0.9861514
sceptic,activist,0.19042274
sceptic,sceptic,0.9836912
activist,activist,0.00048217614
sceptic,sceptic,0.9732661
sceptic,sceptic,0.99973255
activist,activist,0.0033897832
activist,activist,0.0010649626
activist,activist,0.0006811711
sceptic,sceptic,0.94886994
sceptic,activist,0.10795362
sceptic,sceptic,0.8778961
sceptic,sceptic,0.9489646
activist,activist,0.00092538487
activist,activist,0.0010505168
sceptic,activist,0.27430278
activist,activist,0.000611834
sceptic,sceptic,0.9924521
sceptic,sceptic,0.717408
activist,activist,0.0005614787
sceptic,sceptic,0.99541724
sceptic,sceptic,0.9996762
activist,activist,0.0011604195
sceptic,sceptic,0.9923638
activist,activist,0.011353657
sceptic,sceptic,0.9985392
activist,activist,0.00046552691
sceptic,sceptic,0.99644804
sceptic,sceptic,0.99964166
activist,activist,0.0007643033
sceptic,sceptic,0.647018
sceptic,sceptic,0.55459106
activist,activist,0.00052850915
sceptic,sceptic,0.9997247
sceptic,sceptic,0.85752964
sceptic,sceptic,0.9860443
sceptic,sceptic,0.98913974
sceptic,sceptic,0.9996929
activist,activist,0.07198163
activist,activist,0.034456022
sceptic,sceptic,0.9997352
activist,activist,0.00286158
sceptic,sceptic,0.9964825
sceptic,sceptic,0.9995461
activist,sceptic,0.5437947
sceptic,sceptic,0.9997284
sceptic,sceptic,0.6831025
activist,activist,0.08479541
sceptic,sceptic,0.9913223
sceptic,sceptic,0.9067358
activist,activist,0.001247274
activist,activist,0.0010005045
sceptic,sceptic,0.99966395
sceptic,sceptic,0.9997131
sceptic,sceptic,0.9952356
activist,activist,0.011597362
activist,activist,0.00067587383
activist,activist,0.000854232
activist,activist,0.0015608892
activist,activist,0.00069595367
activist,activist,0.0051097376
sceptic,sceptic,0.99969935
sceptic,activist,0.010052368
activist,activist,0.0011030266
activist,activist,0.002282775
activist,activist,0.0014269596
activist,activist,0.03339982
activist,activist,0.0006449432
sceptic,sceptic,0.5677569
sceptic,sceptic,0.99677116
activist,activist,0.013982613
sceptic,sceptic,0.88368845
sceptic,sceptic,0.9865976
activist,activist,0.022414217
sceptic,sceptic,0.9972638
activist,activist,0.018493311
sceptic,sceptic,0.9766692
activist,activist,0.0037580945
activist,activist,0.0006838353
sceptic,sceptic,0.7484902
sceptic,activist,0.0006178345
activist,activist,0.0017996542
sceptic,sceptic,0.9997383
activist,activist,0.00076281314
activist,activist,0.020468965
sceptic,sceptic,0.8079157
activist,activist,0.002038787
activist,activist,0.00074370287
activist,activist,0.17085359
activist,sceptic,0.969469
sceptic,sceptic,0.66698503
activist,sceptic,0.7445171
activist,activist,0.003503823
activist,sceptic,0.71913713
activist,activist,0.034164816
activist,activist,0.00089519075
activist,activist,0.018905448
activist,activist,0.00086092605
sceptic,sceptic,0.9989034
activist,activist,0.0006263342
activist,activist,0.0013966716
sceptic,sceptic,0.99497885
sceptic,sceptic,0.9993538
sceptic,sceptic,0.9601001
sceptic,sceptic,0.998844
activist,activist,0.04694293
sceptic,sceptic,0.7947835
activist,activist,0.0010242065
activist,activist,0.005786155
sceptic,sceptic,0.9943141
sceptic,sceptic,0.9291196
activist,activist,0.0006538155
sceptic,sceptic,0.99936634
activist,activist,0.00286158
sceptic,sceptic,0.9675945
activist,activist,0.0014465743
sceptic,sceptic,0.9859634
sceptic,sceptic,0.52131504
sceptic,sceptic,0.9887988
sceptic,sceptic,0.9996666
activist,activist,0.0010965895
activist,activist,0.0009128307
sceptic,sceptic,0.8945133
activist,activist,0.009072807
sceptic,sceptic,0.9997305
activist,sceptic,0.83867973
activist,activist,0.0011832798
sceptic,sceptic,0.99964786
sceptic,sceptic,0.9993
sceptic,sceptic,0.9997279
activist,activist,0.0019117693
sceptic,sceptic,0.9667888
activist,activist,0.00059650384
activist,activist,0.00087617995
activist,activist,0.0011995488
activist,activist,0.00045121062
activist,activist,0.013402404
sceptic,sceptic,0.9997209
sceptic,sceptic,0.9997336
activist,activist,0.0015517841
activist,activist,0.40995878
activist,activist,0.0046909326
activist,activist,0.00047193223
activist,activist,0.0005193048
activist,activist,0.00060000725
activist,activist,0.0023596606
sceptic,sceptic,0.8039445
sceptic,sceptic,0.99971753
activist,activist,0.005384938
activist,activist,0.0006130294
activist,activist,0.00198004
sceptic,sceptic,0.9997209
activist,activist,0.009090384
sceptic,sceptic,0.9962638
activist,activist,0.2200909
activist,activist,0.10488921
activist,activist,0.0011855904
sceptic,sceptic,0.9928231
activist,activist,0.0009888597
sceptic,sceptic,0.9997187
sceptic,sceptic,0.99973255
activist,activist,0.00071523245
sceptic,activist,0.44998547
activist,activist,0.014337031
sceptic,sceptic,0.98240626
sceptic,sceptic,0.9763331
activist,activist,0.0011008767
activist,activist,0.0011740823
activist,activist,0.02072506
sceptic,sceptic,0.987375
activist,activist,0.022243667
sceptic,activist,0.06754669
activist,activist,0.0006424304
activist,activist,0.008172064
sceptic,sceptic,0.9947391
activist,activist,0.0024201944
activist,sceptic,0.9298237
activist,activist,0.07613248
activist,activist,0.0010024584
sceptic,sceptic,0.9986646
sceptic,sceptic,0.99456257
activist,activist,0.42748633
sceptic,activist,0.30131063
activist,activist,0.03861093
activist,sceptic,0.9655115
activist,activist,0.23170114
activist,activist,0.0016452717
activist,activist,0.0008899655
activist,activist,0.000782414
activist,activist,0.0019839033
sceptic,sceptic,0.9990188
sceptic,sceptic,0.9865976
sceptic,sceptic,0.9984841
activist,activist,0.0012255674
sceptic,sceptic,0.9631959
activist,activist,0.0004945695
sceptic,sceptic,0.99972624
activist,activist,0.002282775
activist,activist,0.0016517006
activist,activist,0.0014837189
activist,activist,0.20307463
sceptic,sceptic,0.9991374
activist,sceptic,0.6489671
activist,activist,0.0018858586
sceptic,sceptic,0.9995939
activist,activist,0.00059071044
activist,activist,0.053650703
activist,sceptic,0.99342304
activist,activist,0.13986564
activist,activist,0.0034902103
sceptic,sceptic,0.99756086
activist,activist,0.09653531
sceptic,sceptic,0.9928231
sceptic,sceptic,0.99955136
activist,activist,0.00063001254
sceptic,sceptic,0.9871788
activist,activist,0.0007748164
sceptic,activist,0.064065434
activist,activist,0.0005172813
activist,activist,0.0013070537
sceptic,sceptic,0.9973477
sceptic,sceptic,0.99697804
activist,activist,0.34958825
sceptic,activist,0.28194898
activist,activist,0.0006563728
activist,activist,0.0026834398
activist,activist,0.0005112579
sceptic,sceptic,0.9997098
sceptic,sceptic,0.5946837
sceptic,sceptic,0.96069443
sceptic,sceptic,0.9997137
activist,activist,0.012698199
activist,activist,0.00094546226
activist,activist,0.029844802
sceptic,sceptic,0.99943525
sceptic,sceptic,0.9990854
sceptic,sceptic,0.9983321
activist,activist,0.0025311115
activist,activist,0.00059766934
activist,activist,0.0005792917
sceptic,sceptic,0.999729
activist,activist,0.00090220553
activist,activist,0.0008231385
activist,activist,0.00063992746
activist,activist,0.0011313597
activist,activist,0.0007279067
sceptic,sceptic,0.9997279
activist,activist,0.0015041127
activist,activist,0.12304914
activist,activist,0.012123755
activist,activist,0.026155619
sceptic,sceptic,0.9996953
sceptic,sceptic,0.9623913
activist,activist,0.04672496
activist,activist,0.0007568814
activist,activist,0.00072365726
activist,activist,0.2508669
activist,activist,0.0004984466
sceptic,sceptic,0.968111
activist,activist,0.0014721894
sceptic,sceptic,0.99971026
activist,activist,0.0022213378
sceptic,sceptic,0.9996965
activist,activist,0.0017511968
sceptic,sceptic,0.99701905
sceptic,sceptic,0.9985702
activist,activist,0.0005043191
sceptic,sceptic,0.9038897
activist,activist,0.004609572
sceptic,sceptic,0.99752253
activist,activist,0.004848533
activist,activist,0.0063266307
sceptic,sceptic,0.99951124
activist,activist,0.00044945232
sceptic,sceptic,0.9930962
sceptic,sceptic,0.9997086
activist,activist,0.0005193048
activist,activist,0.0010987311
sceptic,activist,0.3427915
activist,activist,0.17391866
activist,activist,0.18337418
sceptic,sceptic,0.99279517
sceptic,sceptic,0.9995092
activist,sceptic,0.6977119
sceptic,sceptic,0.9876401
activist,activist,0.014957086
activist,activist,0.027143434
sceptic,sceptic,0.9997029
sceptic,activist,0.34742638
sceptic,sceptic,0.99850464
activist,activist,0.0006436856
activist,activist,0.00053578056
sceptic,sceptic,0.99951315
sceptic,sceptic,0.9928647
activist,activist,0.20275871
activist,activist,0.049635068
sceptic,activist,0.40953436
activist,activist,0.15272598
activist,activist,0.06797852
sceptic,sceptic,0.9996983
activist,activist,0.0071629784
sceptic,sceptic,0.99973255
activist,activist,0.00097354373
sceptic,sceptic,0.9993148
activist,activist,0.0031974867
sceptic,sceptic,0.96964204
sceptic,sceptic,0.9995453
sceptic,sceptic,0.68056023
activist,activist,0.0018137436
sceptic,sceptic,0.99972516
activist,activist,0.0024249142
sceptic,sceptic,0.8662457
sceptic,sceptic,0.99973625
sceptic,sceptic,0.9930559
sceptic,sceptic,0.99718815
sceptic,sceptic,0.9997125
activist,activist,0.00067324063
activist,activist,0.033148516
sceptic,sceptic,0.9991991
activist,activist,0.0007293288
activist,activist,0.0014437558
activist,activist,0.00054740964
sceptic,sceptic,0.99971086
activist,activist,0.0036358088
activist,activist,0.20142026
sceptic,sceptic,0.9914556
sceptic,sceptic,0.99924755
activist,activist,0.000865981
sceptic,sceptic,0.9970247
sceptic,activist,0.11153119
sceptic,sceptic,0.96688277
activist,activist,0.00206277
activist,sceptic,0.8342044
activist,activist,0.001092319
activist,activist,0.0014465743
sceptic,sceptic,0.99973255
sceptic,sceptic,0.99960333
activist,activist,0.001348488
activist,activist,0.0010242065
activist,activist,0.0015277629
sceptic,sceptic,0.9996486
sceptic,sceptic,0.99972945
sceptic,sceptic,0.9997131
activist,activist,0.0012207953
sceptic,sceptic,0.99837387
sceptic,sceptic,0.96882665
activist,activist,0.000461005
activist,activist,0.00087789143
sceptic,sceptic,0.99700147
activist,activist,0.00075246283
sceptic,sceptic,0.99620515
sceptic,sceptic,0.9983897
activist,activist,0.23022676
activist,activist,0.01745923
activist,activist,0.00060471025
sceptic,sceptic,0.9253649
sceptic,sceptic,0.9395816
sceptic,activist,0.0015457438
sceptic,sceptic,0.6222585
activist,activist,0.0013939502
sceptic,sceptic,0.9997284
activist,sceptic,0.8646537
activist,activist,0.0004390453
activist,activist,0.0007041515
sceptic,sceptic,0.96354055
sceptic,sceptic,0.99393785
activist,activist,0.19027226
sceptic,sceptic,0.9964688
sceptic,sceptic,0.9997075
activist,activist,0.0008328334
activist,activist,0.0029121786
activist,activist,0.30079693
activist,activist,0.0004272079
sceptic,sceptic,0.9935369
sceptic,sceptic,0.9997154
sceptic,sceptic,0.9996244
sceptic,sceptic,0.99944717
sceptic,activist,0.47428116
sceptic,sceptic,0.9979292
sceptic,sceptic,0.99971753
activist,activist,0.1949036
activist,activist,0.00087617995
sceptic,activist,0.47393492
activist,activist,0.009485713
activist,activist,0.0052608517
activist,sceptic,0.76951355
activist,activist,0.07843036
activist,activist,0.0006865099
activist,activist,0.014337031
sceptic,sceptic,0.8284536
sceptic,sceptic,0.9997069
activist,activist,0.0009640919
sceptic,sceptic,0.96050966
sceptic,sceptic,0.9996486
sceptic,sceptic,0.99962294
activist,activist,0.001016244
activist,activist,0.012673735
sceptic,sceptic,0.9996118
sceptic,sceptic,0.9980957
activist,activist,0.0009362829
sceptic,sceptic,0.93115014
activist,activist,0.0005484792
activist,activist,0.012698199
activist,activist,0.008968053
activist,activist,0.0056200363
sceptic,activist,0.29279748
activist,activist,0.00094730896
activist,activist,0.000628784
activist,activist,0.0005527786
sceptic,sceptic,0.99622726
activist,activist,0.018299334
sceptic,sceptic,0.5625971
sceptic,sceptic,0.9986303
activist,activist,0.0008103873
sceptic,sceptic,0.9977393
activist,activist,0.010091315
sceptic,sceptic,0.99608517
sceptic,sceptic,0.9997459
sceptic,sceptic,0.99839586
activist,activist,0.0029521482
activist,activist,0.028087387
sceptic,sceptic,0.9103862
sceptic,sceptic,0.61797386
sceptic,sceptic,0.8089744
sceptic,sceptic,0.9992461
sceptic,sceptic,0.99911696
activist,sceptic,0.8191712
activist,activist,0.0006436856
sceptic,sceptic,0.8431217
activist,activist,0.0012351678
activist,activist,0.0008917038
sceptic,sceptic,0.998662
activist,activist,0.00472755
activist,activist,0.0052608517
activist,activist,0.0018458483
activist,activist,0.0007687913
sceptic,sceptic,0.99889696
sceptic,sceptic,0.99680245
sceptic,sceptic,0.87185717
sceptic,sceptic,0.90371984
sceptic,sceptic,0.9997305
activist,activist,0.0007657964
sceptic,sceptic,0.99279517
activist,activist,0.0011925492
sceptic,sceptic,0.99971086
activist,activist,0.007360082
sceptic,sceptic,0.9984269
activist,activist,0.0048674173
activist,activist,0.0008199321
sceptic,sceptic,0.9597998
activist,activist,0.01796897
sceptic,activist,0.0032287638
sceptic,sceptic,0.90747637
sceptic,sceptic,0.9867517
activist,activist,0.0024107816
activist,activist,0.45622808
sceptic,sceptic,0.9995566
activist,activist,0.005554925
sceptic,sceptic,0.7185944
sceptic,sceptic,0.9995859
sceptic,sceptic,0.87120116
activist,activist,0.0006190416
activist,activist,0.0027044294
activist,activist,0.0028009268
sceptic,activist,0.31197682
sceptic,activist,0.06596494
activist,activist,0.003586616
sceptic,sceptic,0.99564314
activist,activist,0.004281255
activist,activist,0.0007870084
activist,activist,0.002364263
sceptic,sceptic,0.9997236
activist,activist,0.03452106
activist,activist,0.0012768145
sceptic,sceptic,0.71388066
activist,activist,0.004895881
sceptic,sceptic,0.99677116
sceptic,sceptic,0.53572845
activist,activist,0.00047101182
sceptic,sceptic,0.99821776
sceptic,sceptic,0.98677725
activist,activist,0.01200735
activist,activist,0.0013096057
sceptic,sceptic,0.96411926
activist,activist,0.014145104
sceptic,sceptic,0.99967563
activist,activist,0.0011402229
activist,activist,0.023487046
activist,activist,0.0013993984
activist,activist,0.025687136
activist,activist,0.2560871
sceptic,sceptic,0.7490872
sceptic,activist,0.24104246
sceptic,sceptic,0.99972135
sceptic,sceptic,0.9995908
activist,activist,0.0009510131
sceptic,sceptic,0.99967754
activist,activist,0.0131973615
sceptic,sceptic,0.9982317
sceptic,sceptic,0.9997367
activist,activist,0.12511882
sceptic,sceptic,0.9014011
activist,activist,0.18491465
activist,activist,0.0006154273
sceptic,activist,0.015483988
activist,activist,0.0073743653
sceptic,sceptic,0.7614498
activist,activist,0.00083446025
activist,activist,0.0005849732
sceptic,activist,0.3205022
activist,activist,0.0011160143
sceptic,sceptic,0.9968945
activist,activist,0.0017683518
sceptic,sceptic,0.97885466
activist,activist,0.0013912341
activist,sceptic,0.9175246
sceptic,sceptic,0.9989287
sceptic,sceptic,0.99719906
activist,activist,0.018404892
sceptic,sceptic,0.9746045
activist,activist,0.006984649
activist,activist,0.16913125
activist,activist,0.0029178553
activist,activist,0.034293946
activist,activist,0.0019684948
activist,activist,0.0050211498
activist,activist,0.0009057334
activist,activist,0.0009830883
sceptic,sceptic,0.99964166
sceptic,sceptic,0.8003021
activist,activist,0.015814934
sceptic,activist,0.4552781
activist,activist,0.000998554
sceptic,sceptic,0.9327602
activist,activist,0.0005603838
sceptic,sceptic,0.9997273
activist,activist,0.00090396777
activist,activist,0.0022916892
activist,activist,0.0751764
activist,activist,0.00046190582
sceptic,sceptic,0.99960953
sceptic,sceptic,0.87705624
sceptic,activist,0.077030234
sceptic,sceptic,0.9996699
sceptic,sceptic,0.99727964
activist,activist,0.0011902251
sceptic,sceptic,0.914977
activist,activist,0.0023688741
activist,activist,0.0015669888
activist,activist,0.00042140935
activist,sceptic,0.97093683
sceptic,sceptic,0.9992519
activist,activist,0.42714652
sceptic,sceptic,0.56165063
sceptic,sceptic,0.9991239
activist,activist,0.0014750635
activist,activist,0.0022518474
sceptic,sceptic,0.9517737
sceptic,sceptic,0.99972945
sceptic,sceptic,0.99903405
activist,activist,0.014756983
sceptic,sceptic,0.9933589
sceptic,activist,0.4665465
sceptic,sceptic,0.94767237
activist,activist,0.038683496
sceptic,sceptic,0.9993411
sceptic,sceptic,0.99938214
sceptic,sceptic,0.9997336
sceptic,sceptic,0.99948776
sceptic,sceptic,0.9948803
activist,activist,0.0037217084
activist,activist,0.00078854576
activist,activist,0.0006932423
sceptic,sceptic,0.9997131
sceptic,sceptic,0.9815067
activist,activist,0.0013147246
activist,activist,0.0005680935
activist,activist,0.0020951857
sceptic,sceptic,0.9995956
sceptic,sceptic,0.9997011
sceptic,sceptic,0.87599933
sceptic,sceptic,0.7871142
activist,activist,0.21526825
activist,activist,0.0010142631
sceptic,sceptic,0.99951875
sceptic,sceptic,0.95783347
sceptic,sceptic,0.9872528
sceptic,activist,0.013558245
sceptic,sceptic,0.99968374
activist,activist,0.0006654022
activist,activist,0.004339933
activist,activist,0.0045208177
activist,activist,0.0018639286
activist,activist,0.0026368054
sceptic,sceptic,0.97107434
sceptic,sceptic,0.99973255
sceptic,sceptic,0.9993845
activist,activist,0.0014693211
sceptic,sceptic,0.51891565
sceptic,sceptic,0.8881781
sceptic,sceptic,0.9997148
sceptic,sceptic,0.9996935
activist,activist,0.14651415
activist,activist,0.0037362208
activist,activist,0.0012793075
activist,activist,0.019813737
sceptic,sceptic,0.99970454
activist,activist,0.0007839425
sceptic,sceptic,0.9996911
activist,activist,0.0014297453
sceptic,sceptic,0.99349916
sceptic,sceptic,0.99885535
activist,activist,0.00046371284
sceptic,sceptic,0.9997428
sceptic,sceptic,0.997285
sceptic,sceptic,0.98045003
activist,activist,0.00078854576
sceptic,sceptic,0.99901116
activist,activist,0.0006589401
sceptic,sceptic,0.9992848
sceptic,sceptic,0.9996499
sceptic,sceptic,0.9993893
sceptic,sceptic,0.9973477
activist,activist,0.09670579
activist,activist,0.03138043
activist,activist,0.0005213363
activist,activist,0.0020348171
sceptic,activist,0.008364238
activist,activist,0.08232769
sceptic,sceptic,0.93587595
sceptic,sceptic,0.9976859
activist,activist,0.0009092752
sceptic,sceptic,0.5851011
sceptic,sceptic,0.9997131
activist,activist,0.0011972112
activist,activist,0.057599206
sceptic,sceptic,0.99972576
activist,sceptic,0.84325075
activist,activist,0.26203847
activist,activist,0.0021912407
activist,activist,0.013428254
activist,activist,0.02297737
activist,activist,0.11752149
activist,activist,0.019326586
activist,activist,0.0013804223
sceptic,sceptic,0.685318
activist,activist,0.2892211
activist,activist,0.23057307
sceptic,sceptic,0.99973875
activist,activist,0.0074896244
activist,activist,0.0015041127
activist,activist,0.0007055272
sceptic,sceptic,0.9997284
sceptic,sceptic,0.95610446
activist,activist,0.0006263342
sceptic,activist,0.27057657
sceptic,sceptic,0.90590656
sceptic,sceptic,0.8308688
activist,activist,0.0004255431
activist,activist,0.0010083435
sceptic,sceptic,0.9907678
sceptic,sceptic,0.9993525
activist,activist,0.0005243984
sceptic,sceptic,0.714628
activist,activist,0.0057302467
sceptic,sceptic,0.9752254
sceptic,activist,0.22017471
sceptic,sceptic,0.99584997
activist,activist,0.005395409
sceptic,sceptic,0.9455505
activist,activist,0.012217682
activist,activist,0.0067188703
sceptic,sceptic,0.6580331
sceptic,sceptic,0.99867755
activist,activist,0.0008009536
sceptic,sceptic,0.9973218
sceptic,sceptic,0.9977525
sceptic,sceptic,0.80821866
sceptic,sceptic,0.99972516
activist,activist,0.00058955856
activist,activist,0.0023920655
sceptic,sceptic,0.9997508
activist,activist,0.0006851713
sceptic,sceptic,0.78357476
activist,activist,0.0008040859
sceptic,sceptic,0.99962807
activist,activist,0.0013939502
sceptic,sceptic,0.999652
activist,activist,0.0011469158
activist,activist,0.024845436
activist,activist,0.004801641
activist,activist,0.00050137425
activist,activist,0.0008072305
sceptic,activist,0.039011665
sceptic,sceptic,0.99964297
activist,activist,0.0009217804
sceptic,sceptic,0.9997192
sceptic,sceptic,0.5602903
sceptic,sceptic,0.99971646
sceptic,sceptic,0.9996892
activist,activist,0.0030634168
sceptic,sceptic,0.9997241
activist,activist,0.0005680935
sceptic,sceptic,0.8756275
activist,activist,0.028625505
activist,activist,0.0009792591
activist,activist,0.0015457438
sceptic,sceptic,0.99973255
sceptic,sceptic,0.9848984
sceptic,sceptic,0.9993255
activist,activist,0.011375601
activist,activist,0.006863781
sceptic,sceptic,0.9765577
activist,activist,0.01958742
activist,activist,0.0045738644
sceptic,activist,0.0034096357
sceptic,sceptic,0.99967504
activist,activist,0.00059883716
activist,activist,0.001348488
activist,activist,0.0016009645
activist,activist,0.026912306
activist,activist,0.00052747846
sceptic,sceptic,0.9997203
activist,activist,0.001261958
sceptic,sceptic,0.99912554
sceptic,sceptic,0.85195273
activist,activist,0.0014866153
sceptic,sceptic,0.86344916
sceptic,sceptic,0.9997336
activist,activist,0.0022961588
activist,activist,0.007121429
activist,activist,0.0024107816
activist,activist,0.00059071044
activist,activist,0.0006374342
activist,activist,0.0021239663
sceptic,sceptic,0.9992237
sceptic,sceptic,0.99970514
sceptic,sceptic,0.9792749
sceptic,sceptic,0.9997305
sceptic,sceptic,0.9678385
activist,activist,0.009727271
sceptic,sceptic,0.83196384
activist,activist,0.0057413853
sceptic,sceptic,0.9982658
sceptic,sceptic,0.9173767
sceptic,sceptic,0.9996935
activist,activist,0.0045916834
activist,activist,0.00045741905
sceptic,sceptic,0.9996941
sceptic,sceptic,0.99974185
activist,activist,0.0027097024
activist,activist,0.0009811718
activist,activist,0.037361998
sceptic,sceptic,0.99901116
activist,activist,0.043528136
sceptic,sceptic,0.7731308
sceptic,sceptic,0.99780875
activist,activist,0.000994665
activist,sceptic,0.7339766
sceptic,sceptic,0.9997439
activist,activist,0.0005072812
activist,activist,0.000493605
sceptic,sceptic,0.9634031
activist,activist,0.105948284
sceptic,sceptic,0.98264104
activist,activist,0.07243961
activist,activist,0.00063495064
sceptic,sceptic,0.97366965
sceptic,sceptic,0.9764232
activist,activist,0.29380956
activist,activist,0.00046917636
activist,activist,0.0038844768
activist,activist,0.00046734812
sceptic,sceptic,0.99967754
sceptic,sceptic,0.9997247
sceptic,sceptic,0.93952614
sceptic,sceptic,0.99973255
activist,activist,0.0017649074
activist,sceptic,0.98220253
activist,activist,0.0009754452
sceptic,activist,0.010052368
activist,activist,0.0006838353
sceptic,sceptic,0.9996904
activist,activist,0.0012594985
activist,activist,0.005922557
sceptic,sceptic,0.9806364
sceptic,sceptic,0.9766692
sceptic,sceptic,0.99584997
sceptic,sceptic,0.90950596
sceptic,sceptic,0.99718815
sceptic,sceptic,0.99900347
activist,activist,0.001582342
activist,activist,0.0014493983
activist,activist,0.00071662973
sceptic,activist,0.4807377
sceptic,sceptic,0.99820733
sceptic,sceptic,0.99968624
activist,activist,0.00102221
activist,activist,0.14694206
activist,activist,0.00063495064
activist,activist,0.004477081
sceptic,sceptic,0.9970305
activist,activist,0.011869121
activist,activist,0.0018566754
sceptic,sceptic,0.95239735
sceptic,sceptic,0.9994653
activist,activist,0.23934935
sceptic,sceptic,0.9956006
activist,activist,0.19644055
activist,activist,0.0014158707
activist,activist,0.023576804
activist,activist,0.000725071
activist,sceptic,0.934455
activist,activist,0.0019723356
activist,activist,0.0007082866
activist,activist,0.0009622126
activist,activist,0.0010505168
activist,activist,0.002434382
activist,activist,0.051224932
activist,activist,0.004820343
activist,activist,0.00045121062
sceptic,sceptic,0.9970247
activist,activist,0.0023051254
activist,activist,0.0018895386
activist,activist,0.0013696945
activist,activist,0.00049650425
sceptic,sceptic,0.9747731
activist,activist,0.00042058743
activist,activist,0.0054269433
activist,activist,0.0032476767
activist,activist,0.0024201944
activist,activist,0.003692853
activist,activist,0.019681409
activist,activist,0.0014550629
activist,activist,0.0014493983
sceptic,sceptic,0.9997439
activist,activist,0.045099568
activist,activist,0.0017007225
sceptic,sceptic,0.9997181
sceptic,sceptic,0.98617804
activist,activist,0.009376237
sceptic,sceptic,0.99954873
sceptic,sceptic,0.7581527
activist,activist,0.010944578
activist,activist,0.0004390453
activist,activist,0.12847047
sceptic,sceptic,0.9128255
sceptic,sceptic,0.86350673
activist,activist,0.017325716
activist,activist,0.005220126
activist,activist,0.0011424494
activist,activist,0.01461567
activist,activist,0.005685907
activist,sceptic,0.77475387
sceptic,sceptic,0.9994429
sceptic,sceptic,0.9925103
sceptic,sceptic,0.98262435
sceptic,sceptic,0.9899671
activist,activist,0.00809329
activist,activist,0.0006865099
activist,activist,0.0015011822
activist,activist,0.0013276093
activist,sceptic,0.6891226
activist,activist,0.01461567
sceptic,sceptic,0.99963164
activist,sceptic,0.9982039
sceptic,sceptic,0.96472245
activist,activist,0.0018530595
sceptic,sceptic,0.99970347
activist,activist,0.027169231
sceptic,sceptic,0.9789554
activist,activist,0.0018422535
sceptic,sceptic,0.8017807
activist,activist,0.009652304
sceptic,sceptic,0.9920312
sceptic,sceptic,0.66082937
sceptic,sceptic,0.9991239
activist,activist,0.00058955856
sceptic,sceptic,0.9708264
activist,activist,0.00066931
activist,activist,0.001867566
sceptic,sceptic,0.9994653
activist,activist,0.005544146
sceptic,activist,0.13828714
sceptic,sceptic,0.99812514
sceptic,activist,0.024680352
activist,activist,0.0011855904
activist,activist,0.0013617034
activist,activist,0.0016809416
activist,sceptic,0.9523531
activist,sceptic,0.99111825
sceptic,sceptic,0.9997336
sceptic,sceptic,0.9697281
sceptic,sceptic,0.9952077
activist,activist,0.00075984147
activist,activist,0.0011649561
activist,activist,0.0008056567
sceptic,sceptic,0.99384296
sceptic,sceptic,0.99482024
activist,activist,0.024774553
sceptic,sceptic,0.9972045
activist,activist,0.05623634
sceptic,sceptic,0.99957114
activist,sceptic,0.90320885
activist,activist,0.021287354
sceptic,sceptic,0.99942076
activist,activist,0.00058955856
sceptic,sceptic,0.9626381
activist,activist,0.00060589175
activist,activist,0.0012399962
sceptic,sceptic,0.99937373
sceptic,sceptic,0.99974185
activist,activist,0.0009754452
sceptic,activist,0.010032952
sceptic,sceptic,0.97212505
sceptic,sceptic,0.99871576
activist,sceptic,0.5900412
sceptic,sceptic,0.9996923
activist,activist,0.019531237
activist,activist,0.3270232
activist,sceptic,0.5894579
sceptic,sceptic,0.9997198
sceptic,sceptic,0.99972624
sceptic,sceptic,0.99971753
sceptic,sceptic,0.99972194
activist,activist,0.00047193223
activist,activist,0.0059571536
sceptic,sceptic,0.90623903
activist,activist,0.0013327986
sceptic,sceptic,0.9882676
sceptic,sceptic,0.9997428
sceptic,sceptic,0.998784
sceptic,sceptic,0.98225373
sceptic,sceptic,0.99903405
sceptic,sceptic,0.8358188
activist,activist,0.029090757
activist,activist,0.00054103555
activist,activist,0.0044079763
activist,activist,0.2111727
activist,activist,0.01660912
sceptic,sceptic,0.999723
sceptic,sceptic,0.99945897
sceptic,sceptic,0.9997403
sceptic,sceptic,0.9996911
sceptic,sceptic,0.9996388
activist,activist,0.0009181901
sceptic,activist,0.24382246
activist,activist,0.0014579034
activist,activist,0.0006654022
sceptic,activist,0.31352484
sceptic,sceptic,0.85262895
activist,activist,0.0013121625
sceptic,sceptic,0.98588216
sceptic,sceptic,0.99804294
activist,activist,0.0030753699
sceptic,sceptic,0.99975175
activist,activist,0.0029521482
sceptic,sceptic,0.8118252
sceptic,activist,0.44325775
activist,activist,0.0015700475
activist,activist,0.0011291546
sceptic,sceptic,0.9975561
sceptic,sceptic,0.9814
activist,activist,0.00047377846
activist,activist,0.0006563728
activist,activist,0.007891985
sceptic,activist,0.4857369
sceptic,sceptic,0.961642
sceptic,sceptic,0.99955493
sceptic,sceptic,0.53808075
activist,activist,0.00047749258
activist,sceptic,0.99855906
activist,activist,0.042206
sceptic,sceptic,0.99971586
sceptic,sceptic,0.9997284
sceptic,activist,0.051605966
activist,activist,0.11075937
activist,activist,0.0780079
activist,activist,0.00048311835
activist,activist,0.0006785172
activist,activist,0.00075540564
activist,activist,0.00044508645
activist,activist,0.01524759
sceptic,sceptic,0.9997023
activist,activist,0.0058653387
sceptic,sceptic,0.9423477
activist,activist,0.00095473166
sceptic,sceptic,0.9995703
activist,activist,0.0014297453
sceptic,activist,0.4842086
sceptic,sceptic,0.9946464
sceptic,sceptic,0.9838161
sceptic,sceptic,0.99589807
sceptic,activist,0.045310315
sceptic,sceptic,0.877739
activist,activist,0.0039224476
sceptic,sceptic,0.9997209
sceptic,sceptic,0.9949886
sceptic,sceptic,0.9912378
activist,activist,0.026230346
activist,activist,0.000628784
sceptic,sceptic,0.99972945
sceptic,sceptic,0.99973255
sceptic,sceptic,0.9997428
sceptic,sceptic,0.98953116
activist,activist,0.00093263603
activist,activist,0.14706452
activist,activist,0.0007495314
sceptic,sceptic,0.9997398
sceptic,sceptic,0.9997358
sceptic,sceptic,0.9811307
activist,activist,0.004264634
sceptic,sceptic,0.9967269
activist,activist,0.00058042357
sceptic,sceptic,0.9972691
sceptic,sceptic,0.95536083
sceptic,sceptic,0.9997125
activist,activist,0.0063759354
activist,activist,0.00053787645
activist,activist,0.0107351625
sceptic,sceptic,0.9732915
activist,activist,0.00063495064
sceptic,sceptic,0.9997398
sceptic,sceptic,0.999673
sceptic,sceptic,0.9987257
sceptic,sceptic,0.9997023
activist,activist,0.0107351625
sceptic,sceptic,0.99697804
sceptic,sceptic,0.92064714
sceptic,activist,0.024516335
activist,activist,0.0019006216
sceptic,sceptic,0.99219924
activist,activist,0.0067058485
sceptic,sceptic,0.9996018
activist,activist,0.0008103873
sceptic,sceptic,0.9979652
sceptic,sceptic,0.9996338
sceptic,sceptic,0.9994735
sceptic,sceptic,0.99963665
sceptic,sceptic,0.90690076
sceptic,sceptic,0.98862445
sceptic,activist,0.018246775
sceptic,sceptic,0.99969935
sceptic,sceptic,0.99951875
sceptic,sceptic,0.9995956
activist,activist,0.012796518
sceptic,sceptic,0.99343574
activist,activist,0.00046190582
sceptic,sceptic,0.999731
sceptic,sceptic,0.99967563
sceptic,sceptic,0.99936384
sceptic,activist,0.24301313
activist,activist,0.00062146306
activist,sceptic,0.7040584
sceptic,sceptic,0.9990728
sceptic,sceptic,0.99950254
sceptic,sceptic,0.9993724
sceptic,sceptic,0.9997098
sceptic,sceptic,0.9991374
activist,activist,0.0007321813
activist,activist,0.0043568457
activist,activist,0.0026061658
sceptic,sceptic,0.998147
sceptic,sceptic,0.9601001
activist,activist,0.0015669888
sceptic,sceptic,0.9656736
activist,activist,0.0033244372
sceptic,sceptic,0.99544394
sceptic,sceptic,0.72545415
activist,sceptic,0.69238204
activist,activist,0.000543152
activist,activist,0.0011469158
sceptic,sceptic,0.9938548
sceptic,activist,0.030588808
sceptic,sceptic,0.547594
activist,sceptic,0.9705485
sceptic,sceptic,0.6366638
sceptic,sceptic,0.998147
activist,activist,0.0038618704
activist,sceptic,0.64360934
activist,activist,0.0021531414
activist,activist,0.00095659646
activist,activist,0.00058042357
activist,activist,0.0004897656
activist,activist,0.000725071
activist,activist,0.0062899017
activist,activist,0.0012968953
sceptic,sceptic,0.9990434
activist,activist,0.0016678823
sceptic,sceptic,0.5414234
sceptic,sceptic,0.99973255
activist,activist,0.040049795
sceptic,sceptic,0.99965537
sceptic,sceptic,0.9783226
sceptic,sceptic,0.92468774
activist,activist,0.0007422528
activist,activist,0.0015700475
activist,activist,0.006930672
activist,sceptic,0.63547695
sceptic,sceptic,0.98623115
activist,activist,0.056184534
activist,activist,0.1666076
activist,activist,0.0016646334
sceptic,sceptic,0.9032942
activist,activist,0.0010691264
activist,activist,0.0036146443
activist,activist,0.0004888105
sceptic,activist,0.22084615
activist,activist,0.0021827165
activist,activist,0.0013198635
sceptic,sceptic,0.8906752
sceptic,sceptic,0.98083925
sceptic,sceptic,0.9962126
sceptic,activist,0.4675673
activist,activist,0.03601607
activist,activist,0.0017683518
sceptic,sceptic,0.999729
sceptic,activist,0.367327
activist,activist,0.0006023541
activist,activist,0.00060471025
activist,activist,0.0005082725
activist,activist,0.004451041
activist,activist,0.0010987311
activist,sceptic,0.55184543
sceptic,activist,0.018905448
sceptic,sceptic,0.9012275
sceptic,sceptic,0.9997092
activist,activist,0.018194368
activist,activist,0.020626193
activist,activist,0.019014435
activist,activist,0.0007336117
sceptic,sceptic,0.9997336
sceptic,sceptic,0.99966073
activist,activist,0.0007293288
sceptic,sceptic,0.94664603
activist,activist,0.0019117693
activist,activist,0.0067580864
sceptic,sceptic,0.9989837
activist,sceptic,0.5649463
activist,activist,0.0022961588
sceptic,sceptic,0.9997342
sceptic,sceptic,0.99040353
sceptic,sceptic,0.9997358
sceptic,sceptic,0.9997125
sceptic,sceptic,0.99784267
activist,activist,0.0037362208
sceptic,activist,0.022243667
activist,activist,0.0011313597
activist,sceptic,0.67033863
sceptic,sceptic,0.99971586
activist,activist,0.04228503
activist,activist,0.03452106
activist,sceptic,0.8349459
activist,activist,0.0011203772
activist,activist,0.00079162966
activist,activist,0.00063001254
activist,activist,0.017763345
sceptic,sceptic,0.71253234
activist,activist,0.0009584648
activist,activist,0.003396388
sceptic,sceptic,0.99974185
sceptic,sceptic,0.9983158
activist,activist,0.0018315101
sceptic,sceptic,0.7995989
sceptic,sceptic,0.9984603
sceptic,sceptic,0.9313377
activist,activist,0.0011160143
activist,activist,0.02704047
activist,activist,0.000720838
sceptic,sceptic,0.95803016
activist,activist,0.00050530455
activist,activist,0.0011581581
sceptic,sceptic,0.99854493
sceptic,sceptic,0.9370958
sceptic,sceptic,0.996123
activist,activist,0.0024822769
activist,activist,0.004425152
activist,activist,0.000611834
activist,activist,0.0012136718
sceptic,sceptic,0.99879104
activist,activist,0.056756895
sceptic,sceptic,0.99967563
activist,activist,0.0011291546
activist,activist,0.0073032235
activist,activist,0.0012497094
sceptic,sceptic,0.9909972
activist,sceptic,0.61097586
sceptic,activist,0.25711167
sceptic,sceptic,0.94407386
activist,activist,0.0010546242
sceptic,activist,0.31058982
activist,activist,0.0005527786
sceptic,sceptic,0.9886464
activist,activist,0.008560892
activist,activist,0.07878401
activist,activist,0.11486402
sceptic,activist,0.1363207
sceptic,sceptic,0.97662467
sceptic,sceptic,0.9958093
sceptic,sceptic,0.9894091
sceptic,sceptic,0.99962735
sceptic,sceptic,0.9871044
activist,activist,0.0026939143
activist,activist,0.003254005
activist,activist,0.029201292
activist,activist,0.029844802
sceptic,sceptic,0.99971706
sceptic,sceptic,0.97773504
sceptic,sceptic,0.99974185
activist,activist,0.0030634168
activist,activist,0.011008186
sceptic,sceptic,0.9987405
activist,activist,0.000796278
sceptic,sceptic,0.9996288
sceptic,sceptic,0.9997241
activist,activist,0.0005759093
sceptic,sceptic,0.9659639
activist,activist,0.0008409995
sceptic,sceptic,0.9997347
activist,activist,0.046335038
activist,activist,0.13167487
activist,activist,0.00069595367
sceptic,sceptic,0.99938095
activist,activist,0.010693759
activist,activist,0.06394842
activist,activist,0.029844802
activist,activist,0.023375314
sceptic,sceptic,0.990732
activist,activist,0.0014895173
sceptic,sceptic,0.9996207
sceptic,sceptic,0.9996388
activist,activist,0.0029178553
sceptic,sceptic,0.9539661
sceptic,sceptic,0.992725
activist,activist,0.0013939502
sceptic,sceptic,0.99600047
activist,activist,0.23122342
activist,activist,0.0012448432
sceptic,sceptic,0.98445636
activist,activist,0.0011717941
sceptic,sceptic,0.9995802
activist,activist,0.0011030266
sceptic,sceptic,0.993807
activist,activist,0.00061064085
sceptic,sceptic,0.9909272
activist,activist,0.0014721894
sceptic,sceptic,0.99944717
activist,activist,0.04703038
sceptic,sceptic,0.9843514
activist,activist,0.13817081
activist,activist,0.040351234
activist,activist,0.0008899655
activist,activist,0.00045831295
activist,activist,0.0010859445
activist,activist,0.0010691264
sceptic,sceptic,0.9941004
sceptic,sceptic,0.95589906
sceptic,sceptic,0.9931496
sceptic,sceptic,0.96395
sceptic,sceptic,0.9571178
activist,activist,0.007331598
activist,activist,0.0005953407
sceptic,activist,0.0962801
sceptic,sceptic,0.9997347
sceptic,sceptic,0.9870046
activist,activist,0.366023
sceptic,sceptic,0.988108
activist,activist,0.006984649
sceptic,sceptic,0.99972945
activist,activist,0.0005112579
sceptic,sceptic,0.9670699
sceptic,sceptic,0.9997029
activist,activist,0.24391249
activist,activist,0.109562784
activist,activist,0.0035174885
activist,activist,0.029986506
sceptic,sceptic,0.99933845
activist,activist,0.27289566
activist,sceptic,0.8253083
activist,activist,0.017442483
activist,activist,0.0014982575
activist,activist,0.0051296344
activist,activist,0.00073936116
sceptic,sceptic,0.7527403
activist,activist,0.054098696
activist,activist,0.0021364216
sceptic,sceptic,0.98065484
sceptic,sceptic,0.95945925
activist,sceptic,0.772788
activist,activist,0.34317663
activist,activist,0.0023920655
activist,activist,0.0004926423
sceptic,sceptic,0.9997273
sceptic,sceptic,0.9995523
activist,activist,0.0022170132
activist,activist,0.03715183
activist,activist,0.0004339325
activist,sceptic,0.5212275
sceptic,sceptic,0.99966204
activist,activist,0.027428543
activist,activist,0.0022040892
sceptic,sceptic,0.99411184
sceptic,sceptic,0.9997428
sceptic,sceptic,0.9872528
activist,activist,0.0015669888
activist,activist,0.0017752607
activist,activist,0.0015792594
sceptic,sceptic,0.99970514
sceptic,activist,0.44351006
sceptic,sceptic,0.99973255
sceptic,sceptic,0.998092
activist,activist,0.00071523245
activist,activist,0.0008183336
activist,activist,0.0006798429
activist,activist,0.00095473166
activist,activist,0.0005918646
sceptic,sceptic,0.9582651
activist,activist,0.0006798429
sceptic,sceptic,0.96498734
activist,sceptic,0.7474317
sceptic,sceptic,0.9749884
sceptic,sceptic,0.9399685
sceptic,sceptic,0.9993411
sceptic,sceptic,0.9976859
sceptic,sceptic,0.9973061
activist,activist,0.002434382
sceptic,activist,0.48099673
activist,activist,0.0009344577
sceptic,sceptic,0.99936754
sceptic,activist,0.017610641
activist,activist,0.0006023541
sceptic,sceptic,0.99928063
activist,activist,0.0020467502
activist,activist,0.00063495064
sceptic,activist,0.04831607
sceptic,sceptic,0.99974185
sceptic,sceptic,0.9981324
activist,activist,0.0031912678
activist,activist,0.31848514
activist,activist,0.0053018946
activist,activist,0.0120770605
activist,activist,0.000532652
activist,activist,0.029760094
activist,activist,0.00071662973
sceptic,sceptic,0.99965537
activist,activist,0.016882466
activist,activist,0.00040844924
sceptic,sceptic,0.9456007
activist,sceptic,0.66137636
sceptic,sceptic,0.9078038
activist,activist,0.040087357
activist,activist,0.1907994
sceptic,sceptic,0.97786224
sceptic,sceptic,0.9995345
activist,activist,0.036734894
sceptic,activist,0.05587464
activist,sceptic,0.7360213
activist,sceptic,0.59485286
activist,activist,0.0017891594
activist,activist,0.0004601059
sceptic,sceptic,0.9912378
activist,activist,0.005322535
sceptic,sceptic,0.99361163
sceptic,sceptic,0.99948263
activist,activist,0.0009754452
activist,activist,0.1562336
sceptic,activist,0.38919824
activist,activist,0.002336783
activist,activist,0.00063495064
sceptic,sceptic,0.999688
activist,activist,0.16525605
activist,activist,0.00093263603
activist,activist,0.20898496
activist,activist,0.0014158707
sceptic,sceptic,0.8508408
activist,activist,0.02878888
activist,activist,0.0006785172
sceptic,sceptic,0.99456257
activist,activist,0.0008360903
activist,activist,0.01572399
activist,activist,0.00096033677
sceptic,sceptic,0.9158089
sceptic,sceptic,0.9997017
activist,activist,0.003510649
sceptic,sceptic,0.9128255
sceptic,sceptic,0.9756698
sceptic,sceptic,0.9996345
sceptic,sceptic,0.90183425
activist,activist,0.0022474632
sceptic,sceptic,0.9974342
activist,activist,0.0025212683
sceptic,sceptic,0.99972945
sceptic,sceptic,0.9995592
sceptic,sceptic,0.9997347
activist,activist,0.00075836
sceptic,sceptic,0.9997478
sceptic,sceptic,0.99951124
activist,activist,0.0006462033
activist,activist,0.15707219
activist,activist,0.028980628
sceptic,sceptic,0.99973875
sceptic,sceptic,0.9994307
activist,activist,0.035244323
activist,activist,0.0007509956
activist,activist,0.0017477858
sceptic,sceptic,0.9997439
activist,activist,0.00068785116
sceptic,sceptic,0.9951231
sceptic,activist,0.013045614
activist,activist,0.24908175
sceptic,activist,0.049543016
activist,activist,0.0006424304
sceptic,sceptic,0.9997478
activist,activist,0.00095473166
activist,activist,0.0005484792
activist,activist,0.0020547444
sceptic,sceptic,0.9996331
activist,activist,0.000994665
activist,activist,0.1229438
sceptic,sceptic,0.8253083
activist,activist,0.004256349
sceptic,activist,0.006944127
activist,activist,0.0031115084
activist,activist,0.004477081
sceptic,sceptic,0.99940467
activist,activist,0.011266297
sceptic,sceptic,0.999708
sceptic,sceptic,0.9997069
activist,activist,0.028114058
sceptic,sceptic,0.9981541
sceptic,sceptic,0.99361163
activist,activist,0.0009181901
activist,activist,0.1786691
sceptic,sceptic,0.7834919
activist,activist,0.0028560124
activist,activist,0.0022430879
sceptic,sceptic,0.97673583
sceptic,sceptic,0.9825575
sceptic,sceptic,0.99971086
activist,activist,0.013222822
sceptic,sceptic,0.9996983
sceptic,sceptic,0.84208554
activist,activist,0.0008409995
sceptic,sceptic,0.86042774
activist,activist,0.15272598
sceptic,sceptic,0.96777767
sceptic,sceptic,0.99966526
activist,sceptic,0.9659639
activist,sceptic,0.900267
activist,activist,0.0066540097
sceptic,sceptic,0.89302987
activist,sceptic,0.9027811
sceptic,sceptic,0.992837
sceptic,sceptic,0.9608783
sceptic,sceptic,0.9997142
activist,activist,0.0009773503
activist,activist,0.0057413853
activist,activist,0.019568678
sceptic,sceptic,0.9984633
sceptic,sceptic,0.99521697
activist,activist,0.00057031563
sceptic,sceptic,0.99963737
activist,sceptic,0.60891384
activist,activist,0.0005305765
activist,activist,0.0037289574
activist,activist,0.00079317606
activist,activist,0.0030873693
activist,activist,0.057018865
sceptic,sceptic,0.9977787
sceptic,sceptic,0.9846495
activist,activist,0.0005254231
activist,activist,0.0008009536
sceptic,sceptic,0.99936634
activist,activist,0.0067580864
activist,activist,0.0066153933
sceptic,activist,0.033148516
sceptic,sceptic,0.9997198
sceptic,activist,0.4244418
activist,activist,0.0067058485
sceptic,sceptic,0.97931457
activist,activist,0.001016244
sceptic,sceptic,0.9997398
sceptic,sceptic,0.99867237
sceptic,sceptic,0.98986953
activist,activist,0.00053161324
sceptic,sceptic,0.9961755
activist,activist,0.0004812358
activist,activist,0.0013354007
sceptic,sceptic,0.9996911
activist,activist,0.0006487309
activist,activist,0.0030994155
sceptic,activist,0.19429137
activist,activist,0.0011008767
sceptic,sceptic,0.99966073
sceptic,sceptic,0.9993436
sceptic,sceptic,0.95945925
activist,activist,0.12803373
activist,activist,0.0007055272
activist,sceptic,0.60626537
activist,activist,0.47499645
activist,activist,0.011485952
activist,activist,0.0012918457
sceptic,sceptic,0.9976265
sceptic,sceptic,0.9744105
sceptic,sceptic,0.9997305
sceptic,sceptic,0.9897315
sceptic,sceptic,0.98555213
sceptic,sceptic,0.99420255
sceptic,sceptic,0.98123896
sceptic,sceptic,0.99973255
sceptic,sceptic,0.9992986
sceptic,sceptic,0.99808455
sceptic,sceptic,0.9936365
sceptic,sceptic,0.99341017
activist,activist,0.058722556
sceptic,sceptic,0.99053264
activist,activist,0.27043205
sceptic,activist,0.17525558
sceptic,sceptic,0.9996147
activist,activist,0.0012303581
sceptic,sceptic,0.9997241
activist,activist,0.0023550675
activist,sceptic,0.96609205
sceptic,sceptic,0.9676251
activist,activist,0.004306305
activist,activist,0.0039607873
sceptic,sceptic,0.99656373
activist,activist,0.010860332
sceptic,sceptic,0.9692078
activist,activist,0.0034296038
sceptic,activist,0.35933605
activist,activist,0.0006851713
activist,activist,0.0005636751
activist,activist,0.0005347357
activist,activist,0.00072224624
sceptic,sceptic,0.96192914
sceptic,sceptic,0.83548355
sceptic,sceptic,0.9997423
activist,activist,0.002225671
activist,sceptic,0.84195566
sceptic,sceptic,0.9996947
activist,sceptic,0.71338165
sceptic,sceptic,0.9988508
activist,activist,0.03527755
activist,activist,0.0028783479
activist,activist,0.00049650425
activist,activist,0.0140636265
activist,activist,0.0012594985
sceptic,sceptic,0.99972254
sceptic,sceptic,0.9914722
activist,activist,0.0008626078
activist,activist,0.022999303
sceptic,sceptic,0.99508506
activist,activist,0.008030812
activist,activist,0.24644266
sceptic,sceptic,0.9994547
activist,activist,0.0012943681
activist,activist,0.0006374342
activist,activist,0.00062146306
sceptic,sceptic,0.9993135
activist,activist,0.0005102608
activist,activist,0.0026574312
sceptic,sceptic,0.99970454
activist,activist,0.000782414
sceptic,sceptic,0.99972624
activist,activist,0.0010202174
activist,activist,0.002119831
sceptic,sceptic,0.99974483
activist,activist,0.002631674
sceptic,sceptic,0.9605836
sceptic,sceptic,0.9997187
activist,activist,0.0006932423
sceptic,sceptic,0.9997284
activist,activist,0.0018031665
sceptic,sceptic,0.9951609
activist,activist,0.35770774
activist,activist,0.010328153
sceptic,sceptic,0.98815376
activist,sceptic,0.97467697
sceptic,sceptic,0.9654789
sceptic,sceptic,0.9997236
activist,activist,0.001107339
activist,activist,0.005763727
sceptic,sceptic,0.99971753
activist,activist,0.09073549
activist,activist,0.0006094501
activist,activist,0.006666932
activist,activist,0.012649318
sceptic,sceptic,0.9997209
sceptic,sceptic,0.9933201
activist,activist,0.0038996206
sceptic,sceptic,0.99219924
activist,activist,0.006400731
activist,activist,0.004198795
sceptic,sceptic,0.9993148
activist,activist,0.004820343
sceptic,sceptic,0.9997316
sceptic,sceptic,0.95150405
sceptic,sceptic,0.9835338
activist,sceptic,0.7757747
activist,activist,0.0011832798
activist,activist,0.0008409995
activist,activist,0.0006706176
activist,activist,0.0009528706
activist,activist,0.000971646
sceptic,sceptic,0.9996526
sceptic,sceptic,0.9921537
activist,activist,0.002103369
activist,sceptic,0.9869292
sceptic,sceptic,0.997414
sceptic,sceptic,0.99971753
sceptic,sceptic,0.9997198
sceptic,sceptic,0.9997029
activist,activist,0.0008056567
sceptic,sceptic,0.9997367
sceptic,sceptic,0.92324704
sceptic,activist,0.46019793
sceptic,sceptic,0.67875296
sceptic,sceptic,0.9970708
activist,activist,0.0006745559
sceptic,sceptic,0.9997192
sceptic,sceptic,0.9995308
sceptic,activist,0.49737552
activist,activist,0.00063495064
sceptic,sceptic,0.99128854
activist,activist,0.0055873864
activist,activist,0.0021531414
sceptic,sceptic,0.97984195
sceptic,sceptic,0.9995159
activist,activist,0.00063495064
sceptic,sceptic,0.75944847
sceptic,activist,0.3300662
sceptic,sceptic,0.9790157
sceptic,activist,0.0014895173
activist,activist,0.0008626078
sceptic,sceptic,0.81167597
sceptic,sceptic,0.9997247
activist,activist,0.008251599
activist,sceptic,0.89029425
sceptic,sceptic,0.9996486
activist,activist,0.0012693644
activist,activist,0.21362315
activist,activist,0.009898064
sceptic,sceptic,0.9970131
sceptic,sceptic,0.9648882
sceptic,sceptic,0.9996983
sceptic,sceptic,0.9997209
activist,activist,0.04659464
sceptic,sceptic,0.99906915
activist,activist,0.0006094501
activist,activist,0.0046545975
activist,activist,0.0045384313
sceptic,sceptic,0.98722816
activist,activist,0.0006436856
activist,activist,0.0005815577
activist,activist,0.27323493
sceptic,activist,0.09973295
activist,activist,0.0007279067
activist,activist,0.0038393948
sceptic,activist,0.029035643
activist,activist,0.010839369
sceptic,sceptic,0.99879336
sceptic,sceptic,0.9549004
activist,activist,0.03615194
sceptic,sceptic,0.98961186
activist,activist,0.001690803
sceptic,sceptic,0.9997063
activist,activist,0.0005647765
sceptic,sceptic,0.99932945
sceptic,sceptic,0.99373454
activist,sceptic,0.94877505
activist,activist,0.14384793
sceptic,sceptic,0.9574373
sceptic,sceptic,0.9996215
sceptic,sceptic,0.98155975
activist,activist,0.00085590064
activist,activist,0.0009491592
sceptic,sceptic,0.9997378
sceptic,sceptic,0.9968273
sceptic,sceptic,0.9956091
sceptic,sceptic,0.9997408
activist,activist,0.000865981
sceptic,sceptic,0.9996493
sceptic,sceptic,0.997399
sceptic,sceptic,0.9995859
sceptic,sceptic,0.9989956
activist,activist,0.0017073675
sceptic,sceptic,0.96242666
sceptic,sceptic,0.96771675
activist,activist,0.0005636751
activist,activist,0.001264422
sceptic,sceptic,0.8881781
activist,activist,0.0033766124
activist,activist,0.0009057334
activist,activist,0.014392335
activist,activist,0.0010464255
activist,sceptic,0.9746045
sceptic,sceptic,0.99962294
activist,sceptic,0.753512
sceptic,sceptic,0.9996989
sceptic,sceptic,0.99941385
sceptic,sceptic,0.99914074
activist,activist,0.06301947
activist,sceptic,0.9849274
sceptic,sceptic,0.9966168
activist,activist,0.0016875096
activist,activist,0.00048595612
activist,activist,0.0010987311
sceptic,sceptic,0.99972945
sceptic,sceptic,0.9947901
activist,activist,0.00048217614
sceptic,sceptic,0.99918
activist,activist,0.001810211
sceptic,sceptic,0.99971205
activist,activist,0.0013993984
activist,activist,0.0005614787
sceptic,sceptic,0.7621587
activist,activist,0.0016324889
sceptic,sceptic,0.9997192
sceptic,sceptic,0.969469
sceptic,sceptic,0.9995253
sceptic,sceptic,0.99942636
activist,activist,0.0005759093
activist,sceptic,0.63352364
sceptic,sceptic,0.9997398
activist,activist,0.01626183
activist,activist,0.024869107
activist,activist,0.0032224844
activist,activist,0.003105456
sceptic,sceptic,0.9962419
sceptic,sceptic,0.9997408
activist,activist,0.001247274
activist,activist,0.012123755
activist,activist,0.092523664
activist,activist,0.38934335
sceptic,sceptic,0.9996388
activist,activist,0.0005838325
activist,activist,0.02209548
activist,activist,0.0056200363
sceptic,sceptic,0.85573065
sceptic,sceptic,0.9996402
activist,activist,0.002536047
sceptic,activist,0.31373507
activist,activist,0.24373244
sceptic,sceptic,0.98475236
activist,activist,0.0006628098
sceptic,sceptic,0.92000264
activist,activist,0.009917224
activist,activist,0.0010202174
activist,activist,0.0025261848
activist,activist,0.17967445
activist,activist,0.010169657
activist,activist,0.0005625758
sceptic,sceptic,0.7719295
sceptic,sceptic,0.999731
activist,activist,0.48125386
sceptic,sceptic,0.9573974
activist,activist,0.0036856742
activist,activist,0.068912506
activist,activist,0.001032231
sceptic,sceptic,0.9813643
sceptic,sceptic,0.99907815
activist,activist,0.0011247573
activist,activist,0.03711691
activist,activist,0.002225671
sceptic,sceptic,0.9898107
activist,activist,0.0005043191
activist,activist,0.0017040416
sceptic,sceptic,0.9997336
activist,activist,0.006930672
sceptic,sceptic,0.99935
activist,activist,0.0028671583
sceptic,sceptic,0.8060142
sceptic,sceptic,0.9876401
activist,activist,0.31784958
sceptic,sceptic,0.99783427
sceptic,sceptic,0.98644173
activist,activist,0.001016244
activist,sceptic,0.9744348
sceptic,sceptic,0.99963665
activist,activist,0.0020308546
sceptic,sceptic,0.9995005
activist,activist,0.0013831175
sceptic,sceptic,0.99973315
sceptic,sceptic,0.9997192
activist,activist,0.4853729
sceptic,sceptic,0.99958915
sceptic,sceptic,0.9996983
sceptic,sceptic,0.98628414
sceptic,sceptic,0.99195355
activist,activist,0.0018386653
activist,sceptic,0.9694112
activist,activist,0.0996453
sceptic,activist,0.47064537
activist,activist,0.0031115084
sceptic,sceptic,0.9972045
sceptic,activist,0.46098647
sceptic,activist,0.18832396
activist,activist,0.0012893283
sceptic,sceptic,0.9851576
sceptic,sceptic,0.99966335
activist,activist,0.00041568946
activist,activist,0.0013224405
activist,activist,0.00063371257
sceptic,sceptic,0.9993538
sceptic,sceptic,0.71869314
sceptic,sceptic,0.99865675
activist,activist,0.0011604195
activist,activist,0.10932483
activist,activist,0.0026574312
activist,activist,0.0005872614
sceptic,sceptic,0.92523
activist,activist,0.00089869124
sceptic,sceptic,0.99963236
sceptic,sceptic,0.99656373
activist,activist,0.004117918
sceptic,sceptic,0.9997336
sceptic,activist,0.0067975316
sceptic,sceptic,0.9989837
activist,activist,0.00042887926
activist,activist,0.29467145
activist,activist,0.00066931
activist,activist,0.0010525686
activist,activist,0.0007307537
activist,activist,0.0012668908
sceptic,sceptic,0.9996309
activist,activist,0.13799646
sceptic,sceptic,0.9300781
sceptic,sceptic,0.99502736
sceptic,sceptic,0.9890131
activist,activist,0.001261958
activist,activist,0.0006094501
sceptic,sceptic,0.9965503
activist,activist,0.0037727477
sceptic,sceptic,0.9996352
sceptic,sceptic,0.9870297
sceptic,sceptic,0.999723
sceptic,sceptic,0.95511025
activist,activist,0.00047936052
sceptic,sceptic,0.9989956
sceptic,sceptic,0.9995778
activist,activist,0.30860683
activist,activist,0.0024438866
sceptic,sceptic,0.9874721
sceptic,sceptic,0.9829547
activist,sceptic,0.85470283
sceptic,sceptic,0.95589906
sceptic,sceptic,0.9955403
sceptic,sceptic,0.9806178
activist,activist,0.0033897832
activist,activist,0.0006374342
sceptic,sceptic,0.9995197
sceptic,sceptic,0.9995609
activist,activist,0.0050407024
sceptic,sceptic,0.9959299
sceptic,sceptic,0.99682117
sceptic,sceptic,0.9997209
activist,activist,0.024423089
activist,activist,0.0034296038
sceptic,sceptic,0.99971753
sceptic,sceptic,0.9958741
activist,activist,0.0005527786
activist,activist,0.0005614787
activist,activist,0.0009199836
activist,activist,0.00042804275
activist,sceptic,0.6490227
sceptic,sceptic,0.9875683
activist,activist,0.018229289
activist,activist,0.0024486529
sceptic,sceptic,0.99724233
sceptic,sceptic,0.9990508
activist,activist,0.00043648144
activist,sceptic,0.9971495
activist,activist,0.0020870345
activist,activist,0.00045474793
activist,activist,0.009376237
sceptic,sceptic,0.9916358
activist,activist,0.0008459375
activist,activist,0.08874128
activist,activist,0.0006706176
activist,sceptic,0.71102977
activist,activist,0.00087789143
sceptic,sceptic,0.99957615
sceptic,sceptic,0.99941623
activist,activist,0.00085924764
activist,activist,0.0013993984
activist,activist,0.005220126
sceptic,sceptic,0.9259697
sceptic,sceptic,0.950457
activist,activist,0.00069731334
sceptic,sceptic,0.9996886
sceptic,sceptic,0.99736315
sceptic,sceptic,0.9986356
activist,activist,0.00088477065
sceptic,sceptic,0.9997284
sceptic,sceptic,0.99964166
activist,activist,0.006576998
sceptic,sceptic,0.9784466
activist,activist,0.008429287
activist,activist,0.0043653254
activist,activist,0.00065765524
sceptic,sceptic,0.9997187
sceptic,sceptic,0.9902727
activist,activist,0.014117894
activist,activist,0.0006082617
activist,activist,0.0010182288
activist,activist,0.0007000407
activist,activist,0.0012994274
activist,activist,0.00072365726
sceptic,sceptic,0.8916225
sceptic,sceptic,0.99939287
sceptic,sceptic,0.9952632
sceptic,sceptic,0.999608
activist,activist,0.00068250194
activist,activist,0.0010403185
activist,activist,0.0007495314
activist,sceptic,0.93651766
sceptic,sceptic,0.9997029
activist,sceptic,0.65373504
sceptic,sceptic,0.99971646
activist,activist,0.3806726
activist,activist,0.00043563012
activist,sceptic,0.88880706
activist,activist,0.047337715
activist,activist,0.00064999826
activist,activist,0.074500255
activist,activist,0.0048109824
sceptic,sceptic,0.98722816
activist,activist,0.0006023541
sceptic,activist,0.46643546
sceptic,sceptic,0.97513086
sceptic,sceptic,0.9306476
sceptic,sceptic,0.9408442
activist,activist,0.000461005
sceptic,sceptic,0.9996965
sceptic,sceptic,0.9701552
activist,activist,0.0023504829
sceptic,sceptic,0.9954615
activist,activist,0.0028393746
sceptic,sceptic,0.99871314
activist,activist,0.010348136
activist,activist,0.012288597
activist,activist,0.007562568
sceptic,sceptic,0.9975466
sceptic,sceptic,0.99749833
activist,activist,0.0015041127
activist,activist,0.0026061658
activist,activist,0.00094546226
sceptic,sceptic,0.9911355
activist,activist,0.0011902251
sceptic,sceptic,0.99971646
activist,activist,0.0007568814
activist,activist,0.15367615
activist,activist,0.0015947327
sceptic,sceptic,0.9997198
activist,activist,0.0011008767
sceptic,sceptic,0.9917163
sceptic,sceptic,0.999608
sceptic,sceptic,0.9984692
sceptic,sceptic,0.9775644
activist,activist,0.00052850915
activist,activist,0.003105456
sceptic,activist,0.19064869
activist,activist,0.017078074
activist,activist,0.01533582
sceptic,sceptic,0.9997131
sceptic,sceptic,0.9997546
activist,activist,0.0050211498
sceptic,sceptic,0.99940693
activist,activist,0.004030743
activist,activist,0.0008295892
activist,activist,0.005322535
activist,activist,0.22901753
activist,activist,0.00084759004
activist,activist,0.0006932423
sceptic,sceptic,0.994729
activist,activist,0.0015792594
activist,activist,0.00063495064
activist,activist,0.007331598
activist,activist,0.00059766934
sceptic,sceptic,0.9971495
sceptic,sceptic,0.9431908
activist,sceptic,0.7759446
sceptic,sceptic,0.9838161
activist,activist,0.0015947327
sceptic,sceptic,0.99085677
activist,sceptic,0.9038049
activist,activist,0.0058426056
activist,activist,0.023893602
sceptic,sceptic,0.9997154
activist,activist,0.0055119344
activist,activist,0.006205023
activist,activist,0.0008183336
sceptic,sceptic,0.9996959
sceptic,sceptic,0.9996207
activist,activist,0.011597362
activist,activist,0.054349106
activist,activist,0.0006602275
activist,activist,0.0040385914
sceptic,sceptic,0.9996983
sceptic,sceptic,0.9996886
activist,activist,0.003538086
sceptic,sceptic,0.9997148
activist,activist,0.0075919423
sceptic,activist,0.47854406
activist,activist,0.00062267727
activist,activist,0.020984294
sceptic,sceptic,0.99951315
activist,sceptic,0.8085968
sceptic,sceptic,0.9758085
activist,activist,0.090896755
sceptic,sceptic,0.99969935
activist,activist,0.0010282109
sceptic,sceptic,0.99971753
activist,activist,0.0011313597
activist,activist,0.0005636751
activist,activist,0.0023006375
sceptic,sceptic,0.97376966
activist,activist,0.0130707845
activist,activist,0.0045032725
sceptic,sceptic,0.93195957
sceptic,sceptic,0.9994937
activist,activist,0.0011291546
activist,activist,0.0077555366
activist,activist,0.0017996542
sceptic,sceptic,0.83534926
sceptic,sceptic,0.9500415
activist,activist,0.0011269539
activist,activist,0.004015092
sceptic,sceptic,0.99955755
sceptic,sceptic,0.9997305
activist,activist,0.25141788
activist,activist,0.0016072203
sceptic,sceptic,0.99972194
activist,activist,0.016817752
sceptic,sceptic,0.999658
sceptic,sceptic,0.9997305
activist,activist,0.0013250223
sceptic,sceptic,0.9964342
activist,sceptic,0.74298155
activist,activist,0.0069576087
activist,activist,0.002736221
activist,activist,0.0027149855
sceptic,activist,0.38444984
sceptic,sceptic,0.9993525
activist,activist,0.0063883206
activist,activist,0.004820343
activist,activist,0.0047183693
activist,activist,0.0074606435
sceptic,activist,0.006666932
activist,activist,0.0060621547
sceptic,sceptic,0.9995939
activist,activist,0.0033309148
activist,activist,0.33996454
activist,activist,0.0073032235
activist,activist,0.00078854576
activist,activist,0.44248593
activist,activist,0.0012351678
sceptic,sceptic,0.9382939
sceptic,activist,0.414684
sceptic,sceptic,0.999708
activist,activist,0.0013939502
sceptic,sceptic,0.9997398
activist,activist,0.26621416
sceptic,activist,0.24967586
sceptic,sceptic,0.99972576
sceptic,sceptic,0.99967754
sceptic,sceptic,0.9849563
sceptic,sceptic,0.99972516
activist,activist,0.013584394
sceptic,sceptic,0.9995939
sceptic,sceptic,0.99971706
activist,activist,0.014364656
activist,activist,0.05439932
activist,activist,0.0010566838
activist,activist,0.05379964
activist,activist,0.003396388
activist,activist,0.0007702932
activist,activist,0.0012042383
sceptic,sceptic,0.9956176
activist,sceptic,0.99216896
sceptic,sceptic,0.9997378
activist,activist,0.0037580945
sceptic,activist,0.48814616
activist,activist,0.0015099907
sceptic,sceptic,0.9463493
activist,activist,0.08159291
activist,activist,0.1259765
activist,activist,0.0010944521
activist,activist,0.06296183
activist,activist,0.0018748618
activist,activist,0.2690374
activist,activist,0.0006932423
activist,activist,0.0017752607
activist,activist,0.10576342
activist,activist,0.00062389387
activist,activist,0.0010122862
activist,activist,0.002225671
activist,activist,0.000782414
sceptic,activist,0.4825358
activist,activist,0.001194878
sceptic,sceptic,0.81530607
activist,activist,0.0017207356
sceptic,sceptic,0.9993761
sceptic,sceptic,0.92827886
activist,activist,0.0038244836
activist,activist,0.0041019293
sceptic,sceptic,0.8823265
activist,activist,0.00084924564
sceptic,activist,0.33198547
activist,activist,0.014957086
sceptic,sceptic,0.9995122
activist,activist,0.00046552691
sceptic,sceptic,0.8789391
sceptic,sceptic,0.9997398
activist,activist,0.00048029723
activist,activist,0.0010262068
sceptic,sceptic,0.9997305
sceptic,sceptic,0.9951325
sceptic,sceptic,0.92563426
sceptic,sceptic,0.99918324
sceptic,sceptic,0.9980276
sceptic,sceptic,0.578597
activist,activist,0.000994665
sceptic,sceptic,0.9974788
activist,activist,0.00053161324
activist,activist,0.0005399804
sceptic,sceptic,0.90878
sceptic,sceptic,0.92590266
activist,activist,0.43144944
activist,activist,0.0005132578
activist,sceptic,0.8067004
activist,activist,0.0029121786
activist,activist,0.0011995488
sceptic,sceptic,0.9832628
sceptic,sceptic,0.9989454
sceptic,sceptic,0.9966299
activist,activist,0.00069054146
activist,activist,0.09833879
activist,activist,0.00047470425
activist,activist,0.004198795
sceptic,sceptic,0.9994986
sceptic,sceptic,0.70992494
sceptic,sceptic,0.99974686
sceptic,sceptic,0.9989225
sceptic,sceptic,0.9722044
sceptic,sceptic,0.9850573
sceptic,sceptic,0.94901186
activist,activist,0.0009417797
sceptic,sceptic,0.9996493
activist,activist,0.2711552
activist,activist,0.0022606407
activist,activist,0.036562506
activist,activist,0.0013045068
activist,activist,0.00102221
activist,activist,0.016355833
sceptic,sceptic,0.91204524
sceptic,sceptic,0.9995883
activist,activist,0.01668906
sceptic,sceptic,0.91078377
activist,activist,0.0075772414
sceptic,sceptic,0.9997209
activist,activist,0.0028173407
sceptic,sceptic,0.9912039
sceptic,sceptic,0.99965405
activist,activist,0.00055602525
sceptic,sceptic,0.9989287
activist,activist,0.00061662967
activist,activist,0.0051596225
sceptic,sceptic,0.98155975
sceptic,sceptic,0.9982993
activist,sceptic,0.8511504
sceptic,sceptic,0.9732915
activist,activist,0.0004888105
activist,activist,0.013402404
activist,activist,0.087252244
activist,activist,0.0019456057
activist,activist,0.01395571
activist,activist,0.0029984983
activist,activist,0.0006628098
sceptic,sceptic,0.999708
activist,activist,0.00048029723
activist,activist,0.02824778
activist,activist,0.0023504829
sceptic,sceptic,0.9970822
activist,activist,0.0014607495
activist,activist,0.0012089458
sceptic,activist,0.107718736
sceptic,sceptic,0.9995505
activist,activist,0.0010649626
sceptic,activist,0.06822643
activist,activist,0.00085924764
sceptic,sceptic,0.99968255
sceptic,sceptic,0.997399
sceptic,activist,0.009430817
activist,activist,0.07878401
sceptic,sceptic,0.99972945
activist,activist,0.038538497
activist,activist,0.0019380354
sceptic,sceptic,0.96820134
sceptic,sceptic,0.9956937
activist,activist,0.0006202512
activist,activist,0.0033831915
sceptic,sceptic,0.9458012
activist,activist,0.0018031665
activist,activist,0.0012497094
activist,activist,0.00097354373
sceptic,sceptic,0.94138527
activist,activist,0.021044565
sceptic,sceptic,0.99973875
activist,activist,0.0047644526
activist,activist,0.089693524
activist,activist,0.0007055272
sceptic,sceptic,0.9223426
activist,activist,0.0023322338
sceptic,sceptic,0.9995908
sceptic,sceptic,0.99965334
sceptic,sceptic,0.9499951
sceptic,sceptic,0.8943289
activist,activist,0.0035796429
activist,activist,0.0021531414
activist,activist,0.46945184
sceptic,sceptic,0.61537683
activist,activist,0.0009528706
activist,activist,0.008494837
sceptic,activist,0.06992183
activist,activist,0.03963884
activist,activist,0.0010796069
sceptic,activist,0.2626054
sceptic,sceptic,0.9955835
sceptic,sceptic,0.99933076
sceptic,activist,0.00198004
sceptic,sceptic,0.9995956
activist,activist,0.0004197671
sceptic,sceptic,0.9995703
activist,activist,0.0065897712
activist,activist,0.0007379196
sceptic,sceptic,0.99705935
activist,activist,0.0036216858
sceptic,sceptic,0.9890976
activist,activist,0.00062755786
sceptic,sceptic,0.99972194
activist,activist,0.0030693877
activist,activist,0.01046884
sceptic,sceptic,0.99225944
sceptic,sceptic,0.754915
activist,activist,0.0013380081
sceptic,sceptic,0.99972576
activist,activist,0.00056588
activist,activist,0.0024678102
sceptic,sceptic,0.9978677
activist,activist,0.0049149487
sceptic,sceptic,0.99942183
activist,activist,0.00063495064
activist,activist,0.0004869057
sceptic,sceptic,0.9247557
sceptic,sceptic,0.9997367
activist,activist,0.02517884
sceptic,sceptic,0.99864894
activist,activist,0.008124709
sceptic,sceptic,0.9526623
sceptic,sceptic,0.64052343
sceptic,activist,0.3424066
activist,activist,0.0005452766
sceptic,activist,0.0018172832
activist,activist,0.0040780627
activist,activist,0.0062170783
activist,sceptic,0.8435088
activist,activist,0.1782396
activist,activist,0.005271083
activist,sceptic,0.83433944
activist,activist,0.0011008767
activist,activist,0.0005636751
sceptic,sceptic,0.9205757
activist,activist,0.002019014
activist,activist,0.000603531
activist,activist,0.0013885231
activist,activist,0.2403286
sceptic,sceptic,0.99970573
activist,activist,0.18795107
activist,activist,0.0019955388
sceptic,sceptic,0.5472675
sceptic,sceptic,0.9407897
activist,activist,0.010570489
activist,activist,0.0008119704
activist,activist,0.0028063876
activist,sceptic,0.7985012
activist,activist,0.0006386796
activist,activist,0.0009181901
sceptic,sceptic,0.99971205
activist,activist,0.0039839703
activist,activist,0.0008263576
sceptic,activist,0.024214549
sceptic,sceptic,0.9914556
activist,activist,0.0014636011
sceptic,sceptic,0.9986249
activist,activist,0.0013045068
sceptic,sceptic,0.9867005
activist,sceptic,0.9789554
activist,activist,0.0008796062
sceptic,sceptic,0.99971145
activist,activist,0.10008423
sceptic,sceptic,0.99769044
sceptic,sceptic,0.99973255
activist,sceptic,0.8866169
activist,activist,0.00057703455
sceptic,sceptic,0.9997142
activist,activist,0.004198795
activist,activist,0.0015548134
sceptic,sceptic,0.9987306
activist,activist,0.016866265
activist,activist,0.0013302016
sceptic,sceptic,0.99248135
sceptic,sceptic,0.9683214
activist,activist,0.00073504477
activist,activist,0.0004222329
sceptic,sceptic,0.99973315
activist,activist,0.0031542056
sceptic,sceptic,0.99971586
activist,activist,0.003707253
activist,activist,0.0007082866
sceptic,sceptic,0.9991221
activist,activist,0.30362853
sceptic,sceptic,0.99881905
activist,activist,0.0112445615
activist,activist,0.0018785202
activist,activist,0.04836099
activist,activist,0.0016974094
sceptic,activist,0.30254564
activist,sceptic,0.98860246
sceptic,sceptic,0.9990264
activist,activist,0.0009869322
activist,activist,0.0005747862
sceptic,sceptic,0.98815376
sceptic,sceptic,0.9992549
activist,activist,0.00048595612
sceptic,sceptic,0.9997131
sceptic,sceptic,0.9997459
sceptic,sceptic,0.9997236
activist,activist,0.16079244
sceptic,sceptic,0.99971086
sceptic,sceptic,0.99553156
activist,activist,0.001034247
activist,sceptic,0.5212122
activist,activist,0.007403014
activist,sceptic,0.7458614
activist,sceptic,0.7368269
sceptic,sceptic,0.9666317
activist,activist,0.0024726235
activist,activist,0.00088477065
activist,activist,0.0021364216
activist,activist,0.0010944521
activist,activist,0.01217063
activist,activist,0.00055385876
sceptic,sceptic,0.99455196
activist,activist,0.0013327986
activist,activist,0.00057703455
activist,activist,0.016152835
sceptic,sceptic,0.72389543
sceptic,sceptic,0.9996288
activist,activist,0.001194878
activist,activist,0.0014437558
activist,activist,0.019142363
sceptic,sceptic,0.9995479
sceptic,sceptic,0.9791955
activist,sceptic,0.8118998
activist,activist,0.40192252
activist,activist,0.0025114634
sceptic,sceptic,0.99895966
activist,sceptic,0.698278
activist,activist,0.04659464
activist,activist,0.0026470984
sceptic,activist,0.0153063545
activist,activist,0.0040543335
sceptic,sceptic,0.99966073
activist,activist,0.107250325
sceptic,sceptic,0.9995609
sceptic,sceptic,0.99697804
activist,activist,0.0051296344
activist,activist,0.017610641
sceptic,sceptic,0.997399
sceptic,sceptic,0.9997367
sceptic,sceptic,0.99972683
activist,activist,0.0005336929
sceptic,sceptic,0.8646537
sceptic,sceptic,0.9961456
activist,activist,0.068912506
activist,activist,0.30730605
activist,activist,0.00076281314
activist,activist,0.00047193223
activist,activist,0.0006462033
sceptic,sceptic,0.9925103
activist,activist,0.0006436856
activist,activist,0.05470151
activist,activist,0.0014241792
sceptic,sceptic,0.9961903
activist,activist,0.0020951857
sceptic,activist,0.06687324
activist,activist,0.0005420927
activist,activist,0.0006654022
activist,activist,0.00039899134
activist,activist,0.0005815577
activist,sceptic,0.9759235
sceptic,activist,0.0023504829
sceptic,sceptic,0.99738365
activist,activist,0.0009128307
activist,activist,0.0007422528
activist,activist,0.0023051254
activist,activist,0.0010775026
activist,activist,0.04169577
activist,activist,0.0006811711
sceptic,sceptic,0.6188021
activist,activist,0.0040072887
sceptic,sceptic,0.9997029
activist,sceptic,0.8829839
activist,activist,0.0006178345
activist,activist,0.00072365726
activist,activist,0.0028118587
activist,activist,0.06103112
sceptic,sceptic,0.58281755
activist,activist,0.0010944521
activist,activist,0.0011203772
activist,activist,0.112113126
activist,activist,0.002238721
sceptic,sceptic,0.9990415
activist,activist,0.031768616
sceptic,sceptic,0.9982827
sceptic,sceptic,0.99973255
activist,activist,0.0004916815
sceptic,sceptic,0.97957015
sceptic,sceptic,0.9997273
sceptic,sceptic,0.99972945
activist,activist,0.0007978335
sceptic,sceptic,0.99697804
sceptic,sceptic,0.9997284
activist,activist,0.044639207
sceptic,sceptic,0.9997011
sceptic,sceptic,0.9990545
activist,activist,0.0018821859
activist,activist,0.0016711376
activist,activist,0.0014664584
activist,sceptic,0.685002
sceptic,sceptic,0.9997305
activist,sceptic,0.76410043
sceptic,sceptic,0.9961606
sceptic,activist,0.055463932
activist,activist,0.008108984
activist,activist,0.000522355
activist,sceptic,0.53911215
sceptic,sceptic,0.9994622
sceptic,sceptic,0.72228223
activist,activist,0.0005442133
sceptic,sceptic,0.9964412
activist,activist,0.0033309148
activist,activist,0.0007687913
activist,activist,0.00091105123
activist,activist,0.0015070488
sceptic,sceptic,0.999731
activist,activist,0.000865981
activist,activist,0.008061991
sceptic,sceptic,0.9997187
sceptic,sceptic,0.99966073
activist,activist,0.0023006375
activist,activist,0.0008575725
activist,activist,0.00047377846
sceptic,activist,0.2386389
activist,activist,0.0027522563
activist,activist,0.00070140825
sceptic,sceptic,0.97381955
sceptic,sceptic,0.99975556
activist,activist,0.010388218
activist,activist,0.32005045
activist,activist,0.0007947255
sceptic,sceptic,0.9991768
sceptic,sceptic,0.98569053
activist,activist,0.026506124
sceptic,sceptic,0.9989936
activist,activist,0.0008183336
activist,activist,0.0057302467
activist,activist,0.00066410477
activist,activist,0.2249055
activist,activist,0.0022738955
sceptic,sceptic,0.99966466
activist,activist,0.005522651
sceptic,sceptic,0.99880743
activist,activist,0.0007069056
activist,sceptic,0.7331176
activist,activist,0.0035174885
activist,activist,0.00063001254
activist,activist,0.000543152
activist,activist,0.0019684948
sceptic,sceptic,0.9993525
sceptic,sceptic,0.99881446
sceptic,sceptic,0.98375374
sceptic,sceptic,0.9997284
activist,activist,0.0009181901
sceptic,sceptic,0.99491996
activist,activist,0.0065134987
sceptic,sceptic,0.99341017
activist,activist,0.004314688
activist,activist,0.003510649
activist,activist,0.009340025
sceptic,sceptic,0.99948967
activist,activist,0.0006719279
activist,activist,0.00054740964
activist,activist,0.0020547444
sceptic,sceptic,0.99922514
activist,activist,0.0005861161
activist,activist,0.49819946
sceptic,sceptic,0.9944988
activist,sceptic,0.9892441
sceptic,sceptic,0.8855325
activist,activist,0.0073032235
activist,activist,0.0072047687
sceptic,sceptic,0.76343966
activist,activist,0.0008642928
sceptic,sceptic,0.9912209
sceptic,sceptic,0.99884856
activist,activist,0.0006361913
activist,activist,0.0007613259
activist,sceptic,0.964822
sceptic,sceptic,0.99765414
activist,activist,0.0008442883
sceptic,sceptic,0.9832145
activist,activist,0.0020951857
activist,activist,0.0009966077
sceptic,sceptic,0.96192914
sceptic,sceptic,0.7446563
activist,activist,0.029284457
sceptic,sceptic,0.9996737
sceptic,sceptic,0.99727964
activist,sceptic,0.9986802
sceptic,sceptic,0.9980122
activist,activist,0.00066670234
activist,activist,0.0005747862
activist,activist,0.019475214
sceptic,sceptic,0.7277821
activist,activist,0.00063495064
activist,activist,0.0005102608
activist,activist,0.058722556
sceptic,sceptic,0.99966466
activist,activist,0.01627746
activist,activist,0.005374487
activist,activist,0.0005484792
activist,sceptic,0.9380673
sceptic,sceptic,0.885582
activist,sceptic,0.6703116
activist,activist,0.00044421837
sceptic,sceptic,0.9997075
activist,activist,0.00050235394
activist,activist,0.0016678823
sceptic,sceptic,0.9981104
activist,activist,0.005281334
activist,sceptic,0.7905303
sceptic,sceptic,0.9948001
activist,activist,0.0023781238
activist,activist,0.042522952
sceptic,activist,0.12447884
sceptic,sceptic,0.99937975
activist,activist,0.05696638
activist,activist,0.029201292
activist,activist,0.0005736653
activist,activist,0.006205023
sceptic,sceptic,0.9486325
activist,activist,0.0006719279
activist,activist,0.0004897656
activist,activist,0.0009584648
activist,activist,0.004150081
activist,activist,0.0017926508
sceptic,sceptic,0.9979412
activist,activist,0.000543152
activist,activist,0.0026419468
sceptic,sceptic,0.95873135
sceptic,sceptic,0.9791357
sceptic,sceptic,0.9997336
sceptic,sceptic,0.99970055
sceptic,sceptic,0.9980506
sceptic,sceptic,0.84536886
sceptic,sceptic,0.972178
activist,activist,0.0226292
sceptic,sceptic,0.99973255
activist,sceptic,0.6989463
sceptic,sceptic,0.97850823
sceptic,sceptic,0.66077465
activist,activist,0.00078854576
activist,activist,0.3981468
sceptic,activist,0.002463007
sceptic,sceptic,0.9840936
activist,activist,0.2546943
sceptic,sceptic,0.99969995
sceptic,sceptic,0.9995497
sceptic,sceptic,0.66486675
activist,activist,0.0010649626
sceptic,sceptic,0.99390244
sceptic,sceptic,0.91505283
activist,sceptic,0.87256473
sceptic,activist,0.011823394
activist,activist,0.00095659646
sceptic,sceptic,0.9982993
sceptic,sceptic,0.98926485
sceptic,sceptic,0.999608
activist,activist,0.01048909
activist,activist,0.0016135006
activist,activist,0.07303239
sceptic,sceptic,0.70058763
activist,activist,0.0016974094
activist,activist,0.050190788
sceptic,sceptic,0.83413684
sceptic,activist,0.45373836
activist,activist,0.00063495064
sceptic,sceptic,0.99933976
sceptic,sceptic,0.99712163
sceptic,sceptic,0.988108
sceptic,sceptic,0.9956937
sceptic,sceptic,0.9997305
sceptic,sceptic,0.8759463
activist,activist,0.0032666994
activist,activist,0.0008360903
activist,activist,0.00077784655
sceptic,sceptic,0.99738365
sceptic,sceptic,0.9951984
activist,sceptic,0.9371533
sceptic,sceptic,0.9997069
sceptic,sceptic,0.9993761
sceptic,sceptic,0.98272413
activist,activist,0.0010670425
activist,activist,0.0010775026
activist,activist,0.0010838277
activist,activist,0.0025960316
sceptic,sceptic,0.93220687
activist,activist,0.004681822
sceptic,sceptic,0.9997347
activist,activist,0.00050137425
sceptic,sceptic,0.99632156
sceptic,sceptic,0.9997336
sceptic,sceptic,0.9975751
activist,activist,0.031410124
activist,activist,0.00043478046
sceptic,sceptic,0.99971205
activist,sceptic,0.73445296
activist,activist,0.0031175727
activist,sceptic,0.77670765
sceptic,sceptic,0.92156965
activist,sceptic,0.5022583
sceptic,sceptic,0.9992649
sceptic,sceptic,0.999566
activist,activist,0.0006851713
sceptic,sceptic,0.9997209
activist,activist,0.0028009268
sceptic,sceptic,0.99801993
sceptic,sceptic,0.9997367
sceptic,sceptic,0.9997352
sceptic,sceptic,0.9828562
sceptic,sceptic,0.91117966
sceptic,sceptic,0.98242307
activist,activist,0.045734633
activist,activist,0.000994665
activist,activist,0.041578867
activist,activist,0.0045032725
activist,sceptic,0.96580297
activist,activist,0.0050998176
sceptic,sceptic,0.99972945
activist,activist,0.00088823045
activist,activist,0.0008056567
sceptic,sceptic,0.9846051
activist,activist,0.00052337564
activist,activist,0.0014076104
activist,activist,0.0009811718
activist,activist,0.001810211
activist,activist,0.004582765
activist,activist,0.0034631437
sceptic,sceptic,0.94839406
sceptic,sceptic,0.96879715
sceptic,sceptic,0.99971145
activist,activist,0.0011832798
activist,activist,0.0009057334
sceptic,activist,0.4665465
activist,activist,0.0005603838
activist,activist,0.00088477065
sceptic,sceptic,0.9761746
activist,activist,0.00065254065
sceptic,activist,0.14903529
activist,activist,0.0010024584
activist,activist,0.012383785
activist,activist,0.0005092657
sceptic,sceptic,0.99867237
activist,activist,0.0006563728
sceptic,sceptic,0.992062
activist,activist,0.00212811
sceptic,sceptic,0.99972945
activist,activist,0.17874075
sceptic,sceptic,0.9994363
activist,activist,0.003292236
sceptic,sceptic,0.9263037
sceptic,sceptic,0.9994887
activist,activist,0.0013406205
sceptic,sceptic,0.9993905
activist,activist,0.022911694
sceptic,sceptic,0.98803884
sceptic,sceptic,0.9982893
sceptic,activist,0.40695035
activist,activist,0.0006838353
sceptic,sceptic,0.9997148
sceptic,sceptic,0.99128854
activist,activist,0.0035518843
activist,activist,0.00077633
activist,activist,0.05296077
sceptic,sceptic,0.99972516
activist,sceptic,0.9970073
sceptic,sceptic,0.9987331
sceptic,sceptic,0.844409
sceptic,activist,0.049176432
sceptic,sceptic,0.55368626
sceptic,sceptic,0.9223426
activist,sceptic,0.5377242
sceptic,sceptic,0.561861
activist,activist,0.0016293089
sceptic,sceptic,0.99518895
activist,activist,0.07606381
activist,activist,0.013376605
activist,sceptic,0.5317413
activist,activist,0.0008312098
sceptic,sceptic,0.9931096
sceptic,sceptic,0.94815457
sceptic,sceptic,0.93622667
sceptic,sceptic,0.9996118
activist,activist,0.024099445
sceptic,sceptic,0.950503
activist,activist,0.019681409
activist,activist,0.00065254065
activist,activist,0.064830884
activist,activist,0.0009622126
activist,activist,0.00063495064
sceptic,sceptic,0.99677116
sceptic,sceptic,0.99568534
activist,activist,0.0037217084
activist,activist,0.11951086
sceptic,sceptic,0.9996983
sceptic,sceptic,0.99959785
sceptic,sceptic,0.9487276
activist,activist,0.0006374342
activist,activist,0.0015427325
sceptic,sceptic,0.9995908
activist,activist,0.00081355654
sceptic,sceptic,0.92879725
sceptic,sceptic,0.9774785
sceptic,sceptic,0.9759235
sceptic,sceptic,0.99959236
activist,activist,0.008061991
activist,activist,0.0008103873
activist,activist,0.0018031665
activist,activist,0.0019267346
sceptic,sceptic,0.9988004
activist,activist,0.0006130294
sceptic,sceptic,0.9761292
sceptic,sceptic,0.9997347
sceptic,sceptic,0.93189764
sceptic,sceptic,0.9997305
activist,activist,0.00068919506
activist,activist,0.012920473
activist,activist,0.0020992733
sceptic,sceptic,0.7066461
activist,activist,0.16431522
sceptic,sceptic,0.99971646
sceptic,sceptic,0.99954873
sceptic,sceptic,0.99973255
sceptic,sceptic,0.9995453
sceptic,sceptic,0.9834705
sceptic,sceptic,0.9904406
activist,activist,0.0006436856
sceptic,sceptic,0.9919224
sceptic,sceptic,0.99963737
activist,activist,0.001477943
activist,activist,0.0016646334
sceptic,sceptic,0.9684709
sceptic,sceptic,0.99948967
sceptic,sceptic,0.99812883
activist,activist,0.028870907
sceptic,sceptic,0.99789256
sceptic,activist,0.45987195
activist,activist,0.15253651
sceptic,sceptic,0.95938325
activist,activist,0.00080251833
activist,activist,0.0004869057
sceptic,sceptic,0.9983802
activist,activist,0.000854232
sceptic,sceptic,0.99826247
activist,activist,0.0023504829
sceptic,sceptic,0.98544043
activist,activist,0.0005102608
sceptic,sceptic,0.9997347
activist,activist,0.0035936027
sceptic,activist,0.2769838
activist,activist,0.0027044294
sceptic,sceptic,0.99298817
activist,activist,0.03680407
sceptic,sceptic,0.9997459
sceptic,sceptic,0.9893885
sceptic,sceptic,0.9904221
activist,activist,0.010388218
sceptic,sceptic,0.99973875
sceptic,sceptic,0.9997098
sceptic,sceptic,0.9994579
activist,activist,0.0036642202
activist,activist,0.0019723356
sceptic,sceptic,0.9723885
sceptic,sceptic,0.9900828
activist,activist,0.0012693644
sceptic,sceptic,0.99906737
sceptic,sceptic,0.9997023
sceptic,sceptic,0.9995956
sceptic,sceptic,0.99972683
activist,activist,0.013428254
sceptic,sceptic,0.99971753
sceptic,sceptic,0.999731
sceptic,sceptic,0.99890554
sceptic,activist,0.045948207
sceptic,sceptic,0.9258357
activist,activist,0.0031912678
activist,sceptic,0.9763105
activist,activist,0.0025016968
sceptic,sceptic,0.9997069
activist,activist,0.00069595367
activist,activist,0.00206277
activist,activist,0.00055385876
activist,activist,0.0050998176
activist,activist,0.0013250223
activist,activist,0.009214366
activist,activist,0.0025311115
sceptic,sceptic,0.99972576
activist,activist,0.0008231385
sceptic,sceptic,0.9990908
activist,activist,0.0009528706
activist,sceptic,0.9948403
sceptic,sceptic,0.97562337
sceptic,sceptic,0.503128
sceptic,sceptic,0.8115267
activist,activist,0.26010746
sceptic,sceptic,0.99973875
sceptic,sceptic,0.9997209
activist,activist,0.0019006216
sceptic,sceptic,0.5536825
sceptic,sceptic,0.9807103
sceptic,sceptic,0.9996989
sceptic,sceptic,0.500679
sceptic,sceptic,0.99974185
sceptic,sceptic,0.9980882
activist,activist,0.0008072305
activist,activist,0.002828336
sceptic,sceptic,0.9997367
activist,activist,0.00052747846
sceptic,sceptic,0.9881309
sceptic,sceptic,0.99855906
activist,activist,0.06884987
sceptic,sceptic,0.9981067
sceptic,sceptic,0.736211
sceptic,sceptic,0.9935993
activist,activist,0.023021257
activist,sceptic,0.90772206
activist,activist,0.00109019
activist,sceptic,0.8866169
sceptic,sceptic,0.99736834
activist,activist,0.0047092056
activist,activist,0.15895613
sceptic,sceptic,0.9968702
activist,activist,0.0040860027
activist,activist,0.002741556
sceptic,sceptic,0.53549033
activist,activist,0.008478402
activist,activist,0.00087789143
activist,activist,0.073563054
activist,activist,0.15941359
activist,activist,0.21642528
sceptic,sceptic,0.9376119
sceptic,sceptic,0.96408546
activist,activist,0.00080880744
sceptic,activist,0.015394919
sceptic,activist,0.026455777
activist,activist,0.009485713
sceptic,sceptic,0.82018155
activist,activist,0.008762129
sceptic,sceptic,0.749179
sceptic,sceptic,0.999731
activist,sceptic,0.5663933
activist,activist,0.023442289
activist,activist,0.051082738
activist,activist,0.0019839033
activist,activist,0.00048785715
sceptic,sceptic,0.9997316
sceptic,sceptic,0.56556875
sceptic,sceptic,0.9994777
activist,activist,0.000493605
activist,activist,0.28881976
activist,activist,0.011266297
activist,activist,0.068102375
sceptic,sceptic,0.974893
activist,sceptic,0.9932025
sceptic,sceptic,0.9935868
activist,activist,0.0013354007
sceptic,activist,0.010509384
sceptic,sceptic,0.9997284
activist,activist,0.0017173839
sceptic,activist,0.18884702
activist,activist,0.31626368
sceptic,activist,0.3280449
sceptic,sceptic,0.99973255
activist,activist,0.45657635
activist,activist,0.0010005045
activist,sceptic,0.8231153
activist,activist,0.0040543335
activist,activist,0.009821792
activist,activist,0.003846872
sceptic,sceptic,0.8333246
sceptic,sceptic,0.99966264
sceptic,sceptic,0.8586
activist,sceptic,0.87621135
sceptic,sceptic,0.99964654
activist,activist,0.0007672925
activist,activist,0.0032603461
sceptic,activist,0.458917
activist,activist,0.0007293288
activist,activist,0.004339933
sceptic,sceptic,0.7277821
sceptic,sceptic,0.99664307
activist,activist,0.0012497094
sceptic,sceptic,0.9997305
sceptic,sceptic,0.99801993
sceptic,sceptic,0.9997187
activist,activist,0.0018422535
sceptic,sceptic,0.99871826
activist,activist,0.001264422
sceptic,sceptic,0.79684633
activist,activist,0.0022694687
activist,sceptic,0.9503189
sceptic,sceptic,0.9996724
activist,activist,0.005831272
sceptic,sceptic,0.99971145
sceptic,sceptic,0.9755769
activist,activist,0.0012843083
activist,activist,0.0012184161
activist,activist,0.000593021
sceptic,sceptic,0.9951514
sceptic,sceptic,0.977132
activist,activist,0.0013939502
activist,activist,0.010881333
activist,activist,0.00082153385
activist,activist,0.00349701
activist,activist,0.0028504555
activist,activist,0.0014636011
sceptic,sceptic,0.98942953
sceptic,sceptic,0.9933201
activist,activist,0.00063495064
activist,activist,0.0015158918
activist,activist,0.20001023
sceptic,sceptic,0.99958915
activist,activist,0.0051897867
activist,activist,0.0012521496
sceptic,sceptic,0.746139
activist,activist,0.4312076
activist,sceptic,0.54134065
sceptic,sceptic,0.99972945
sceptic,sceptic,0.9997209
sceptic,sceptic,0.98225373
activist,activist,0.0005072812
activist,activist,0.0017073675
activist,activist,0.29675615
sceptic,activist,0.23651622
sceptic,sceptic,0.9869292
activist,activist,0.00054740964
sceptic,sceptic,0.98065484
sceptic,sceptic,0.76242405
activist,activist,0.0013458604
sceptic,sceptic,0.99333304
sceptic,sceptic,0.999572
sceptic,sceptic,0.99821776
sceptic,sceptic,0.97529614
activist,activist,0.0006811711
sceptic,sceptic,0.71432924
sceptic,sceptic,0.9994579
activist,sceptic,0.9006172
sceptic,sceptic,0.9997063
sceptic,sceptic,0.99834836
activist,activist,0.012123755
sceptic,activist,0.089136936
activist,sceptic,0.888372
activist,activist,0.0014550629
activist,activist,0.010509384
sceptic,activist,0.4457595
activist,activist,0.0006771942
sceptic,sceptic,0.61007607
activist,activist,0.0012994274
sceptic,sceptic,0.9996737
sceptic,sceptic,0.99962294
sceptic,sceptic,0.9996451
sceptic,activist,0.0094125895
sceptic,sceptic,0.9989287
sceptic,sceptic,0.99928623
activist,activist,0.00078088854
activist,activist,0.029703751
sceptic,sceptic,0.98302
sceptic,sceptic,0.98574555
activist,activist,0.00061662967
activist,activist,0.002038787
activist,activist,0.0006745559
sceptic,sceptic,0.5801439
activist,activist,0.20681395
activist,activist,0.0022650503
activist,activist,0.010776726
sceptic,sceptic,0.99111825
activist,activist,0.00062267727
activist,activist,0.01155267
sceptic,sceptic,0.9500415
sceptic,sceptic,0.9997428
sceptic,sceptic,0.9997086
sceptic,sceptic,0.9957684
activist,activist,0.001032231
activist,activist,0.012241275
activist,activist,0.0014437558
activist,activist,0.00059650384
activist,activist,0.003292236
sceptic,sceptic,0.9971717
sceptic,sceptic,0.99974483
sceptic,sceptic,0.99974185
sceptic,sceptic,0.9996018
activist,activist,0.00063001254
activist,activist,0.0016678823
activist,activist,0.003160353
sceptic,sceptic,0.95270634
activist,activist,0.0007613259
sceptic,activist,0.0385747
sceptic,sceptic,0.8296301
activist,activist,0.0008442883
activist,activist,0.0005582003
activist,activist,0.0005826939
activist,activist,0.056548137
sceptic,sceptic,0.99477994
sceptic,sceptic,0.99971646
sceptic,sceptic,0.6861598
sceptic,sceptic,0.5463973
sceptic,sceptic,0.9974837
activist,activist,0.01627746
sceptic,sceptic,0.98555213
sceptic,sceptic,0.55567634
activist,activist,0.36888868
activist,activist,0.006463138
sceptic,sceptic,0.8472108
activist,activist,0.006917242
sceptic,sceptic,0.9996458
sceptic,sceptic,0.9890343
sceptic,sceptic,0.9991928
sceptic,sceptic,0.99971706
activist,activist,0.0005918646
activist,activist,0.43962705
activist,activist,0.0012545943
activist,activist,0.0010202174
activist,activist,0.0012065897
activist,activist,0.032405518
sceptic,sceptic,0.99973875
sceptic,sceptic,0.99907637
activist,activist,0.4581593
sceptic,sceptic,0.7251137
sceptic,sceptic,0.99705935
activist,activist,0.00049747445
sceptic,activist,0.3422967
sceptic,sceptic,0.9995703
activist,activist,0.0766838
activist,activist,0.40256825
activist,activist,0.0005884088
activist,activist,0.0006838353
sceptic,sceptic,0.9994611
sceptic,sceptic,0.99947053
sceptic,activist,0.0992954
activist,activist,0.002406089
sceptic,sceptic,0.93721074
sceptic,sceptic,0.9783433
sceptic,sceptic,0.8693268
sceptic,sceptic,0.9966299
sceptic,sceptic,0.99928755
activist,activist,0.0008199321
sceptic,sceptic,0.99826247
sceptic,activist,0.3390065
sceptic,sceptic,0.99903595
sceptic,sceptic,0.61912596
sceptic,sceptic,0.99970573
activist,activist,0.00063495064
activist,activist,0.0022300123
activist,activist,0.0014437558
activist,activist,0.0005243984
activist,activist,0.1176228
activist,activist,0.0014437558
sceptic,sceptic,0.99893504
activist,activist,0.0011513996
sceptic,sceptic,0.99974483
sceptic,sceptic,0.99968684
activist,sceptic,0.723456
activist,activist,0.0022606407
activist,activist,0.030559864
sceptic,sceptic,0.99936384
activist,activist,0.00055602525
activist,activist,0.00084264233
sceptic,sceptic,0.9614615
activist,activist,0.021512313
activist,activist,0.00088304584
sceptic,sceptic,0.99961996
sceptic,sceptic,0.9924374
activist,activist,0.00079008617
sceptic,sceptic,0.9995461
sceptic,sceptic,0.99973875
sceptic,sceptic,0.9997154
activist,activist,0.35619467
sceptic,sceptic,0.99374664
sceptic,sceptic,0.998147
sceptic,sceptic,0.99447733
activist,activist,0.016882466
activist,activist,0.082180254
sceptic,sceptic,0.8967949
activist,activist,0.0024534282
sceptic,sceptic,0.73696893
activist,activist,0.016355833
sceptic,sceptic,0.99972993
activist,activist,0.0016974094
sceptic,sceptic,0.8458788
activist,activist,0.008594111
sceptic,activist,0.0030337367
activist,activist,0.0006462033
sceptic,sceptic,0.9869544
sceptic,sceptic,0.97828114
sceptic,sceptic,0.9969187
activist,activist,0.0006202512
sceptic,sceptic,0.96580297
activist,activist,0.00052747846
sceptic,sceptic,0.91413754
sceptic,sceptic,0.8818186
sceptic,sceptic,0.99944824
activist,activist,0.17490299
activist,activist,0.0006154273
activist,activist,0.0013696945
activist,activist,0.32750696
activist,activist,0.0037434977
activist,activist,0.0020427648
sceptic,sceptic,0.99947053
activist,activist,0.0005636751
sceptic,sceptic,0.9951514
activist,activist,0.01461567
sceptic,sceptic,0.9701552
sceptic,sceptic,0.9993255
sceptic,sceptic,0.99973875
activist,activist,0.002621441
sceptic,sceptic,0.9992267
sceptic,sceptic,0.96360916
activist,activist,0.00049747445
sceptic,sceptic,0.86425316
sceptic,activist,0.37496233
activist,activist,0.0004255431
sceptic,sceptic,0.9997181
sceptic,sceptic,0.99963164
sceptic,sceptic,0.9961681
activist,activist,0.002969445
sceptic,sceptic,0.9989371
activist,activist,0.004962942
activist,activist,0.0033504234
sceptic,sceptic,0.9997086
activist,activist,0.0050114016
sceptic,sceptic,0.99913067
activist,activist,0.035078675
sceptic,sceptic,0.99973875
activist,activist,0.00059071044
sceptic,sceptic,0.9956006
activist,activist,0.011732466
sceptic,sceptic,0.980053
activist,activist,0.00071802974
activist,activist,0.011687259
activist,activist,0.00079162966
activist,sceptic,0.998784
sceptic,sceptic,0.99293363
activist,activist,0.0028504555
activist,activist,0.03504564
sceptic,sceptic,0.99972254
sceptic,sceptic,0.99273914
activist,activist,0.03803509
sceptic,sceptic,0.99806195
activist,activist,0.013795364
sceptic,sceptic,0.93880075
sceptic,sceptic,0.9996673
sceptic,sceptic,0.99975365
sceptic,sceptic,0.9996929
activist,sceptic,0.6890441
sceptic,sceptic,0.9996724
sceptic,sceptic,0.9996526
sceptic,sceptic,0.9320833
activist,activist,0.0005495509
sceptic,sceptic,0.9597998
activist,activist,0.003678509
sceptic,activist,0.40092528
activist,activist,0.006302122
sceptic,sceptic,0.9997203
activist,activist,0.00063495064
activist,activist,0.004451041
activist,activist,0.07456762
activist,activist,0.0011649561
sceptic,sceptic,0.99970573
activist,activist,0.105210535
sceptic,sceptic,0.9913726
activist,activist,0.00063495064
sceptic,sceptic,0.9713746
sceptic,sceptic,0.99664956
activist,activist,0.0007110568
sceptic,sceptic,0.7693403
activist,activist,0.0012843083
activist,activist,0.0018458483
activist,activist,0.003160353
activist,activist,0.0020992733
sceptic,sceptic,0.9742639
activist,activist,0.00047749258
activist,activist,0.0012843083
sceptic,activist,0.21354114
activist,activist,0.064830884
sceptic,sceptic,0.99967873
sceptic,sceptic,0.9997154
activist,activist,0.0011536479
activist,activist,0.4889659
activist,activist,0.00079162966
activist,activist,0.0022040892
activist,activist,0.07504072
sceptic,sceptic,0.99972624
sceptic,sceptic,0.9801103
activist,activist,0.0012818055
activist,activist,0.3295535
sceptic,sceptic,0.9997154
sceptic,sceptic,0.9943141
activist,activist,0.0011380006
sceptic,sceptic,0.99948573
sceptic,sceptic,0.70997524
sceptic,sceptic,0.9997398
activist,activist,0.0013121625
activist,activist,0.00061064085
activist,activist,0.0007672925
sceptic,sceptic,0.9997434
activist,activist,0.0006449432
activist,activist,0.019889742
activist,activist,0.0005152657
activist,activist,0.00089519075
sceptic,sceptic,0.91436726
activist,activist,0.08678673
activist,activist,0.0033634927
activist,activist,0.020944208
sceptic,sceptic,0.99521697
activist,activist,0.006121282
sceptic,sceptic,0.9951984
sceptic,sceptic,0.9995443
sceptic,sceptic,0.94138527
sceptic,sceptic,0.99609274
activist,activist,0.0006785172
sceptic,sceptic,0.99972945
activist,activist,0.00079162966
sceptic,sceptic,0.8946515
activist,activist,0.44016844
activist,activist,0.00083446025
activist,activist,0.008046387
sceptic,sceptic,0.9836285
sceptic,sceptic,0.9984269
activist,activist,0.0010403185
sceptic,sceptic,0.982591
sceptic,sceptic,0.99228936
activist,activist,0.0033569518
sceptic,activist,0.13933781
sceptic,sceptic,0.9991623
sceptic,sceptic,0.99956185
sceptic,sceptic,0.9945095
activist,activist,0.0032224844
activist,activist,0.0011008767
activist,activist,0.033684738
activist,activist,0.0004945695
activist,activist,0.0010182288
activist,activist,0.0017240938
activist,activist,0.0005399804
sceptic,sceptic,0.9995566
activist,activist,0.0007293288
sceptic,sceptic,0.99970347
activist,activist,0.0019267346
activist,activist,0.0006589401
sceptic,sceptic,0.99860066
sceptic,sceptic,0.9991374
activist,activist,0.12268078
activist,activist,0.006837205
activist,activist,0.00094546226
activist,activist,0.0010796069
activist,activist,0.12716407
sceptic,activist,0.4796103
activist,activist,0.43932635
activist,activist,0.0062412596
sceptic,sceptic,0.99849296
activist,activist,0.0025016968
activist,activist,0.004166256
sceptic,sceptic,0.99973315
sceptic,sceptic,0.9685006
activist,activist,0.0010649626
activist,activist,0.0095224865
activist,activist,0.0012160417
activist,activist,0.20825943
sceptic,sceptic,0.99442345
sceptic,sceptic,0.96458924
sceptic,sceptic,0.99972194
sceptic,sceptic,0.99970454
sceptic,sceptic,0.9441254
sceptic,sceptic,0.69616497
activist,activist,0.0014607495
sceptic,sceptic,0.9995479
sceptic,sceptic,0.70385486
sceptic,sceptic,0.99944717
activist,activist,0.0016420666
activist,activist,0.00063124346
activist,sceptic,0.5639484
activist,activist,0.00045563653
sceptic,activist,0.03642515
activist,activist,0.0006487309
activist,activist,0.0014924251
activist,activist,0.0054059
sceptic,sceptic,0.93158704
sceptic,sceptic,0.9996886
sceptic,sceptic,0.99954176
sceptic,sceptic,0.9842306
sceptic,sceptic,0.99583375
sceptic,sceptic,0.99771273
sceptic,sceptic,0.999729
sceptic,sceptic,0.999723
activist,activist,0.0013198635
activist,activist,0.043895528
activist,activist,0.10167861
activist,activist,0.0005132578
activist,activist,0.003846872
activist,activist,0.0013537587
sceptic,sceptic,0.99970573
activist,activist,0.0007096704
activist,activist,0.002828336
sceptic,sceptic,0.9967775
activist,activist,0.0008247465
sceptic,sceptic,0.99974436
activist,activist,0.0020587533
activist,activist,0.0004664366
sceptic,sceptic,0.999723
sceptic,sceptic,0.99527246
activist,activist,0.00092900335
sceptic,sceptic,0.8833366
sceptic,sceptic,0.9990728
activist,activist,0.0006589401
activist,activist,0.00074661145
activist,activist,0.0005368274
activist,activist,0.00070140825
activist,activist,0.007665875
activist,activist,0.009504082
sceptic,sceptic,0.9997192
activist,activist,0.0047644526
activist,activist,0.0015367271
activist,activist,0.0006178345
sceptic,sceptic,0.9645559
sceptic,sceptic,0.99958915
activist,activist,0.010013569
sceptic,activist,0.013584394
sceptic,sceptic,0.9997086
activist,activist,0.0017409837
activist,activist,0.0011902251
activist,activist,0.0006411777
activist,activist,0.00063495064
activist,activist,0.00088304584
activist,activist,0.0012693644
activist,activist,0.21526825
activist,activist,0.0015070488
activist,activist,0.19436781
activist,activist,0.031291503
sceptic,sceptic,0.99974877
sceptic,sceptic,0.9986878
sceptic,activist,0.043406326
activist,activist,0.020626193
sceptic,sceptic,0.9810037
activist,activist,0.0036642202
activist,sceptic,0.7151257
activist,activist,0.3835547
activist,activist,0.005281334
activist,activist,0.008364238
activist,activist,0.0011402229
sceptic,sceptic,0.9997439
activist,activist,0.0009888597
sceptic,sceptic,0.9333701
sceptic,sceptic,0.99097973
sceptic,sceptic,0.9445361
activist,activist,0.00102221
activist,activist,0.018546565
sceptic,sceptic,0.9997378
activist,activist,0.0021074724
activist,activist,0.0027846089
sceptic,activist,0.0015792594
sceptic,sceptic,0.9941347
activist,activist,0.0019080463
activist,activist,0.3520904
activist,activist,0.00206277
activist,activist,0.00046280847
sceptic,sceptic,0.9997408
sceptic,sceptic,0.99969935
sceptic,sceptic,0.9928786
activist,activist,0.0020547444
activist,activist,0.01919745
activist,activist,0.0019192374
activist,activist,0.00058955856
activist,activist,0.00084264233
activist,sceptic,0.9901592
sceptic,activist,0.007039046
sceptic,sceptic,0.9946464
sceptic,sceptic,0.9826909
sceptic,sceptic,0.99958426
sceptic,sceptic,0.99939406
sceptic,activist,0.47572273
sceptic,sceptic,0.9997428
activist,activist,0.0830685
sceptic,sceptic,0.93403506
activist,activist,0.0013643618
sceptic,activist,0.33296075
sceptic,sceptic,0.9997247
activist,activist,0.0009417797
sceptic,sceptic,0.9997316
activist,activist,0.0006011795
sceptic,activist,0.27649516
activist,activist,0.03465149
sceptic,sceptic,0.9421352
activist,activist,0.0030873693
activist,activist,0.0023276936
activist,sceptic,0.6916015
activist,activist,0.00062267727
activist,activist,0.026912306
sceptic,sceptic,0.98237246
activist,activist,0.00072224624
sceptic,activist,0.4547824
activist,activist,0.0005452766
activist,activist,0.0010024584
activist,activist,0.1895961
sceptic,sceptic,0.538221
sceptic,sceptic,0.7096735
activist,activist,0.0049725967
sceptic,sceptic,0.999723
activist,activist,0.00084264233
activist,activist,0.0010505168
activist,activist,0.008364238
sceptic,sceptic,0.99973875
sceptic,sceptic,0.99953353
sceptic,sceptic,0.9994746
activist,activist,0.013821961
sceptic,sceptic,0.99837387
sceptic,sceptic,0.9838472
activist,activist,0.0058996035
sceptic,sceptic,0.9947901
activist,activist,0.00076281314
sceptic,sceptic,0.99915576
sceptic,sceptic,0.999729
sceptic,sceptic,0.96829146
activist,activist,0.06307716
sceptic,sceptic,0.99971086
activist,activist,0.062617026
sceptic,sceptic,0.99804294
activist,activist,0.0005442133
activist,activist,0.004848533
sceptic,activist,0.48457825
sceptic,activist,0.47551778
sceptic,sceptic,0.9996513
activist,activist,0.0014437558
sceptic,sceptic,0.9993575
sceptic,sceptic,0.99975365
activist,sceptic,0.6468786
activist,activist,0.004943689
activist,activist,0.0023688741
sceptic,sceptic,0.9631959
activist,sceptic,0.7421882
sceptic,sceptic,0.99972624
activist,activist,0.00078088854
sceptic,sceptic,0.9977437
activist,activist,0.0415011
activist,activist,0.23616374
activist,activist,0.004339933
activist,activist,0.0004916815
sceptic,activist,0.01533582
activist,activist,0.005797401
activist,activist,0.0094490815
activist,activist,0.0009181901
activist,activist,0.06198946
activist,activist,0.032009806
sceptic,sceptic,0.87663436
sceptic,sceptic,0.9750598
activist,activist,0.0021657674
sceptic,sceptic,0.9997154
activist,activist,0.00064999826
activist,activist,0.12825194
activist,activist,0.32268605
sceptic,sceptic,0.97032446
activist,activist,0.002007242
sceptic,sceptic,0.99765414
sceptic,activist,0.24807853
activist,activist,0.002387409
activist,activist,0.01048909
sceptic,sceptic,0.9508236
activist,activist,0.0042315875
activist,sceptic,0.9431384
activist,activist,0.0019117693
activist,activist,0.0013198635
activist,activist,0.00066151744
sceptic,sceptic,0.99688846
sceptic,sceptic,0.999673
activist,activist,0.00055494095
activist,activist,0.023153413
activist,activist,0.0013511209
activist,activist,0.00052850915
activist,sceptic,0.6771539
activist,activist,0.000603531
activist,sceptic,0.9872773
sceptic,sceptic,0.9997527
sceptic,sceptic,0.9997086
sceptic,sceptic,0.9994407
sceptic,sceptic,0.9994374
activist,activist,0.030646777
activist,sceptic,0.9657707
sceptic,sceptic,0.999731
sceptic,sceptic,0.999723
activist,activist,0.007861458
sceptic,sceptic,0.9996331
activist,activist,0.0018422535
sceptic,activist,0.026405519
sceptic,sceptic,0.99469805
activist,activist,0.0021447653
sceptic,sceptic,0.9956346
sceptic,sceptic,0.99971026
activist,activist,0.0007687913
activist,activist,0.0008072305
activist,activist,0.002387409
sceptic,sceptic,0.99806195
sceptic,sceptic,0.99849296
sceptic,activist,0.0028393746
activist,activist,0.00050530455
activist,activist,0.0006512682
activist,activist,0.003305079
activist,activist,0.46906942
activist,activist,0.0016613906
activist,activist,0.0009584648
activist,activist,0.0018137436
activist,activist,0.0014437558
activist,activist,0.0008151457
sceptic,sceptic,0.99749833
activist,activist,0.0014048679
activist,activist,0.0009199836
sceptic,sceptic,0.84408796
activist,activist,0.0349467
activist,activist,0.005230278
sceptic,sceptic,0.9997029
activist,sceptic,0.75904685
sceptic,sceptic,0.999723
sceptic,sceptic,0.9997187
activist,activist,0.0005305765
sceptic,sceptic,0.5965507
sceptic,activist,0.27216962
activist,activist,0.00087617995
sceptic,sceptic,0.97029626
activist,activist,0.0053536464
sceptic,activist,0.11884452
sceptic,sceptic,0.97877365
sceptic,sceptic,0.9997148
activist,activist,0.3403207
activist,activist,0.0009678616
sceptic,sceptic,0.9925249
sceptic,sceptic,0.9997398
activist,activist,0.0040543335
activist,activist,0.0010403185
activist,activist,0.0433658
activist,activist,0.0007613259
activist,sceptic,0.88095075
activist,activist,0.0040543335
activist,activist,0.0007613259
activist,activist,0.034880888
activist,activist,0.18469398
activist,activist,0.0014048679
activist,activist,0.0017511968
activist,activist,0.004198795
activist,activist,0.291132
activist,activist,0.0026522595
sceptic,sceptic,0.9997209
activist,activist,0.14432967
sceptic,sceptic,0.91482496
activist,activist,0.0021074724
activist,sceptic,0.7922233
activist,activist,0.0024296434
sceptic,sceptic,0.9831822
activist,activist,0.011266297
sceptic,sceptic,0.9448931
activist,activist,0.27158967
activist,activist,0.0008459375
sceptic,sceptic,0.86448216
activist,activist,0.004297939
activist,activist,0.0008009536
sceptic,activist,0.2052962
sceptic,sceptic,0.99972135
activist,activist,0.0007643033
activist,sceptic,0.9202897
sceptic,activist,0.012053779
activist,activist,0.00092538487
activist,activist,0.0012351678
sceptic,sceptic,0.9997236
activist,activist,0.07456762
activist,activist,0.0032986512
activist,activist,0.36091125
activist,activist,0.0060152626
activist,activist,0.00074515573
activist,activist,0.00063992746
sceptic,sceptic,0.9945201
activist,activist,0.002038787
sceptic,sceptic,0.9997383
activist,activist,0.0033309148
sceptic,sceptic,0.5298298
sceptic,sceptic,0.9500878
activist,activist,0.0067712096
activist,activist,0.005220126
sceptic,sceptic,0.9997367
sceptic,activist,0.31652766
activist,activist,0.0014522278
activist,activist,0.0030160663
activist,activist,0.012661521
sceptic,sceptic,0.9632651
activist,activist,0.00046917636
sceptic,sceptic,0.9940659
sceptic,sceptic,0.99196917
activist,activist,0.0005495509
activist,activist,0.00052747846
activist,sceptic,0.58296597
sceptic,sceptic,0.99970514
activist,activist,0.00052747846
sceptic,sceptic,0.9700135
activist,activist,0.14529718
activist,activist,0.00063495064
sceptic,sceptic,0.99469805
activist,activist,0.0063883206
activist,activist,0.00091640017
activist,activist,0.00062389387
activist,activist,0.03135076
sceptic,sceptic,0.99971753
activist,activist,0.00048217614
sceptic,activist,0.28582028
activist,activist,0.017593754
sceptic,sceptic,0.9951514
activist,activist,0.0007000407
sceptic,sceptic,0.99381906
activist,activist,0.00096975197
activist,activist,0.0005625758
activist,activist,0.08071905
activist,activist,0.0065642493
sceptic,sceptic,0.99842995
activist,activist,0.0005884088
activist,activist,0.0043653254
sceptic,sceptic,0.99966204
activist,activist,0.0010987311
sceptic,sceptic,0.99401975
sceptic,sceptic,0.9992084
activist,activist,0.037999377
activist,activist,0.00054103555
activist,activist,0.00072365726
activist,activist,0.33703986
sceptic,sceptic,0.8899121
sceptic,sceptic,0.99854773
activist,activist,0.0013354007
sceptic,sceptic,0.9997358
sceptic,sceptic,0.9987503
activist,activist,0.00093994394
sceptic,sceptic,0.9966168
activist,activist,0.0006190416
activist,activist,0.0045916834
activist,activist,0.000611834
sceptic,sceptic,0.9992749
activist,activist,0.0007568814
sceptic,sceptic,0.9987405
activist,sceptic,0.6984837
sceptic,activist,0.036908068
sceptic,sceptic,0.99973255
activist,activist,0.004876887
activist,activist,0.00086767256
activist,activist,0.00064999826
activist,activist,0.0013993984
activist,activist,0.04111437
activist,sceptic,0.9128255
sceptic,sceptic,0.9997187
activist,activist,0.0056748753
sceptic,sceptic,0.9997284
activist,activist,0.0036358088
activist,activist,0.0017106996
sceptic,sceptic,0.99972135
activist,activist,0.0006798429
activist,activist,0.14116298
activist,sceptic,0.97608364
activist,activist,0.0013019645
sceptic,sceptic,0.9997508
activist,activist,0.0031542056
activist,activist,0.0019304943
activist,sceptic,0.9574771
sceptic,sceptic,0.99913067
activist,activist,0.0019532058
sceptic,activist,0.22528876
sceptic,sceptic,0.99966
activist,activist,0.0018386653
activist,sceptic,0.7488577
activist,activist,0.01561854
sceptic,sceptic,0.9996026
sceptic,sceptic,0.8071568
activist,activist,0.0033634927
activist,activist,0.0071629784
sceptic,sceptic,0.99938095
sceptic,activist,0.06330841
activist,activist,0.007176882
activist,activist,0.0007495314
activist,activist,0.041037437
activist,sceptic,0.6454552
activist,activist,0.0010423502
activist,activist,0.45785245
activist,activist,0.0016875096
activist,activist,0.12506539
sceptic,sceptic,0.9997316
activist,activist,0.0026061658
activist,activist,0.046248805
sceptic,sceptic,0.99772614
activist,activist,0.00093994394
activist,activist,0.003396388
sceptic,sceptic,0.99944717
sceptic,sceptic,0.93403506
sceptic,sceptic,0.98801583
sceptic,sceptic,0.97482115
activist,activist,0.0048579657
activist,activist,0.000865981
sceptic,activist,0.3443332
sceptic,sceptic,0.705227
sceptic,sceptic,0.99968624
activist,activist,0.004886375
activist,activist,0.000603531
sceptic,sceptic,0.99973255
activist,activist,0.14829372
activist,sceptic,0.68326104
activist,activist,0.004015092
sceptic,sceptic,0.9997305
activist,sceptic,0.53952914
sceptic,sceptic,0.999566
sceptic,activist,0.2307464
activist,activist,0.0009308179
sceptic,sceptic,0.9997203
activist,activist,0.0025859366
sceptic,sceptic,0.99631435
activist,sceptic,0.6461812
activist,activist,0.005312205
activist,activist,0.000725071
sceptic,sceptic,0.9996886
activist,activist,0.03882902
sceptic,sceptic,0.99923575
sceptic,sceptic,0.99971205
activist,activist,0.024030639
activist,sceptic,0.8146434
activist,activist,0.0014353332
activist,activist,0.00044508645
sceptic,activist,0.46928462
activist,activist,0.0011740823
sceptic,sceptic,0.9990545
activist,activist,0.002195515
sceptic,sceptic,0.60673153
activist,sceptic,0.9888204
sceptic,sceptic,0.99955755
activist,sceptic,0.97962874
sceptic,sceptic,0.9997358
activist,activist,0.0006487309
activist,activist,0.0005092657
sceptic,sceptic,0.99968123
activist,activist,0.0018137436
sceptic,activist,0.457523
activist,activist,0.005786155
activist,activist,0.0010546242
activist,activist,0.0004888105
activist,activist,0.0012943681
activist,activist,0.0005254231
activist,activist,0.0014437558
activist,activist,0.16165082
activist,activist,0.0012668908
activist,activist,0.0019192374
activist,activist,0.002225671
sceptic,activist,0.008660931
activist,sceptic,0.5425111
sceptic,sceptic,0.99738365
activist,activist,0.005384938
sceptic,sceptic,0.9994715
sceptic,activist,0.009285965
sceptic,sceptic,0.94463825
activist,sceptic,0.60471994
activist,activist,0.00043990326
activist,activist,0.0016420666
sceptic,sceptic,0.9953544
activist,activist,0.0475584
activist,activist,0.0015070488
activist,activist,0.0005043191
sceptic,sceptic,0.9997279
activist,activist,0.0018821859
sceptic,sceptic,0.998147
sceptic,sceptic,0.97865146
activist,activist,0.0037580945
activist,activist,0.0245397
activist,activist,0.058078147
activist,sceptic,0.99460465
activist,activist,0.00075984147
sceptic,sceptic,0.81167597
activist,activist,0.0010484692
sceptic,sceptic,0.99973875
activist,activist,0.008061991
activist,activist,0.0067712096
activist,activist,0.0009528706
sceptic,sceptic,0.965152
sceptic,sceptic,0.9928786
sceptic,sceptic,0.9997284
sceptic,sceptic,0.8038676
sceptic,sceptic,0.99927205
sceptic,sceptic,0.9996983
activist,activist,0.00063495064
activist,activist,0.31526145
activist,activist,0.04115289
activist,activist,0.0015947327
sceptic,sceptic,0.9933589
sceptic,sceptic,0.9995103
activist,activist,0.036185976
sceptic,sceptic,0.9923044
activist,sceptic,0.60100096
activist,activist,0.07230848
activist,activist,0.00053578056
activist,activist,0.042403832
sceptic,sceptic,0.9950563
activist,activist,0.0014437558
activist,activist,0.00052954187
activist,activist,0.007665875
sceptic,sceptic,0.99876
activist,activist,0.05444958
sceptic,sceptic,0.99936634
sceptic,sceptic,0.9775858
activist,activist,0.0006374342
